num,id,name,price,rating,review,rank,img_src,url
1,B08P3SVWFR,StarKist Premium White Chicken - 2.6 oz Pouch (Pack of 12),out of stock,4.7 out of 5 stars,130,not be a best,https://m.media-amazon.com/images/I/9143HeN-WJL._AC_UL320_.jpg,https://www.amazon.com//StarKist-Premium-White-Chicken-Pouch/dp/B08P3SVWFR/ref=sr_1_2?crid=3Q2KXWLT7LP4R&dchild=1&keywords=chicken&qid=1621854970&sprefix=ch%2Caps%2C415&sr=8-2
2,B088829MMM,"Kirkland Signature Chicken Breast, 12.5 oz (6)",$19.16,4.6 out of 5 stars,469,not be a best,https://m.media-amazon.com/images/I/71Fm+GLnVlL._AC_UL320_.jpg,https://www.amazon.com//Kirkland-Signature-Chicken-Breast-12-5/dp/B088829MMM/ref=sr_1_3?crid=3Q2KXWLT7LP4R&dchild=1&keywords=chicken&qid=1621854970&sprefix=ch%2Caps%2C415&sr=8-3
3,B079KPNY1H,"Wellsley Farms White Premium Chunk Chicken Breast in Water, 12.5 Ounce, 6 Count",out of stock,4.7 out of 5 stars,949,not be a best,https://m.media-amazon.com/images/I/71dn+0692AL._AC_UL320_.jpg,https://www.amazon.com//Wellsley-Farms-Premium-Chicken-Breast/dp/B079KPNY1H/ref=sr_1_4?crid=3Q2KXWLT7LP4R&dchild=1&keywords=chicken&qid=1621854970&sprefix=ch%2Caps%2C415&sr=8-4
4,B014S96C9G,Farmland Traditions Dogs Love Chicken Premium Jerky Treats for Dogs (3 lbs. USA Raised Chicken),out of stock,4.7 out of 5 stars,"5,201",not be a best,https://m.media-amazon.com/images/I/81xNl-ZM3jL._AC_UL320_.jpg,https://www.amazon.com//Farmland-Traditions-Chicken-Jerky-Treats/dp/B014S96C9G/ref=sr_1_5?crid=3Q2KXWLT7LP4R&dchild=1&keywords=chicken&qid=1621854970&sprefix=ch%2Caps%2C415&sr=8-5
5,B08881B3J4,"Kirkland Signature Chicken Breast, 12.5 oz - 6 count (Pack of 2) | total 12 count",$29.04,4.7 out of 5 stars,31,not be a best,https://m.media-amazon.com/images/I/71PjNGSQXLL._AC_UL320_.jpg,https://www.amazon.com//Kirkland-Signature-Chicken-Breast-12-5/dp/B08881B3J4/ref=sr_1_6?crid=3Q2KXWLT7LP4R&dchild=1&keywords=chicken&qid=1621854970&sprefix=ch%2Caps%2C415&sr=8-6
6,B079VPG13J,"Mary's, Ground Chicken Breast, 16 oz",out of stock,4.7 out of 5 stars,449,not be a best,https://m.media-amazon.com/images/I/81S71g3D+UL._AC_UL320_.jpg,https://www.amazon.com//MARYS-CHICKEN-Ground-Chicken-Breast/dp/B079VPG13J/ref=sr_1_7?crid=3Q2KXWLT7LP4R&dchild=1&keywords=chicken&qid=1621854970&sprefix=ch%2Caps%2C415&sr=8-7
7,B07P53PT6H,"Chicken In A Biskit Baked Snack Crackers, 12 oz (Pack of 4)",out of stock,4.6 out of 5 stars,50,not be a best,https://m.media-amazon.com/images/I/61T9HYJ095L._AC_UL320_.jpg,https://www.amazon.com//Chicken-Biskit-Baked-Snack-Crackers/dp/B07P53PT6H/ref=sr_1_8?crid=3Q2KXWLT7LP4R&dchild=1&keywords=chicken&qid=1621854970&sprefix=ch%2Caps%2C415&sr=8-8
8,B086WQXFJG,"Flock Keto Chicken Skin Chips | 100% Real Chicken | Low Carb, High Protein, Sugar Free, Gluten Free Single Serve Snack| Original Flavor, 8-Pack",out of stock,3.3 out of 5 stars,"1,811",not be a best,https://m.media-amazon.com/images/I/71MLljSv4ZL._AC_UL320_.jpg,https://www.amazon.com//Flock-Chicken-Protein-Gluten-Original/dp/B086WQXFJG/ref=sr_1_9?crid=3Q2KXWLT7LP4R&dchild=1&keywords=chicken&qid=1621854970&sprefix=ch%2Caps%2C415&sr=8-9
9,B00BFITRRS,Weber Kick'n Chicken Seasoning 22 Oz. Made with Sea Salt - No MSG - Gluten Free - Perfect for Grilling,$13.99,4.9 out of 5 stars,"1,697",Best Seller,https://m.media-amazon.com/images/I/81sHtO0vAYL._AC_UL320_.jpg,https://www.amazon.com//Weber-Kickn-Chicken-Seasoning-Made/dp/B00BFITRRS/ref=sr_1_10?crid=3Q2KXWLT7LP4R&dchild=1&keywords=chicken&qid=1621854970&sprefix=ch%2Caps%2C415&sr=8-10
10,B01BUDZIK2,"Wild Planet Organic Roasted Chicken Breast, 5 Ounce (Pack of 12)",$58.84,4.5 out of 5 stars,147,not be a best,https://m.media-amazon.com/images/I/61xsZko4bNL._AC_UL320_.jpg,https://www.amazon.com//Wild-Planet-Organic-Roasted-Chicken/dp/B01BUDZIK2/ref=sr_1_11?crid=3Q2KXWLT7LP4R&dchild=1&keywords=chicken&qid=1621854970&sprefix=ch%2Caps%2C415&sr=8-11
11,B073NNB89K,Knorr Chicken Flavor Bouillon (1-JAR) (NET WT 15.9 OZ),out of stock,4.7 out of 5 stars,331,not be a best,https://m.media-amazon.com/images/I/513c4QR6krL._AC_UL320_.jpg,https://www.amazon.com//Knorr-Chicken-Flavor-Bouillon-1-JAR/dp/B073NNB89K/ref=sr_1_12?crid=3Q2KXWLT7LP4R&dchild=1&keywords=chicken&qid=1621854970&sprefix=ch%2Caps%2C415&sr=8-12
12,B075S34DTD,"Maruchan Instant Lunch Chicken Tortilla, 2.25 Oz, Pack of 12",out of stock,4.6 out of 5 stars,"24,798",not be a best,https://m.media-amazon.com/images/I/91YIerknXwL._AC_UL320_.jpg,https://www.amazon.com//Maruchan-Instant-Lunch-Chicken-Tortilla/dp/B075S34DTD/ref=sr_1_13?crid=3Q2KXWLT7LP4R&dchild=1&keywords=chicken&qid=1621854970&sprefix=ch%2Caps%2C415&sr=8-13
13,B01H65IUUI,"Howard's Crispy Fried Chicken Skins - Chicharrones de Pollo, 1.5oz, Pack of 4",out of stock,3.5 out of 5 stars,"1,234",not be a best,https://m.media-amazon.com/images/I/81fOqt9WvbL._AC_UL320_.jpg,https://www.amazon.com//Howards-Crispy-Fried-Chicken-Skins/dp/B01H65IUUI/ref=sr_1_14?crid=3Q2KXWLT7LP4R&dchild=1&keywords=chicken&qid=1621854970&sprefix=ch%2Caps%2C415&sr=8-14
14,B076CSR2J2,Kirkland Recipes Recettes Premium Chunk Chicken Breast in Water (3 - 12.5oz cans),$12.84,4.6 out of 5 stars,75,not be a best,https://m.media-amazon.com/images/I/811p4QNqlBL._AC_UL320_.jpg,https://www.amazon.com//Kirkland-Recipes-Recettes-Premium-Chicken/dp/B076CSR2J2/ref=sr_1_15?crid=3Q2KXWLT7LP4R&dchild=1&keywords=chicken&qid=1621854970&sprefix=ch%2Caps%2C415&sr=8-15
15,B01J38CP98,"Swanson Chicken & Dumplings Made with White & Dark Chicken Meat, 10.5 Ounce Can, Pack of 12",out of stock,4.5 out of 5 stars,568,not be a best,https://m.media-amazon.com/images/I/81zKkNZnhCL._AC_UL320_.jpg,https://www.amazon.com//Swanson-Chicken-Dumplings-Soup-10-5/dp/B01J38CP98/ref=sr_1_16?crid=3Q2KXWLT7LP4R&dchild=1&keywords=chicken&qid=1621854970&sprefix=ch%2Caps%2C415&sr=8-16
16,B00J4B1JA6,"Minor's Chicken Base and Stock, Great for Soups and Sauces, 0 Grams Trans Fat, Poultry Flavor, 16 oz",$12.99,4.7 out of 5 stars,"3,000",not be a best,https://m.media-amazon.com/images/I/91Gnm+VdTBL._AC_UL320_.jpg,https://www.amazon.com//Minors-Chicken-Base-16-Ounce/dp/B00J4B1JA6/ref=sr_1_17?crid=3Q2KXWLT7LP4R&dchild=1&keywords=chicken&qid=1621854970&sprefix=ch%2Caps%2C415&sr=8-17
17,B07J46LKRR,"Valley Fresh Chunk Chicken, 5 oz , Pack of 24",out of stock,4.6 out of 5 stars,126,not be a best,https://m.media-amazon.com/images/I/51gZYWGzCfL._AC_UL320_.jpg,https://www.amazon.com//Valley-Fresh-Chunk-Chicken-Pack/dp/B07J46LKRR/ref=sr_1_18?crid=3Q2KXWLT7LP4R&dchild=1&keywords=chicken&qid=1621854970&sprefix=ch%2Caps%2C415&sr=8-18
18,B093YVNJZC,Lay's Wavy Jerk Chicken (pack of 2),out of stock,5.0 out of 5 stars,1,not be a best,https://m.media-amazon.com/images/I/41EXgq-JJ1S._AC_UL320_.jpg,https://www.amazon.com//Lays-Wavy-Jerk-Chicken-pack/dp/B093YVNJZC/ref=sr_1_19?crid=3Q2KXWLT7LP4R&dchild=1&keywords=chicken&qid=1621854970&sprefix=ch%2Caps%2C415&sr=8-19
19,B07DZQS1VN,"Chef's Cut Real Smoked Chicken Breast Honey Barbecue Jerky, 14 Ounce",out of stock,4.1 out of 5 stars,115,not be a best,https://m.media-amazon.com/images/I/71C8FAfGUKL._AC_UL320_.jpg,https://www.amazon.com//Chefs-Cut-Smoked-Chicken-Barbecue/dp/B07DZQS1VN/ref=sr_1_20?crid=3Q2KXWLT7LP4R&dchild=1&keywords=chicken&qid=1621854970&sprefix=ch%2Caps%2C415&sr=8-20
20,B000OU1Z5A,"Hormel COMPLEATS Chicken Alfredo, 10 Ounce (Pack of 6)",out of stock,4.4 out of 5 stars,"8,500",not be a best,https://m.media-amazon.com/images/I/61XpV2tyJHL._AC_UL320_.jpg,https://www.amazon.com//Hormel-Compleats-Chicken-Alfredo-Ounce/dp/B000OU1Z5A/ref=sr_1_21?crid=3Q2KXWLT7LP4R&dchild=1&keywords=chicken&qid=1621854970&sprefix=ch%2Caps%2C415&sr=8-21
21,B08KNT4J48,"Maruchan Ramen Noodle Soup, Creamy Chicken Flavor (3 oz), 12 count",$12.95,4.5 out of 5 stars,177,not be a best,https://m.media-amazon.com/images/I/61TjfSKUPfL._AC_UL320_.jpg,https://www.amazon.com//Maruchan-Noodle-Creamy-Chicken-Flavor/dp/B08KNT4J48/ref=sr_1_22?crid=3Q2KXWLT7LP4R&dchild=1&keywords=chicken&qid=1621854970&sprefix=ch%2Caps%2C415&sr=8-22
22,B000EOXQRG,Lipton Cup-a-Soup Instant Soup For a Warm Cup of Soup Cream of Chicken Only 60 Calories Per Serving 2.4 Oz 4 Count (12 Pack),$28.26,4.6 out of 5 stars,"2,422",not be a best,https://m.media-amazon.com/images/I/819CIIt8SSL._AC_UL320_.jpg,https://www.amazon.com//Lipton-Soup-Instant-Cream-Chicken/dp/B000EOXQRG/ref=sr_1_23?crid=3Q2KXWLT7LP4R&dchild=1&keywords=chicken&qid=1621854970&sprefix=ch%2Caps%2C415&sr=8-23
23,B007YJVEHS,"Swanson Chicken A la King, 10.5 Ounce(Pack of 6)",$26.01,4.5 out of 5 stars,318,not be a best,https://m.media-amazon.com/images/I/61gPc8EKqhL._AC_UL320_.jpg,https://www.amazon.com//Swanson-Chicken-King-10-5-Ounce/dp/B007YJVEHS/ref=sr_1_24?crid=3Q2KXWLT7LP4R&dchild=1&keywords=chicken&qid=1621854970&sprefix=ch%2Caps%2C415&sr=8-24
24,B06X3XR7HR,"Savory Choice Chicken Broth Concentrate, 5.1 Ounce (Pack of 2)",$17.25,4.8 out of 5 stars,820,not be a best,https://m.media-amazon.com/images/I/615kJARxCLL._AC_UL320_.jpg,https://www.amazon.com//Savory-Choice-Chicken-Broth-Concentrate/dp/B06X3XR7HR/ref=sr_1_25?crid=3Q2KXWLT7LP4R&dchild=1&keywords=chicken&qid=1621854970&sprefix=ch%2Caps%2C415&sr=8-25
25,B0087E4584,Hormel Herb Ox Chicken Bouillon 50 Packets,out of stock,4.7 out of 5 stars,"1,818",not be a best,https://m.media-amazon.com/images/I/917-Zofm-OL._AC_UL320_.jpg,https://www.amazon.com//Hormel-Herb-Chicken-Bouillon-Packets/dp/B0087E4584/ref=sr_1_29?crid=3Q2KXWLT7LP4R&dchild=1&keywords=chicken&qid=1621854970&sprefix=ch%2Caps%2C415&sr=8-29
26,B004S04X56,"Hormel Premium Canned Chunk Chicken Breast in Water, 5 Ounce (Pack of 12)",$33.00,4.7 out of 5 stars,22,not be a best,https://m.media-amazon.com/images/I/81k5xMPAZPL._AC_UL320_.jpg,https://www.amazon.com//Hormel-Premium-Canned-Chicken-Breast/dp/B004S04X56/ref=sr_1_30?crid=3Q2KXWLT7LP4R&dchild=1&keywords=chicken&qid=1621854970&sprefix=ch%2Caps%2C415&sr=8-30
27,B00542M50W,"McCormick Grill Mates Montreal Chicken Seasoning, 23 oz",out of stock,4.8 out of 5 stars,"1,745",not be a best,https://m.media-amazon.com/images/I/91rtilX+jUL._AC_UL320_.jpg,https://www.amazon.com//McCormick-Grill-Montreal-Chicken-Seasoning/dp/B00542M50W/ref=sr_1_31?crid=3Q2KXWLT7LP4R&dchild=1&keywords=chicken&qid=1621854970&sprefix=ch%2Caps%2C415&sr=8-31
28,B003OB4BOS,"Maruchan Ramen Picante Chicken, 3.0 Oz, Pack of 24",$14.34,4.7 out of 5 stars,"34,060",Best Seller,https://m.media-amazon.com/images/I/91takZ0pzkL._AC_UL320_.jpg,https://www.amazon.com//Maruchan-Ramen-Picante-Chicken-Pack/dp/B003OB4BOS/ref=sr_1_32?crid=3Q2KXWLT7LP4R&dchild=1&keywords=chicken&qid=1621854970&sprefix=ch%2Caps%2C415&sr=8-32
29,B08H21XZRN,"Chick N’ Skin Fried Chicken Skins - Chinese Salt & Pepper Flavor (4Pack) | Keto Friendly Low Carb High Protein Snacks, Light & Crispy, Made with Organic Chicken 2-oz. per Bag",$25.99,3.9 out of 5 stars,278,not be a best,https://m.media-amazon.com/images/I/91NxXtdqB0L._AC_UL320_.jpg,https://www.amazon.com//Chick-Skin-Fried-Chicken-Skins/dp/B08H21XZRN/ref=sr_1_33?crid=3Q2KXWLT7LP4R&dchild=1&keywords=chicken&qid=1621854970&sprefix=ch%2Caps%2C415&sr=8-33
30,B07GBHKYJ3,"UNCLE BEN'S Ready Rice: Roasted Chicken Flavored Rice, Ready to Heat 8.8 Oz Pouches, Pack of 6",out of stock,4.7 out of 5 stars,"6,834",Best Seller,https://m.media-amazon.com/images/I/91U2FlVrkdL._AC_UL320_.jpg,https://www.amazon.com//Uncle-Bens-Ready-Rice-Flavored/dp/B07GBHKYJ3/ref=sr_1_34?crid=3Q2KXWLT7LP4R&dchild=1&keywords=chicken&qid=1621854970&sprefix=ch%2Caps%2C415&sr=8-34
31,B07Q27G3PK,"Zatarain's Chicken Fry Variety Two Pack - Southern Buttermilk Chicken Fry Mix, 9 oz, and New Orleans Style Hot & Spicy Chicken Fry Mix, 9 oz",out of stock,4.4 out of 5 stars,150,not be a best,https://m.media-amazon.com/images/I/71UjuZDsT0L._AC_UL320_.jpg,https://www.amazon.com//Zatarains-Chicken-Fry-Variety-Pack/dp/B07Q27G3PK/ref=sr_1_35?crid=3Q2KXWLT7LP4R&dchild=1&keywords=chicken&qid=1621854970&sprefix=ch%2Caps%2C415&sr=8-35
32,B0727W5494,"Chef's Cut Real Snack Chicken Barbecue Sticks, 1 Ounce (16 Count)",out of stock,4.4 out of 5 stars,634,not be a best,https://m.media-amazon.com/images/I/714hE1-Z25L._AC_UL320_.jpg,https://www.amazon.com//Chefs-Cut-Tender-Chicken-Barbecue/dp/B0727W5494/ref=sr_1_36?crid=3Q2KXWLT7LP4R&dchild=1&keywords=chicken&qid=1621854970&sprefix=ch%2Caps%2C415&sr=8-36
33,B00ZGT808Y,"McCormick Perfect Pinch Rotisserie Chicken Seasoning, 5 oz (Pack of 6)",out of stock,4.8 out of 5 stars,"1,084",not be a best,https://m.media-amazon.com/images/I/61kmKHFtdSL._AC_UL320_.jpg,https://www.amazon.com//McCormick-Perfect-Rotisserie-Chicken-Seasoning/dp/B00ZGT808Y/ref=sr_1_37?crid=3Q2KXWLT7LP4R&dchild=1&keywords=chicken&qid=1621854970&sprefix=ch%2Caps%2C415&sr=8-37
34,B079L3YW8T,"Better Than Bouillon Organic Roasted Chicken Base, Reduced Sodium - 2Pack (16 oz Each) Ykglcd",$22.97,4.8 out of 5 stars,174,not be a best,https://m.media-amazon.com/images/I/51gr5l28p3L._AC_UL320_.jpg,https://www.amazon.com//Better-Than-Bouillon-Organic-Roasted/dp/B079L3YW8T/ref=sr_1_38?crid=3Q2KXWLT7LP4R&dchild=1&keywords=chicken&qid=1621854970&sprefix=ch%2Caps%2C415&sr=8-38
35,B07VBLVZGT,Yakisoba Spicy Chicken Flavor ( New Version ),$19.87,4.6 out of 5 stars,"2,797",not be a best,https://m.media-amazon.com/images/I/61At9tp+OaL._AC_UL320_.jpg,https://www.amazon.com//Yakisoba-Spicy-Chicken-Flavor-Version/dp/B07VBLVZGT/ref=sr_1_39?crid=3Q2KXWLT7LP4R&dchild=1&keywords=chicken&qid=1621854970&sprefix=ch%2Caps%2C415&sr=8-39
36,B01NBSVK0G,Maruchan Ramen Chicken Flavor Noddle Soup 12 Pack (1),$7.95,4.6 out of 5 stars,"2,526",not be a best,https://m.media-amazon.com/images/I/71tnIq3OEsL._AC_UL320_.jpg,https://www.amazon.com//Maruchan-Ramen-Chicken-Flavor-Noddle/dp/B01NBSVK0G/ref=sr_1_40?crid=3Q2KXWLT7LP4R&dchild=1&keywords=chicken&qid=1621854970&sprefix=ch%2Caps%2C415&sr=8-40
37,B019YHTJGA,"SWEET SUE Chunk White Chicken in Water, High Protein Food, Keto Food and Snacks, Gluten Free Food, High Protein Snacks, Bulk Canned Food, 5 Ounce Cans (Pack of 24)",out of stock,4.5 out of 5 stars,874,not be a best,https://m.media-amazon.com/images/I/51RaORk89nL._AC_UL320_.jpg,https://www.amazon.com//Chicken-Protein-Snacks-Gluten-Canned/dp/B019YHTJGA/ref=sr_1_41?crid=3Q2KXWLT7LP4R&dchild=1&keywords=chicken&qid=1621854970&sprefix=ch%2Caps%2C415&sr=8-41
38,B00IB1FCX0,"Maruchan, Yakisoba, Spicy Chicken Noodles (PACK OF 16)",$35.99,4.8 out of 5 stars,57,not be a best,https://m.media-amazon.com/images/I/51Wq3jhkiCL._AC_UL320_.jpg,https://www.amazon.com//Maruchan-Yakisoba-Spicy-Chicken-Noodles/dp/B00IB1FCX0/ref=sr_1_42?crid=3Q2KXWLT7LP4R&dchild=1&keywords=chicken&qid=1621854970&sprefix=ch%2Caps%2C415&sr=8-42
39,B000V17MLS,"Kitchens of India Paste, Butter Chicken Curry, 3.5-Ounces, Pack of 1 (6 count)",$14.63,4.7 out of 5 stars,"2,054",not be a best,https://m.media-amazon.com/images/I/81o0-keOCVL._AC_UL320_.jpg,https://www.amazon.com//Kitchens-India-Butter-Chicken-3-5-Ounces/dp/B000V17MLS/ref=sr_1_43?crid=3Q2KXWLT7LP4R&dchild=1&keywords=chicken&qid=1621854970&sprefix=ch%2Caps%2C415&sr=8-43
40,B0725M6SFK,Traeger Pellet Grills SPC170 Chicken Rub with Citrus and Black Pepper,$9.99,4.7 out of 5 stars,"11,831",Best Seller,https://m.media-amazon.com/images/I/714Bzp86XES._AC_UL320_.jpg,https://www.amazon.com//Traeger-Grills-SPC170-Chicken-Seasoning/dp/B0725M6SFK/ref=sr_1_44?crid=3Q2KXWLT7LP4R&dchild=1&keywords=chicken&qid=1621854970&sprefix=ch%2Caps%2C415&sr=8-44
41,B0077DMWO0,Hormel Herb Ox Chicken Bouillon Sodium Free 50 Packets,$14.99,4.7 out of 5 stars,"2,268",not be a best,https://m.media-amazon.com/images/I/91gn4wBbPAL._AC_UL320_.jpg,https://www.amazon.com//Hormel-Chicken-Bouillon-Sodium-Packets/dp/B0077DMWO0/ref=sr_1_45?crid=3Q2KXWLT7LP4R&dchild=1&keywords=chicken&qid=1621854970&sprefix=ch%2Caps%2C415&sr=8-45
42,B00XYUJ950,Minor's (Original Formula) Chicken Base - 16 Oz. (Pack of 2),out of stock,4.8 out of 5 stars,602,not be a best,https://m.media-amazon.com/images/I/61VBHlJraaL._AC_UL320_.jpg,https://www.amazon.com//Minors-Original-Formula-Chicken-Base/dp/B00XYUJ950/ref=sr_1_46?crid=3Q2KXWLT7LP4R&dchild=1&keywords=chicken&qid=1621854970&sprefix=ch%2Caps%2C415&sr=8-46
43,B019I6AX9Y,"Kitchen Accomplice Reduced Sodium Chicken Broth Concentrate, 12 Ounce",out of stock,4.6 out of 5 stars,"2,898",not be a best,https://m.media-amazon.com/images/I/61MiMYbyswL._AC_UL320_.jpg,https://www.amazon.com//Kitchen-Accomplice-Reduced-Chicken-Concentrate/dp/B019I6AX9Y/ref=sr_1_47?crid=3Q2KXWLT7LP4R&dchild=1&keywords=chicken&qid=1621854970&sprefix=ch%2Caps%2C415&sr=8-47
44,B07RF9P7VV,Chicken,$0.99,2.9 out of 5 stars,6,not be a best,https://m.media-amazon.com/images/I/71Igo1EutOL._AC_UL320_.jpg,https://www.amazon.com//Chicken-Eva-Tausig/dp/B07RF9P7VV/ref=sr_1_48?crid=3Q2KXWLT7LP4R&dchild=1&keywords=chicken&qid=1621854970&sprefix=ch%2Caps%2C415&sr=8-48
45,B094DR55DZ,"Knorr Granulated Bouillon, Chicken Flavor, 7.9 oz (Pack of 2) with By The Cup Swivel Spoon",out of stock,no rating,no review,not be a best,https://m.media-amazon.com/images/I/811PyM1QBxS._AC_UL320_.jpg,https://www.amazon.com//Granulated-Bouillon-Chicken-Flavor-Cup/dp/B094DR55DZ/ref=sr_1_49?crid=3Q2KXWLT7LP4R&dchild=1&keywords=chicken&qid=1621854970&sprefix=ch%2Caps%2C415&sr=8-49
46,B018233TX6,"Betty Crocker Chicken Helper, Fettuccine Alfredo, 8.7 oz (Pack of 12)",$37.40,4.2 out of 5 stars,21,not be a best,https://m.media-amazon.com/images/I/81ESpfq2umL._AC_UL320_.jpg,https://www.amazon.com//Crocker-Chicken-Helper-Fettuccine-Alfredo/dp/B018233TX6/ref=sr_1_50?crid=3Q2KXWLT7LP4R&dchild=1&keywords=chicken&qid=1621854970&sprefix=ch%2Caps%2C415&sr=8-50
47,B00E3AYVA8,Sweet Sue Canned Whole Chicken without Giblets 50oz Can (Pack of 1),out of stock,4.1 out of 5 stars,120,not be a best,https://m.media-amazon.com/images/I/31YPFVcHntL._AC_UL320_.jpg,https://www.amazon.com//Sweet-Sue-Chicken-without-Giblets/dp/B00E3AYVA8/ref=sr_1_51?crid=3Q2KXWLT7LP4R&dchild=1&keywords=chicken&qid=1621854970&sprefix=ch%2Caps%2C415&sr=8-51
48,B081XWR172,"Kirkland Signature Premium Chunk Chicken Breast Packed in Water, 12.5 Ounce, 6 Count - PACK OF 2",$33.95,4.4 out of 5 stars,34,not be a best,https://m.media-amazon.com/images/I/81Pu-1NE++L._AC_UL320_.jpg,https://www.amazon.com//Kirkland-Signature-Premium-Chicken-Breast/dp/B081XWR172/ref=sr_1_52?crid=3Q2KXWLT7LP4R&dchild=1&keywords=chicken&qid=1621854970&sprefix=ch%2Caps%2C415&sr=8-52
49,B08P3SVWFR,StarKist Premium White Chicken - 2.6 oz Pouch (Pack of 12),out of stock,4.7 out of 5 stars,130,not be a best,https://m.media-amazon.com/images/I/9143HeN-WJL._AC_UL320_.jpg,https://www.amazon.com//StarKist-Premium-White-Chicken-Pouch/dp/B08P3SVWFR/ref=sr_1_1?crid=3Q2KXWLT7LP4R&dchild=1&keywords=chicken&qid=1621854982&sprefix=ch%2Caps%2C415&sr=8-1
50,B088829MMM,"Kirkland Signature Chicken Breast, 12.5 oz (6)",$19.16,4.6 out of 5 stars,469,not be a best,https://m.media-amazon.com/images/I/71Fm+GLnVlL._AC_UL320_.jpg,https://www.amazon.com//Kirkland-Signature-Chicken-Breast-12-5/dp/B088829MMM/ref=sr_1_2?crid=3Q2KXWLT7LP4R&dchild=1&keywords=chicken&qid=1621854982&sprefix=ch%2Caps%2C415&sr=8-2
51,B079KPNY1H,"Wellsley Farms White Premium Chunk Chicken Breast in Water, 12.5 Ounce, 6 Count",out of stock,4.7 out of 5 stars,949,not be a best,https://m.media-amazon.com/images/I/71dn+0692AL._AC_UL320_.jpg,https://www.amazon.com//Wellsley-Farms-Premium-Chicken-Breast/dp/B079KPNY1H/ref=sr_1_3?crid=3Q2KXWLT7LP4R&dchild=1&keywords=chicken&qid=1621854982&sprefix=ch%2Caps%2C415&sr=8-3
52,B014S96C9G,Farmland Traditions Dogs Love Chicken Premium Jerky Treats for Dogs (3 lbs. USA Raised Chicken),out of stock,4.7 out of 5 stars,"5,201",not be a best,https://m.media-amazon.com/images/I/81xNl-ZM3jL._AC_UL320_.jpg,https://www.amazon.com//Farmland-Traditions-Chicken-Jerky-Treats/dp/B014S96C9G/ref=sr_1_4?crid=3Q2KXWLT7LP4R&dchild=1&keywords=chicken&qid=1621854982&sprefix=ch%2Caps%2C415&sr=8-4
53,B08881B3J4,"Kirkland Signature Chicken Breast, 12.5 oz - 6 count (Pack of 2) | total 12 count",$29.04,4.7 out of 5 stars,31,not be a best,https://m.media-amazon.com/images/I/71PjNGSQXLL._AC_UL320_.jpg,https://www.amazon.com//Kirkland-Signature-Chicken-Breast-12-5/dp/B08881B3J4/ref=sr_1_5?crid=3Q2KXWLT7LP4R&dchild=1&keywords=chicken&qid=1621854982&sprefix=ch%2Caps%2C415&sr=8-5
54,B079VPG13J,"Mary's, Ground Chicken Breast, 16 oz",out of stock,4.7 out of 5 stars,449,not be a best,https://m.media-amazon.com/images/I/81S71g3D+UL._AC_UL320_.jpg,https://www.amazon.com//MARYS-CHICKEN-Ground-Chicken-Breast/dp/B079VPG13J/ref=sr_1_6?crid=3Q2KXWLT7LP4R&dchild=1&keywords=chicken&qid=1621854982&sprefix=ch%2Caps%2C415&sr=8-6
55,B07P53PT6H,"Chicken In A Biskit Baked Snack Crackers, 12 oz (Pack of 4)",out of stock,4.6 out of 5 stars,50,not be a best,https://m.media-amazon.com/images/I/61T9HYJ095L._AC_UL320_.jpg,https://www.amazon.com//Chicken-Biskit-Baked-Snack-Crackers/dp/B07P53PT6H/ref=sr_1_7?crid=3Q2KXWLT7LP4R&dchild=1&keywords=chicken&qid=1621854982&sprefix=ch%2Caps%2C415&sr=8-7
56,B086WQXFJG,"Flock Keto Chicken Skin Chips | 100% Real Chicken | Low Carb, High Protein, Sugar Free, Gluten Free Single Serve Snack| Original Flavor, 8-Pack",out of stock,3.3 out of 5 stars,"1,811",not be a best,https://m.media-amazon.com/images/I/71MLljSv4ZL._AC_UL320_.jpg,https://www.amazon.com//Flock-Chicken-Protein-Gluten-Original/dp/B086WQXFJG/ref=sr_1_8?crid=3Q2KXWLT7LP4R&dchild=1&keywords=chicken&qid=1621854982&sprefix=ch%2Caps%2C415&sr=8-8
57,B00BFITRRS,Weber Kick'n Chicken Seasoning 22 Oz. Made with Sea Salt - No MSG - Gluten Free - Perfect for Grilling,$13.99,4.9 out of 5 stars,"1,697",Best Seller,https://m.media-amazon.com/images/I/81sHtO0vAYL._AC_UL320_.jpg,https://www.amazon.com//Weber-Kickn-Chicken-Seasoning-Made/dp/B00BFITRRS/ref=sr_1_9?crid=3Q2KXWLT7LP4R&dchild=1&keywords=chicken&qid=1621854982&sprefix=ch%2Caps%2C415&sr=8-9
58,B01BUDZIK2,"Wild Planet Organic Roasted Chicken Breast, 5 Ounce (Pack of 12)",$58.84,4.5 out of 5 stars,147,not be a best,https://m.media-amazon.com/images/I/61xsZko4bNL._AC_UL320_.jpg,https://www.amazon.com//Wild-Planet-Organic-Roasted-Chicken/dp/B01BUDZIK2/ref=sr_1_10?crid=3Q2KXWLT7LP4R&dchild=1&keywords=chicken&qid=1621854982&sprefix=ch%2Caps%2C415&sr=8-10
59,B073NNB89K,Knorr Chicken Flavor Bouillon (1-JAR) (NET WT 15.9 OZ),out of stock,4.7 out of 5 stars,331,not be a best,https://m.media-amazon.com/images/I/513c4QR6krL._AC_UL320_.jpg,https://www.amazon.com//Knorr-Chicken-Flavor-Bouillon-1-JAR/dp/B073NNB89K/ref=sr_1_11?crid=3Q2KXWLT7LP4R&dchild=1&keywords=chicken&qid=1621854982&sprefix=ch%2Caps%2C415&sr=8-11
60,B075S34DTD,"Maruchan Instant Lunch Chicken Tortilla, 2.25 Oz, Pack of 12",out of stock,4.6 out of 5 stars,"24,798",not be a best,https://m.media-amazon.com/images/I/91YIerknXwL._AC_UL320_.jpg,https://www.amazon.com//Maruchan-Instant-Lunch-Chicken-Tortilla/dp/B075S34DTD/ref=sr_1_12?crid=3Q2KXWLT7LP4R&dchild=1&keywords=chicken&qid=1621854982&sprefix=ch%2Caps%2C415&sr=8-12
61,B01H65IUUI,"Howard's Crispy Fried Chicken Skins - Chicharrones de Pollo, 1.5oz, Pack of 4",out of stock,3.5 out of 5 stars,"1,234",not be a best,https://m.media-amazon.com/images/I/81fOqt9WvbL._AC_UL320_.jpg,https://www.amazon.com//Howards-Crispy-Fried-Chicken-Skins/dp/B01H65IUUI/ref=sr_1_13?crid=3Q2KXWLT7LP4R&dchild=1&keywords=chicken&qid=1621854982&sprefix=ch%2Caps%2C415&sr=8-13
62,B076CSR2J2,Kirkland Recipes Recettes Premium Chunk Chicken Breast in Water (3 - 12.5oz cans),$12.84,4.6 out of 5 stars,75,not be a best,https://m.media-amazon.com/images/I/811p4QNqlBL._AC_UL320_.jpg,https://www.amazon.com//Kirkland-Recipes-Recettes-Premium-Chicken/dp/B076CSR2J2/ref=sr_1_14?crid=3Q2KXWLT7LP4R&dchild=1&keywords=chicken&qid=1621854982&sprefix=ch%2Caps%2C415&sr=8-14
63,B01J38CP98,"Swanson Chicken & Dumplings Made with White & Dark Chicken Meat, 10.5 Ounce Can, Pack of 12",out of stock,4.5 out of 5 stars,568,not be a best,https://m.media-amazon.com/images/I/81zKkNZnhCL._AC_UL320_.jpg,https://www.amazon.com//Swanson-Chicken-Dumplings-Soup-10-5/dp/B01J38CP98/ref=sr_1_15?crid=3Q2KXWLT7LP4R&dchild=1&keywords=chicken&qid=1621854982&sprefix=ch%2Caps%2C415&sr=8-15
64,B00J4B1JA6,"Minor's Chicken Base and Stock, Great for Soups and Sauces, 0 Grams Trans Fat, Poultry Flavor, 16 oz",$12.99,4.7 out of 5 stars,"3,000",not be a best,https://m.media-amazon.com/images/I/91Gnm+VdTBL._AC_UL320_.jpg,https://www.amazon.com//Minors-Chicken-Base-16-Ounce/dp/B00J4B1JA6/ref=sr_1_16?crid=3Q2KXWLT7LP4R&dchild=1&keywords=chicken&qid=1621854982&sprefix=ch%2Caps%2C415&sr=8-16
65,B07J46LKRR,"Valley Fresh Chunk Chicken, 5 oz , Pack of 24",out of stock,4.6 out of 5 stars,126,not be a best,https://m.media-amazon.com/images/I/51gZYWGzCfL._AC_UL320_.jpg,https://www.amazon.com//Valley-Fresh-Chunk-Chicken-Pack/dp/B07J46LKRR/ref=sr_1_17?crid=3Q2KXWLT7LP4R&dchild=1&keywords=chicken&qid=1621854982&sprefix=ch%2Caps%2C415&sr=8-17
66,B093YVNJZC,Lay's Wavy Jerk Chicken (pack of 2),out of stock,5.0 out of 5 stars,1,not be a best,https://m.media-amazon.com/images/I/41EXgq-JJ1S._AC_UL320_.jpg,https://www.amazon.com//Lays-Wavy-Jerk-Chicken-pack/dp/B093YVNJZC/ref=sr_1_18?crid=3Q2KXWLT7LP4R&dchild=1&keywords=chicken&qid=1621854982&sprefix=ch%2Caps%2C415&sr=8-18
67,B07DZQS1VN,"Chef's Cut Real Smoked Chicken Breast Honey Barbecue Jerky, 14 Ounce",out of stock,4.1 out of 5 stars,115,not be a best,https://m.media-amazon.com/images/I/71C8FAfGUKL._AC_UL320_.jpg,https://www.amazon.com//Chefs-Cut-Smoked-Chicken-Barbecue/dp/B07DZQS1VN/ref=sr_1_19?crid=3Q2KXWLT7LP4R&dchild=1&keywords=chicken&qid=1621854982&sprefix=ch%2Caps%2C415&sr=8-19
68,B000OU1Z5A,"Hormel COMPLEATS Chicken Alfredo, 10 Ounce (Pack of 6)",out of stock,4.4 out of 5 stars,"8,500",not be a best,https://m.media-amazon.com/images/I/61XpV2tyJHL._AC_UL320_.jpg,https://www.amazon.com//Hormel-Compleats-Chicken-Alfredo-Ounce/dp/B000OU1Z5A/ref=sr_1_20?crid=3Q2KXWLT7LP4R&dchild=1&keywords=chicken&qid=1621854982&sprefix=ch%2Caps%2C415&sr=8-20
69,B08KNT4J48,"Maruchan Ramen Noodle Soup, Creamy Chicken Flavor (3 oz), 12 count",$12.95,4.5 out of 5 stars,177,not be a best,https://m.media-amazon.com/images/I/61TjfSKUPfL._AC_UL320_.jpg,https://www.amazon.com//Maruchan-Noodle-Creamy-Chicken-Flavor/dp/B08KNT4J48/ref=sr_1_21?crid=3Q2KXWLT7LP4R&dchild=1&keywords=chicken&qid=1621854982&sprefix=ch%2Caps%2C415&sr=8-21
70,B000EOXQRG,Lipton Cup-a-Soup Instant Soup For a Warm Cup of Soup Cream of Chicken Only 60 Calories Per Serving 2.4 Oz 4 Count (12 Pack),$28.26,4.6 out of 5 stars,"2,422",not be a best,https://m.media-amazon.com/images/I/819CIIt8SSL._AC_UL320_.jpg,https://www.amazon.com//Lipton-Soup-Instant-Cream-Chicken/dp/B000EOXQRG/ref=sr_1_22?crid=3Q2KXWLT7LP4R&dchild=1&keywords=chicken&qid=1621854982&sprefix=ch%2Caps%2C415&sr=8-22
71,B007YJVEHS,"Swanson Chicken A la King, 10.5 Ounce(Pack of 6)",$26.01,4.5 out of 5 stars,318,not be a best,https://m.media-amazon.com/images/I/61gPc8EKqhL._AC_UL320_.jpg,https://www.amazon.com//Swanson-Chicken-King-10-5-Ounce/dp/B007YJVEHS/ref=sr_1_23?crid=3Q2KXWLT7LP4R&dchild=1&keywords=chicken&qid=1621854982&sprefix=ch%2Caps%2C415&sr=8-23
72,B06X3XR7HR,"Savory Choice Chicken Broth Concentrate, 5.1 Ounce (Pack of 2)",$17.25,4.8 out of 5 stars,820,not be a best,https://m.media-amazon.com/images/I/615kJARxCLL._AC_UL320_.jpg,https://www.amazon.com//Savory-Choice-Chicken-Broth-Concentrate/dp/B06X3XR7HR/ref=sr_1_24?crid=3Q2KXWLT7LP4R&dchild=1&keywords=chicken&qid=1621854982&sprefix=ch%2Caps%2C415&sr=8-24
73,B0087E4584,Hormel Herb Ox Chicken Bouillon 50 Packets,out of stock,4.7 out of 5 stars,"1,818",not be a best,https://m.media-amazon.com/images/I/917-Zofm-OL._AC_UL320_.jpg,https://www.amazon.com//Hormel-Herb-Chicken-Bouillon-Packets/dp/B0087E4584/ref=sr_1_28?crid=3Q2KXWLT7LP4R&dchild=1&keywords=chicken&qid=1621854982&sprefix=ch%2Caps%2C415&sr=8-28
74,B004S04X56,"Hormel Premium Canned Chunk Chicken Breast in Water, 5 Ounce (Pack of 12)",$33.00,4.7 out of 5 stars,22,not be a best,https://m.media-amazon.com/images/I/81k5xMPAZPL._AC_UL320_.jpg,https://www.amazon.com//Hormel-Premium-Canned-Chicken-Breast/dp/B004S04X56/ref=sr_1_29?crid=3Q2KXWLT7LP4R&dchild=1&keywords=chicken&qid=1621854982&sprefix=ch%2Caps%2C415&sr=8-29
75,B00542M50W,"McCormick Grill Mates Montreal Chicken Seasoning, 23 oz",out of stock,4.8 out of 5 stars,"1,745",not be a best,https://m.media-amazon.com/images/I/91rtilX+jUL._AC_UL320_.jpg,https://www.amazon.com//McCormick-Grill-Montreal-Chicken-Seasoning/dp/B00542M50W/ref=sr_1_30?crid=3Q2KXWLT7LP4R&dchild=1&keywords=chicken&qid=1621854982&sprefix=ch%2Caps%2C415&sr=8-30
76,B003OB4BOS,"Maruchan Ramen Picante Chicken, 3.0 Oz, Pack of 24",$14.34,4.7 out of 5 stars,"34,060",Best Seller,https://m.media-amazon.com/images/I/91takZ0pzkL._AC_UL320_.jpg,https://www.amazon.com//Maruchan-Ramen-Picante-Chicken-Pack/dp/B003OB4BOS/ref=sr_1_31?crid=3Q2KXWLT7LP4R&dchild=1&keywords=chicken&qid=1621854982&sprefix=ch%2Caps%2C415&sr=8-31
77,B08H21XZRN,"Chick N’ Skin Fried Chicken Skins - Chinese Salt & Pepper Flavor (4Pack) | Keto Friendly Low Carb High Protein Snacks, Light & Crispy, Made with Organic Chicken 2-oz. per Bag",$25.99,3.9 out of 5 stars,278,not be a best,https://m.media-amazon.com/images/I/91NxXtdqB0L._AC_UL320_.jpg,https://www.amazon.com//Chick-Skin-Fried-Chicken-Skins/dp/B08H21XZRN/ref=sr_1_32?crid=3Q2KXWLT7LP4R&dchild=1&keywords=chicken&qid=1621854982&sprefix=ch%2Caps%2C415&sr=8-32
78,B07GBHKYJ3,"UNCLE BEN'S Ready Rice: Roasted Chicken Flavored Rice, Ready to Heat 8.8 Oz Pouches, Pack of 6",out of stock,4.7 out of 5 stars,"6,834",Best Seller,https://m.media-amazon.com/images/I/91U2FlVrkdL._AC_UL320_.jpg,https://www.amazon.com//Uncle-Bens-Ready-Rice-Flavored/dp/B07GBHKYJ3/ref=sr_1_33?crid=3Q2KXWLT7LP4R&dchild=1&keywords=chicken&qid=1621854982&sprefix=ch%2Caps%2C415&sr=8-33
79,B07Q27G3PK,"Zatarain's Chicken Fry Variety Two Pack - Southern Buttermilk Chicken Fry Mix, 9 oz, and New Orleans Style Hot & Spicy Chicken Fry Mix, 9 oz",out of stock,4.4 out of 5 stars,150,not be a best,https://m.media-amazon.com/images/I/71UjuZDsT0L._AC_UL320_.jpg,https://www.amazon.com//Zatarains-Chicken-Fry-Variety-Pack/dp/B07Q27G3PK/ref=sr_1_34?crid=3Q2KXWLT7LP4R&dchild=1&keywords=chicken&qid=1621854982&sprefix=ch%2Caps%2C415&sr=8-34
80,B0727W5494,"Chef's Cut Real Snack Chicken Barbecue Sticks, 1 Ounce (16 Count)",out of stock,4.4 out of 5 stars,634,not be a best,https://m.media-amazon.com/images/I/714hE1-Z25L._AC_UL320_.jpg,https://www.amazon.com//Chefs-Cut-Tender-Chicken-Barbecue/dp/B0727W5494/ref=sr_1_35?crid=3Q2KXWLT7LP4R&dchild=1&keywords=chicken&qid=1621854982&sprefix=ch%2Caps%2C415&sr=8-35
81,B00ZGT808Y,"McCormick Perfect Pinch Rotisserie Chicken Seasoning, 5 oz (Pack of 6)",out of stock,4.8 out of 5 stars,"1,084",not be a best,https://m.media-amazon.com/images/I/61kmKHFtdSL._AC_UL320_.jpg,https://www.amazon.com//McCormick-Perfect-Rotisserie-Chicken-Seasoning/dp/B00ZGT808Y/ref=sr_1_36?crid=3Q2KXWLT7LP4R&dchild=1&keywords=chicken&qid=1621854982&sprefix=ch%2Caps%2C415&sr=8-36
82,B079L3YW8T,"Better Than Bouillon Organic Roasted Chicken Base, Reduced Sodium - 2Pack (16 oz Each) Ykglcd",$22.97,4.8 out of 5 stars,174,not be a best,https://m.media-amazon.com/images/I/51gr5l28p3L._AC_UL320_.jpg,https://www.amazon.com//Better-Than-Bouillon-Organic-Roasted/dp/B079L3YW8T/ref=sr_1_37?crid=3Q2KXWLT7LP4R&dchild=1&keywords=chicken&qid=1621854982&sprefix=ch%2Caps%2C415&sr=8-37
83,B07VBLVZGT,Yakisoba Spicy Chicken Flavor ( New Version ),$19.87,4.6 out of 5 stars,"2,797",not be a best,https://m.media-amazon.com/images/I/61At9tp+OaL._AC_UL320_.jpg,https://www.amazon.com//Yakisoba-Spicy-Chicken-Flavor-Version/dp/B07VBLVZGT/ref=sr_1_38?crid=3Q2KXWLT7LP4R&dchild=1&keywords=chicken&qid=1621854982&sprefix=ch%2Caps%2C415&sr=8-38
84,B01NBSVK0G,Maruchan Ramen Chicken Flavor Noddle Soup 12 Pack (1),$7.95,4.6 out of 5 stars,"2,526",not be a best,https://m.media-amazon.com/images/I/71tnIq3OEsL._AC_UL320_.jpg,https://www.amazon.com//Maruchan-Ramen-Chicken-Flavor-Noddle/dp/B01NBSVK0G/ref=sr_1_39?crid=3Q2KXWLT7LP4R&dchild=1&keywords=chicken&qid=1621854982&sprefix=ch%2Caps%2C415&sr=8-39
85,B019YHTJGA,"SWEET SUE Chunk White Chicken in Water, High Protein Food, Keto Food and Snacks, Gluten Free Food, High Protein Snacks, Bulk Canned Food, 5 Ounce Cans (Pack of 24)",out of stock,4.5 out of 5 stars,874,not be a best,https://m.media-amazon.com/images/I/51RaORk89nL._AC_UL320_.jpg,https://www.amazon.com//Chicken-Protein-Snacks-Gluten-Canned/dp/B019YHTJGA/ref=sr_1_40?crid=3Q2KXWLT7LP4R&dchild=1&keywords=chicken&qid=1621854982&sprefix=ch%2Caps%2C415&sr=8-40
86,B00IB1FCX0,"Maruchan, Yakisoba, Spicy Chicken Noodles (PACK OF 16)",$35.99,4.8 out of 5 stars,57,not be a best,https://m.media-amazon.com/images/I/51Wq3jhkiCL._AC_UL320_.jpg,https://www.amazon.com//Maruchan-Yakisoba-Spicy-Chicken-Noodles/dp/B00IB1FCX0/ref=sr_1_41?crid=3Q2KXWLT7LP4R&dchild=1&keywords=chicken&qid=1621854982&sprefix=ch%2Caps%2C415&sr=8-41
87,B000V17MLS,"Kitchens of India Paste, Butter Chicken Curry, 3.5-Ounces, Pack of 1 (6 count)",$14.63,4.7 out of 5 stars,"2,054",not be a best,https://m.media-amazon.com/images/I/81o0-keOCVL._AC_UL320_.jpg,https://www.amazon.com//Kitchens-India-Butter-Chicken-3-5-Ounces/dp/B000V17MLS/ref=sr_1_42?crid=3Q2KXWLT7LP4R&dchild=1&keywords=chicken&qid=1621854982&sprefix=ch%2Caps%2C415&sr=8-42
88,B0725M6SFK,Traeger Pellet Grills SPC170 Chicken Rub with Citrus and Black Pepper,$9.99,4.7 out of 5 stars,"11,831",Best Seller,https://m.media-amazon.com/images/I/714Bzp86XES._AC_UL320_.jpg,https://www.amazon.com//Traeger-Grills-SPC170-Chicken-Seasoning/dp/B0725M6SFK/ref=sr_1_43?crid=3Q2KXWLT7LP4R&dchild=1&keywords=chicken&qid=1621854982&sprefix=ch%2Caps%2C415&sr=8-43
89,B0077DMWO0,Hormel Herb Ox Chicken Bouillon Sodium Free 50 Packets,$14.99,4.7 out of 5 stars,"2,268",not be a best,https://m.media-amazon.com/images/I/91gn4wBbPAL._AC_UL320_.jpg,https://www.amazon.com//Hormel-Chicken-Bouillon-Sodium-Packets/dp/B0077DMWO0/ref=sr_1_44?crid=3Q2KXWLT7LP4R&dchild=1&keywords=chicken&qid=1621854982&sprefix=ch%2Caps%2C415&sr=8-44
90,B00XYUJ950,Minor's (Original Formula) Chicken Base - 16 Oz. (Pack of 2),out of stock,4.8 out of 5 stars,602,not be a best,https://m.media-amazon.com/images/I/61VBHlJraaL._AC_UL320_.jpg,https://www.amazon.com//Minors-Original-Formula-Chicken-Base/dp/B00XYUJ950/ref=sr_1_45?crid=3Q2KXWLT7LP4R&dchild=1&keywords=chicken&qid=1621854982&sprefix=ch%2Caps%2C415&sr=8-45
91,B019I6AX9Y,"Kitchen Accomplice Reduced Sodium Chicken Broth Concentrate, 12 Ounce",out of stock,4.6 out of 5 stars,"2,898",not be a best,https://m.media-amazon.com/images/I/61MiMYbyswL._AC_UL320_.jpg,https://www.amazon.com//Kitchen-Accomplice-Reduced-Chicken-Concentrate/dp/B019I6AX9Y/ref=sr_1_46?crid=3Q2KXWLT7LP4R&dchild=1&keywords=chicken&qid=1621854982&sprefix=ch%2Caps%2C415&sr=8-46
92,B07RF9P7VV,Chicken,$0.99,2.9 out of 5 stars,6,not be a best,https://m.media-amazon.com/images/I/71Igo1EutOL._AC_UL320_.jpg,https://www.amazon.com//Chicken-Eva-Tausig/dp/B07RF9P7VV/ref=sr_1_47?crid=3Q2KXWLT7LP4R&dchild=1&keywords=chicken&qid=1621854982&sprefix=ch%2Caps%2C415&sr=8-47
93,B094DR55DZ,"Knorr Granulated Bouillon, Chicken Flavor, 7.9 oz (Pack of 2) with By The Cup Swivel Spoon",out of stock,no rating,no review,not be a best,https://m.media-amazon.com/images/I/811PyM1QBxS._AC_UL320_.jpg,https://www.amazon.com//Granulated-Bouillon-Chicken-Flavor-Cup/dp/B094DR55DZ/ref=sr_1_48?crid=3Q2KXWLT7LP4R&dchild=1&keywords=chicken&qid=1621854982&sprefix=ch%2Caps%2C415&sr=8-48
94,B018233TX6,"Betty Crocker Chicken Helper, Fettuccine Alfredo, 8.7 oz (Pack of 12)",$37.40,4.2 out of 5 stars,21,not be a best,https://m.media-amazon.com/images/I/81ESpfq2umL._AC_UL320_.jpg,https://www.amazon.com//Crocker-Chicken-Helper-Fettuccine-Alfredo/dp/B018233TX6/ref=sr_1_49?crid=3Q2KXWLT7LP4R&dchild=1&keywords=chicken&qid=1621854982&sprefix=ch%2Caps%2C415&sr=8-49
95,B00E3AYVA8,Sweet Sue Canned Whole Chicken without Giblets 50oz Can (Pack of 1),out of stock,4.1 out of 5 stars,120,not be a best,https://m.media-amazon.com/images/I/31YPFVcHntL._AC_UL320_.jpg,https://www.amazon.com//Sweet-Sue-Chicken-without-Giblets/dp/B00E3AYVA8/ref=sr_1_50?crid=3Q2KXWLT7LP4R&dchild=1&keywords=chicken&qid=1621854982&sprefix=ch%2Caps%2C415&sr=8-50
96,B081XWR172,"Kirkland Signature Premium Chunk Chicken Breast Packed in Water, 12.5 Ounce, 6 Count - PACK OF 2",$33.95,4.4 out of 5 stars,34,not be a best,https://m.media-amazon.com/images/I/81Pu-1NE++L._AC_UL320_.jpg,https://www.amazon.com//Kirkland-Signature-Premium-Chicken-Breast/dp/B081XWR172/ref=sr_1_51?crid=3Q2KXWLT7LP4R&dchild=1&keywords=chicken&qid=1621854982&sprefix=ch%2Caps%2C415&sr=8-51
97,B0029TAT9M,"Campbell's Condensed Chicken Broth, 10.5 oz. Can (Pack of 12) (Packaging May Vary)",out of stock,4.7 out of 5 stars,335,not be a best,https://m.media-amazon.com/images/I/81b9L3xtVgL._AC_UL320_.jpg,https://www.amazon.com//Campbells-Condensed-Chicken-Broth-10-5-Pack/dp/B0029TAT9M/ref=sr_1_53?crid=3Q2KXWLT7LP4R&dchild=1&keywords=chicken&qid=1621854996&sprefix=ch%2Caps%2C415&sr=8-53
98,B01N9CV3MN,Chickens,$14.99,4.6 out of 5 stars,194,not be a best,https://m.media-amazon.com/images/I/617zA+Nbs5L._AC_UL320_.jpg,https://www.amazon.com//Chickens/dp/B01N9CV3MN/ref=sr_1_54?crid=3Q2KXWLT7LP4R&dchild=1&keywords=chicken&qid=1621854996&sprefix=ch%2Caps%2C415&sr=8-54
99,B08TR91JSD,"Gourmet Chicken Sampler from Omaha Steaks (Chicken Cordon Bleu, Stuffed Chicken with Wild Rice, Stuffed Chicken Parmesan, Broccoli & Cheese Stuffed Chicken Breasts, and more)",$79.99,5.0 out of 5 stars,1,not be a best,https://m.media-amazon.com/images/I/81DhHt3P2TL._AC_UL320_.jpg,https://www.amazon.com//Omaha-Steaks-Parmesan-Broccoli-Artichoke/dp/B08TR91JSD/ref=sr_1_55?crid=3Q2KXWLT7LP4R&dchild=1&keywords=chicken&qid=1621854996&sprefix=ch%2Caps%2C415&sr=8-55
100,B00BHR2IHI,"Campbell's Condensed Chicken Noodle Soup, 10.75 Ounce Can with Pop-Top Lid (Pack of 4) (Packaging May Vary)",out of stock,4.7 out of 5 stars,"8,366",Best Seller,https://m.media-amazon.com/images/I/81gU+PVd2-L._AC_UL320_.jpg,https://www.amazon.com//Campbells-Condensed-Chicken-Noodle-10-75/dp/B00BHR2IHI/ref=sr_1_56?crid=3Q2KXWLT7LP4R&dchild=1&keywords=chicken&qid=1621854996&sprefix=ch%2Caps%2C415&sr=8-56
101,B000F2RIQC,"Lawry's Perfect Blend Chicken Rub And Seasoning, 24.5 oz",out of stock,4.7 out of 5 stars,"1,794",not be a best,https://m.media-amazon.com/images/I/81CIh0OpJ9L._AC_UL320_.jpg,https://www.amazon.com//Lawrys-Perfect-Chicken-Seasoning-Thanksgiving/dp/B000F2RIQC/ref=sr_1_57?crid=3Q2KXWLT7LP4R&dchild=1&keywords=chicken&qid=1621854996&sprefix=ch%2Caps%2C415&sr=8-57
102,B06Y6LW1VT,Badia Rotisserie Chicken Seasoning 22 oz,$16.40,4.6 out of 5 stars,490,not be a best,https://m.media-amazon.com/images/I/81eA5aKvMvL._AC_UL320_.jpg,https://www.amazon.com//Badia-Rotisserie-Chicken-Seasoning-22/dp/B06Y6LW1VT/ref=sr_1_58?crid=3Q2KXWLT7LP4R&dchild=1&keywords=chicken&qid=1621854996&sprefix=ch%2Caps%2C415&sr=8-58
103,B00W4QQLCE,"Simply Organic Chicken Grilling Seasons, Certified Organic, Vegan, Vegetarian | 1.1 oz",out of stock,4.6 out of 5 stars,171,not be a best,https://m.media-amazon.com/images/I/51KFRhgQMnL._AC_UL320_.jpg,https://www.amazon.com//Simply-Organic-Grilling-Seasons-Chicken/dp/B00W4QQLCE/ref=sr_1_59?crid=3Q2KXWLT7LP4R&dchild=1&keywords=chicken&qid=1621854996&sprefix=ch%2Caps%2C415&sr=8-59
104,B06XCDQ3M2,Herb-Ox Bouillon Cubes Chicken Bouillon 25 Count 3.33-oz (Pack of 2),out of stock,4.7 out of 5 stars,192,not be a best,https://m.media-amazon.com/images/I/A1T-BvpQ49L._AC_UL320_.jpg,https://www.amazon.com//Herb-Ox-Bouillon-Cubes-Chicken-3-33-oz/dp/B06XCDQ3M2/ref=sr_1_60?crid=3Q2KXWLT7LP4R&dchild=1&keywords=chicken&qid=1621854996&sprefix=ch%2Caps%2C415&sr=8-60
105,B08L4VXCSW,"Chicken of the Sea Infusions Tuna, 6 Flavor Variety Pack, 2.8 Oz Cups (Pack of 6)",out of stock,4.5 out of 5 stars,"2,551",not be a best,https://m.media-amazon.com/images/I/710RuJehYXL._AC_UL320_.jpg,https://www.amazon.com//Chicken-Sea-Infusions-Flavor-Variety/dp/B08L4VXCSW/ref=sr_1_61?crid=3Q2KXWLT7LP4R&dchild=1&keywords=chicken&qid=1621854996&sprefix=ch%2Caps%2C415&sr=8-61
106,B011Q21H1G,Chicken Shit Poultry Seasoning,$14.15,4.7 out of 5 stars,"1,032",not be a best,https://m.media-amazon.com/images/I/61B4OYizaeL._AC_UL320_.jpg,https://www.amazon.com//Big-Cock-Chicken-Poultry-Seasoning/dp/B011Q21H1G/ref=sr_1_62?crid=3Q2KXWLT7LP4R&dchild=1&keywords=chicken&qid=1621854996&sprefix=ch%2Caps%2C415&sr=8-62
107,B01LVZAWYG,Rub Your Chicken Rotisserie Flavor Seasoning - Pack of 3 6 Ounce Jars,$27.79,5.0 out of 5 stars,16,not be a best,https://m.media-amazon.com/images/I/41+1knUixjL._AC_UL320_.jpg,https://www.amazon.com//Your-Chicken-Rotisserie-Flavor-Seasoning/dp/B01LVZAWYG/ref=sr_1_63?crid=3Q2KXWLT7LP4R&dchild=1&keywords=chicken&qid=1621854996&sprefix=ch%2Caps%2C415&sr=8-63
108,B0001DMTNC,Lee Kum Kee Chicken Bouillon - Chicken Powder (8 oz.),$13.00,4.5 out of 5 stars,468,not be a best,https://m.media-amazon.com/images/I/71FSaE+jaFL._AC_UL320_.jpg,https://www.amazon.com//Lee-Kum-Kee-Chicken-Bouillon/dp/B0001DMTNC/ref=sr_1_64?crid=3Q2KXWLT7LP4R&dchild=1&keywords=chicken&qid=1621854996&sprefix=ch%2Caps%2C415&sr=8-64
109,B08MCQ2VHP,"Vegan Chicken Protein & Original Chicken Salt Seasoning Combo - Plant Based Chick'n Mix, Meat Substitute, Soy Free Meatless Products, TVP, 5.8oz - Chicken Salt is Vegan, Keto & Paleo Friendly",$19.99,3.9 out of 5 stars,291,not be a best,https://m.media-amazon.com/images/I/81plaUz7uQL._AC_UL320_.jpg,https://www.amazon.com//Vegan-Chicken-Protein-Original-Seasoning/dp/B08MCQ2VHP/ref=sr_1_65?crid=3Q2KXWLT7LP4R&dchild=1&keywords=chicken&qid=1621854996&sprefix=ch%2Caps%2C415&sr=8-65
110,B07GBHMH36,Kirkland Signature Organic Gluten-Free Chicken Stock Reasealable Cartons: 6-Count (32 fl oz.),out of stock,4.7 out of 5 stars,234,not be a best,https://m.media-amazon.com/images/I/514+mMsaycL._AC_UL320_.jpg,https://www.amazon.com//Kirkland-Signature-Organic-Gluten-Free-Reasealable/dp/B07GBHMH36/ref=sr_1_66?crid=3Q2KXWLT7LP4R&dchild=1&keywords=chicken&qid=1621854996&sprefix=ch%2Caps%2C415&sr=8-66
111,B00V54CUQC,"Swanson Unsalted Chicken Stock, 32 oz. (Pack of 12)",out of stock,4.7 out of 5 stars,557,not be a best,https://m.media-amazon.com/images/I/81gaCC7trBL._AC_UL320_.jpg,https://www.amazon.com//Swanson-Unsalted-Chicken-Cooking-Stock-Carton/dp/B00V54CUQC/ref=sr_1_67?crid=3Q2KXWLT7LP4R&dchild=1&keywords=chicken&qid=1621854996&sprefix=ch%2Caps%2C415&sr=8-67
112,B086GPJHTC,Swanson Natural Goodness Chicken Broth Carton - 32oz (Pack of 2),$17.02,4.5 out of 5 stars,39,not be a best,https://m.media-amazon.com/images/I/41c6uSdJePL._AC_UL320_.jpg,https://www.amazon.com//Swanson-Natural-Goodness-Chicken-Carton/dp/B086GPJHTC/ref=sr_1_68?crid=3Q2KXWLT7LP4R&dchild=1&keywords=chicken&qid=1621854996&sprefix=ch%2Caps%2C415&sr=8-68
113,B009ITMD4A,LOUISIANA Fish Fry Products Seasoned Chicken Fry 1 Gallon (5.25 lbs),out of stock,4.7 out of 5 stars,289,not be a best,https://m.media-amazon.com/images/I/61JU7dFdWQS._AC_UL320_.jpg,https://www.amazon.com//LOUISIANA-Products-Seasoned-Chicken-Gallon/dp/B009ITMD4A/ref=sr_1_69?crid=3Q2KXWLT7LP4R&dchild=1&keywords=chicken&qid=1621854996&sprefix=ch%2Caps%2C415&sr=8-69
114,B08HLN3LG1,"Kiss My Keto Chicken Bone Broth Powder Travel Packets — Collagen Protein (10g) + MCT Oil (1.5g), 18 Amino Acids | Low Carb Salt & Pepper Chicken (15 Pack), Instant Bone Broth Soup",out of stock,3.9 out of 5 stars,"1,099",not be a best,https://m.media-amazon.com/images/I/81pwFBx0tLL._AC_UL320_.jpg,https://www.amazon.com//Kiss-My-Keto-Chicken-Packets/dp/B08HLN3LG1/ref=sr_1_70?crid=3Q2KXWLT7LP4R&dchild=1&keywords=chicken&qid=1621854996&sprefix=ch%2Caps%2C415&sr=8-70
115,B01CNWX9EQ,Brunswick Chicken Salad With Crackers 12 Packs 3.0 oz ready to eat,out of stock,3.7 out of 5 stars,42,not be a best,https://m.media-amazon.com/images/I/71jv-M6EdgL._AC_UL320_.jpg,https://www.amazon.com//Brunswick-Chicken-Salad-Crackers-Packs/dp/B01CNWX9EQ/ref=sr_1_71?crid=3Q2KXWLT7LP4R&dchild=1&keywords=chicken&qid=1621854996&sprefix=ch%2Caps%2C415&sr=8-71
116,B018BCOB4E,"BUMBLE BEE Snack on the Run Chicken Salad with Crackers, Canned Food, High Protein Snacks & Groceries, 3.5 Ounce (Pack of 3)",out of stock,4.4 out of 5 stars,"5,291",not be a best,https://m.media-amazon.com/images/I/81HoRNcqlkL._AC_UL320_.jpg,https://www.amazon.com//BUMBLE-Chicken-Crackers-Protein-Groceries/dp/B018BCOB4E/ref=sr_1_72?crid=3Q2KXWLT7LP4R&dchild=1&keywords=chicken&qid=1621854996&sprefix=ch%2Caps%2C415&sr=8-72
117,B006VS0622,"Swanson Chicken á la King Made with White and Dark Meat Chicken, 10.5 Ounce Can (Pack of 12)",out of stock,4.6 out of 5 stars,"1,230",not be a best,https://m.media-amazon.com/images/I/81JRYjLJvgL._AC_UL320_.jpg,https://www.amazon.com//Swanson-Chicken-King-10-5-Ounce/dp/B006VS0622/ref=sr_1_73?crid=3Q2KXWLT7LP4R&dchild=1&keywords=chicken&qid=1621854996&sprefix=ch%2Caps%2C415&sr=8-73
118,B06XCKMG4X,"Knorr Homestyle Stock For Rich Authentic Flavor Chicken Low-Fat and MSG-Free 4.66 oz, 4 Count",$15.49,4.8 out of 5 stars,"1,336",not be a best,https://m.media-amazon.com/images/I/81IKZOeu1vL._AC_UL320_.jpg,https://www.amazon.com//Knorr-Homestyle-Stock-Chicken-Concentrated/dp/B06XCKMG4X/ref=sr_1_74?crid=3Q2KXWLT7LP4R&dchild=1&keywords=chicken&qid=1621854996&sprefix=ch%2Caps%2C415&sr=8-74
119,B002TXGVIQ,"Sylvia's Crispy Fried Chicken Mix, 10-Ounce Packages (Pack of 9)",out of stock,4.7 out of 5 stars,520,not be a best,https://m.media-amazon.com/images/I/91zvPsy32hL._AC_UL320_.jpg,https://www.amazon.com//Sylvias-Crispy-Chicken-10-Ounce-Packages/dp/B002TXGVIQ/ref=sr_1_75?crid=3Q2KXWLT7LP4R&dchild=1&keywords=chicken&qid=1621854996&sprefix=ch%2Caps%2C415&sr=8-75
120,B089P3TBS5,Bourbon Chicken Grill n’ Dipping Sauce + Marinade Mixed Pack | Starter Kit To Make Authentic Food Court Restaurant Bourbon Chicken Flavor | Great Value & Gourmet Food Gift | Easy To Follow Recipes,$26.95,4.7 out of 5 stars,68,not be a best,https://m.media-amazon.com/images/I/811wuuXYIfL._AC_UL320_.jpg,https://www.amazon.com//Bourbon-Chicken-Marinade-Authentic-Restaurant/dp/B089P3TBS5/ref=sr_1_76?crid=3Q2KXWLT7LP4R&dchild=1&keywords=chicken&qid=1621854996&sprefix=ch%2Caps%2C415&sr=8-76
121,B008R82G7W,Nabisco Chicken in a Biskit Family Size 12 Oz. (2pk),$17.99,4.8 out of 5 stars,139,not be a best,https://m.media-amazon.com/images/I/91fp9N76ERL._AC_UL320_.jpg,https://www.amazon.com//Nabisco-Chicken-Biskit-Family-Size/dp/B008R82G7W/ref=sr_1_80?crid=3Q2KXWLT7LP4R&dchild=1&keywords=chicken&qid=1621854996&sprefix=ch%2Caps%2C415&sr=8-80
122,B00KO2I0D8,Anchor Original Chicken Chippy Salt 170g,out of stock,4.6 out of 5 stars,209,not be a best,https://m.media-amazon.com/images/I/51S8E9AHjEL._AC_UL320_.jpg,https://www.amazon.com//Anchor-Original-Chicken-Chippy-Salt/dp/B00KO2I0D8/ref=sr_1_81?crid=3Q2KXWLT7LP4R&dchild=1&keywords=chicken&qid=1621854996&sprefix=ch%2Caps%2C415&sr=8-81
123,B08FZNQ1R5,"Louisiana Fish Fry Product Fish Fry, Air Fry Chicken Coating Mix, 5 oz",$8.96,4.2 out of 5 stars,51,not be a best,https://m.media-amazon.com/images/I/71waZWNHGDL._AC_UL320_.jpg,https://www.amazon.com//Louisiana-Fish-Product-Chicken-Coating/dp/B08FZNQ1R5/ref=sr_1_82?crid=3Q2KXWLT7LP4R&dchild=1&keywords=chicken&qid=1621854996&sprefix=ch%2Caps%2C415&sr=8-82
124,B005E0A1MI,Breville RM-JE98XL Juice Fountain Plus 850-Watt Juice Extractor (Renewed),out of stock,4.5 out of 5 stars,"1,052",not be a best,https://m.media-amazon.com/images/I/81eBENeMPHL._AC_UL320_.jpg,https://www.amazon.com//Breville-RM-JE98XL-Extractor-Certified-Refurbished/dp/B005E0A1MI/ref=sr_1_83?crid=3Q2KXWLT7LP4R&dchild=1&keywords=chicken&qid=1621854996&sprefix=ch%2Caps%2C415&sr=8-83
125,B000JLOOO8,"Knorr Granulated Bouillon, Tomato Chicken 7.9 oz",out of stock,4.7 out of 5 stars,191,not be a best,https://m.media-amazon.com/images/I/81WBAUqMV+L._AC_UL320_.jpg,https://www.amazon.com//Knorr-Granulated-Bouillon-Tomato-Chicken/dp/B000JLOOO8/ref=sr_1_84?crid=3Q2KXWLT7LP4R&dchild=1&keywords=chicken&qid=1621854996&sprefix=ch%2Caps%2C415&sr=8-84
126,B07Q626G6M,"Nick's Sticks | Free Range Chicken Snack Sticks | Gluten Free | Paleo, Keto, Whole30 Approved | No Sugar, Soy, Antibiotics or Hormones (6 - 1.7oz. Packages of 2 Sticks)",out of stock,4.2 out of 5 stars,140,not be a best,https://m.media-amazon.com/images/I/61ipW9yA+VL._AC_UL320_.jpg,https://www.amazon.com//Nicks-Sticks-Range-Chicken-Snack/dp/B07Q626G6M/ref=sr_1_85?crid=3Q2KXWLT7LP4R&dchild=1&keywords=chicken&qid=1621854996&sprefix=ch%2Caps%2C415&sr=8-85
127,B07C6P6J4X,"Kirkland Signature Premium Chunk Chicken Breast Packed in Water, 12.5 Ounce, 12 count",$33.38,4.6 out of 5 stars,64,not be a best,https://m.media-amazon.com/images/I/81YsnC5xvKL._AC_UL320_.jpg,https://www.amazon.com//Kirkland-Signature-Premium-Chicken-Breast/dp/B07C6P6J4X/ref=sr_1_86?crid=3Q2KXWLT7LP4R&dchild=1&keywords=chicken&qid=1621854996&sprefix=ch%2Caps%2C415&sr=8-86
128,B06VX3XL6D,"Knorr Pasta Sides For a Delicious Easy Pasta Meal Chicken Broccoli No Artificial Flavors, No Colors from Artificial Sources, No Added MSG 4.2 oz, Pack of 8",out of stock,4.7 out of 5 stars,"4,528",not be a best,https://m.media-amazon.com/images/I/81WAvIA2gPL._AC_UL320_.jpg,https://www.amazon.com//Knorr-Pasta-Side-Chicken-Broccoli/dp/B06VX3XL6D/ref=sr_1_87?crid=3Q2KXWLT7LP4R&dchild=1&keywords=chicken&qid=1621854996&sprefix=ch%2Caps%2C415&sr=8-87
129,B0849W4S2N,"Serenity Kids Baby Food Pouches, Free Range Chicken with Organic Peas and Carrots, For 6+ Months, 3.5 Ounce Pouch (12 Count)",$41.95,4.5 out of 5 stars,904,not be a best,https://m.media-amazon.com/images/I/61-cZtk3CvL._AC_UL320_.jpg,https://www.amazon.com//Serenity-Kids-Chicken-Organic-Carrots/dp/B0849W4S2N/ref=sr_1_88?crid=3Q2KXWLT7LP4R&dchild=1&keywords=chicken&qid=1621854996&sprefix=ch%2Caps%2C415&sr=8-88
130,B01M2YYCAA,"19-2, Season 3",$1.99,4.8 out of 5 stars,181,not be a best,https://m.media-amazon.com/images/I/81s7Qv6C2KL._AC_UL320_.jpg,https://www.amazon.com//Chicken/dp/B01MF9G6UT/ref=sr_1_89?crid=3Q2KXWLT7LP4R&dchild=1&keywords=chicken&qid=1621854996&sprefix=ch%2Caps%2C415&sr=8-89
131,B07VXCHDH5,"Vejje Meat-Free Mixes - CHICKEN-FREE MIX (2-Pack)(Two 8oz Bags, Each Bag Makes 1.25 lbs for 2.5 lbs Total) Vegan Meat Substitute. Plant-Based Meat Alternative for Sandwiches, Nuggets, BBQ & More",out of stock,4.2 out of 5 stars,517,not be a best,https://m.media-amazon.com/images/I/81fvQh4vELS._AC_UL320_.jpg,https://www.amazon.com//Vejje-Meat-Free-CHICKEN-FREE-Single-Pounds/dp/B07VXCHDH5/ref=sr_1_90?crid=3Q2KXWLT7LP4R&dchild=1&keywords=chicken&qid=1621854996&sprefix=ch%2Caps%2C415&sr=8-90
132,B07KY5NZBB,"Stubb's Stubbs Chicken Rub, 5.04 OZ",$10.87,4.8 out of 5 stars,71,not be a best,https://m.media-amazon.com/images/I/91q3xiyABtL._AC_UL320_.jpg,https://www.amazon.com//Stubbs-Chicken-Rub-5-04-Pack/dp/B07KY5NZBB/ref=sr_1_91?crid=3Q2KXWLT7LP4R&dchild=1&keywords=chicken&qid=1621854996&sprefix=ch%2Caps%2C415&sr=8-91
133,B005VBD2YO,"Campbell's Condensed Soup, Cream of Chicken with Herbs, 10.5 Ounce (Pack of 12) (Packaging May Vary)",out of stock,4.8 out of 5 stars,"4,024",Best Seller,https://m.media-amazon.com/images/I/81zp3linhlL._AC_UL320_.jpg,https://www.amazon.com//Campbells-Condensed-Cream-Chicken-Herbs-Soup/dp/B005VBD2YO/ref=sr_1_92?crid=3Q2KXWLT7LP4R&dchild=1&keywords=chicken&qid=1621854996&sprefix=ch%2Caps%2C415&sr=8-92
134,B000PYEI9A,The Chicken's Greatest Hits,out of stock,no rating,no review,not be a best,https://m.media-amazon.com/images/I/01RmK+J4pJL._AC_UL320_.gif,https://www.amazon.com//Chickens-Greatest-Hits-Ted-Giannoulas/dp/B000PYEI9A/ref=sr_1_93?crid=3Q2KXWLT7LP4R&dchild=1&keywords=chicken&qid=1621854996&sprefix=ch%2Caps%2C415&sr=8-93
135,B08YMFDGJZ,4 (3 oz.) Fully Cooked Italian Chicken Breasts,$15.99,4.3 out of 5 stars,11,not be a best,https://m.media-amazon.com/images/I/71W0Djhtc8L._AC_UL320_.jpg,https://www.amazon.com//Fully-Cooked-Italian-Chicken-Breasts/dp/B08YMFDGJZ/ref=sr_1_94?crid=3Q2KXWLT7LP4R&dchild=1&keywords=chicken&qid=1621854996&sprefix=ch%2Caps%2C415&sr=8-94
136,B001HTJDTM,Valley Fresh Organic White Chicken - 5 oz.-Pack of 12,$53.73,4.3 out of 5 stars,74,not be a best,https://m.media-amazon.com/images/I/61Ad0eErd3L._AC_UL320_.jpg,https://www.amazon.com//Valley-Fresh-Organic-White-Chicken/dp/B001HTJDTM/ref=sr_1_95?crid=3Q2KXWLT7LP4R&dchild=1&keywords=chicken&qid=1621854996&sprefix=ch%2Caps%2C415&sr=8-95
137,B002HQUZIM,"Savory Choice Chicken Broth Concentrate, 5.1 Ounce box",$11.25,4.8 out of 5 stars,"1,285",not be a best,https://m.media-amazon.com/images/I/41chyti60NL._AC_UL320_.jpg,https://www.amazon.com//Savory-Choice-Chicken-Broth-Concentrate/dp/B002HQUZIM/ref=sr_1_96?crid=3Q2KXWLT7LP4R&dchild=1&keywords=chicken&qid=1621854996&sprefix=ch%2Caps%2C415&sr=8-96
138,B01CNZ9EW4,Cook's Delight Chicken Base made with Organic Meat and Broth CH-1004 (1 Pack),out of stock,4.4 out of 5 stars,158,not be a best,https://m.media-amazon.com/images/I/5126Pg03W6L._AC_UL320_.jpg,https://www.amazon.com//Chicken-Organic-Broth-Cooks-Delight/dp/B01CNZ9EW4/ref=sr_1_97?crid=3Q2KXWLT7LP4R&dchild=1&keywords=chicken&qid=1621854996&sprefix=ch%2Caps%2C415&sr=8-97
139,B01N8T6GZR,Lefty's Original Fish & Chicken Mix,$10.09,4.6 out of 5 stars,460,not be a best,https://m.media-amazon.com/images/I/61RFh+iy3pL._AC_UL320_.jpg,https://www.amazon.com//Leftys-Spices-Fish-Chicken-Mix/dp/B01N8T6GZR/ref=sr_1_98?crid=3Q2KXWLT7LP4R&dchild=1&keywords=chicken&qid=1621854996&sprefix=ch%2Caps%2C415&sr=8-98
140,B071CDLM1Q,"Knorr Rice Sides For A Tasty Rice Side Dish Creamy Chicken No Artificial Flavors 5.7 Oz, Pack of 8",out of stock,4.7 out of 5 stars,"9,852",Best Seller,https://m.media-amazon.com/images/I/81XYkWbVGaL._AC_UL320_.jpg,https://www.amazon.com//Knorr-Creamy-Chicken-Artificial-Flavors/dp/B071CDLM1Q/ref=sr_1_99?crid=3Q2KXWLT7LP4R&dchild=1&keywords=chicken&qid=1621854996&sprefix=ch%2Caps%2C415&sr=8-99
141,B01MXPKABB,"Sylvia's Chicken Fry Mix, 10 oz",$8.28,4.5 out of 5 stars,125,not be a best,https://m.media-amazon.com/images/I/71eGRSJsclL._AC_UL320_.jpg,https://www.amazon.com//Sylvias-Chicken-Fry-Mix-10/dp/B01MXPKABB/ref=sr_1_100?crid=3Q2KXWLT7LP4R&dchild=1&keywords=chicken&qid=1621854996&sprefix=ch%2Caps%2C415&sr=8-100
142,B08VBNGKJH,National Foods Butter Chicken Recipe Mix 1.65 oz (47g) | South Asian Meat Curry Masala Powder | Traditional Spicy Food | Box Pack | Pack of 4,out of stock,3.1 out of 5 stars,4,not be a best,https://m.media-amazon.com/images/I/61I6+a6mbaS._AC_UL320_.jpg,https://www.amazon.com//National-Foods-Butter-Chicken-Traditional/dp/B08VBNGKJH/ref=sr_1_101?crid=3Q2KXWLT7LP4R&dchild=1&keywords=chicken&qid=1621854996&sprefix=ch%2Caps%2C415&sr=8-101
143,B007UHSEY0,"Louisiana Fish Fry, Seasoned Chicken Fry, 22-Ounce Box, 1 pkg.",out of stock,4.4 out of 5 stars,241,not be a best,https://m.media-amazon.com/images/I/51QDE8uUX5L._AC_UL320_.jpg,https://www.amazon.com//Louisiana-Fish-Fry-Seasoned-22-Ounce/dp/B007UHSEY0/ref=sr_1_102?crid=3Q2KXWLT7LP4R&dchild=1&keywords=chicken&qid=1621854996&sprefix=ch%2Caps%2C415&sr=8-102
144,B072JBH316,"Campbell's Condensed Healthy Request Cream of Chicken Soup, 10.5 oz. Can (Pack of 12) (Packaging May Vary)",out of stock,4.7 out of 5 stars,"4,427",not be a best,https://m.media-amazon.com/images/I/812ieVNNd4L._AC_UL320_.jpg,https://www.amazon.com//Campbells-Condensed-Healthy-Request-Cream-Chicken-Soup-10-5/dp/B072JBH316/ref=sr_1_103?crid=3Q2KXWLT7LP4R&dchild=1&keywords=chicken&qid=1621854996&sprefix=ch%2Caps%2C415&sr=8-103
