num,id,name,price,rating,review,img_src,url,rank
1,B07QW1GKR1,"Amazon Brand - Happy Belly Granulated Garlic, 24 Ounces",out of stock,4.8,"8,025",https://m.media-amazon.com/images/I/71gyuQlY0FL._AC_UL320_.jpg,https://www.amazon.com//gp/slredirect/picassoRedirect.html/ref=pa_sp_atf_aps_sr_pg1_1?ie=UTF8&adId=A03179573O57MVK53H328&url=%2FAmazon-Brand-Granulated-Garlic-Ounces%2Fdp%2FB07QW1GKR1%2Fref%3Dsr_1_1_sspa%3Fdchild%3D1%26keywords%3Dgarlic%2BGranulated%26qid%3D1621592739%26sr%3D8-1-spons%26psc%3D1&qualifier=1621592739&id=7795165248872897&widgetName=sp_atf,Amazon's 
2,B07QW1GKR1,"Amazon Brand - Happy Belly Granulated Garlic, 24 Ounces",out of stock,4.8,"8,025",https://m.media-amazon.com/images/I/71gyuQlY0FL._AC_UL320_.jpg,https://www.amazon.com//Amazon-Brand-Granulated-Garlic-Ounces/dp/B07QW1GKR1/ref=sr_1_2?dchild=1&keywords=garlic+Granulated&qid=1621592739&sr=8-2,Amazon's 
3,B001PQMJIY,"McCormick 930443 Granulated Garlic, 26 Oz",out of stock,4.8,"6,585",https://m.media-amazon.com/images/I/81xzpn+wYuL._AC_UL320_.jpg,https://www.amazon.com//McCormick-Granulated-Garlic-26-oz/dp/B001PQMJIY/ref=sr_1_3?dchild=1&keywords=garlic+Granulated&qid=1621592739&sr=8-3,not be a best
4,B06Y5SHSR7,Badia Garlic Granulated 1.5 lbs (Pack of 1),out of stock,4.9,128,https://m.media-amazon.com/images/I/71dssFXGlML._AC_UL320_.jpg,https://www.amazon.com//Badia-Garlic-Granulated-1-5-Pack/dp/B06Y5SHSR7/ref=sr_1_4?dchild=1&keywords=garlic+Granulated&qid=1621592739&sr=8-4,not be a best
5,B000YV4YB6,"McCormick Culinary Granulated Garlic, 26 oz",out of stock,4.9,302,https://m.media-amazon.com/images/I/71POzLujXmL._AC_UL320_.jpg,https://www.amazon.com//McCormick-Culinary-Granulated-Garlic-26/dp/B000YV4YB6/ref=sr_1_5?dchild=1&keywords=garlic+Granulated&qid=1621592739&sr=8-5,not be a best
6,B06ZZ6YDKY,Badia Garlic Granulated 1.5 lbs Pack of 2,out of stock,4.8,187,https://m.media-amazon.com/images/I/81ndBaHWWKL._AC_UL320_.jpg,https://www.amazon.com//Badia-Garlic-Granulated-1-5-Pack/dp/B06ZZ6YDKY/ref=sr_1_6?dchild=1&keywords=garlic+Granulated&qid=1621592739&sr=8-6,not be a best
7,B07VVGKHLH,"Amazon Brand - Happy Belly Garlic, Granulated, 3.9 Ounces",out of stock,4.7,"1,834",https://m.media-amazon.com/images/I/71MHKIN8lQL._AC_UL320_.jpg,https://www.amazon.com//Amazon-Brand-Garlic-Granulated-Ounces/dp/B07VVGKHLH/ref=sr_1_7?dchild=1&keywords=garlic+Granulated&qid=1621592739&sr=8-7,not be a best
8,B07XYYN3XR,"US-FARMERS Natural Premium Quality Granulated Garlic in Jar, 7.5 Lbs",$34.80,4.7,115,https://m.media-amazon.com/images/I/81S91LaAsML._AC_UL320_.jpg,https://www.amazon.com//US-FARMERS-Natural-Premium-Quality-Granulated/dp/B07XYYN3XR/ref=sr_1_8?dchild=1&keywords=garlic+Granulated&qid=1621592739&sr=8-8,not be a best
9,B0049TZA26,"Kirkland Signature California granulated garlic, 18 oz",out of stock,4.8,978,https://m.media-amazon.com/images/I/91mBYu+qD5L._AC_UL320_.jpg,https://www.amazon.com//Kirkland-Signature-California-granulated-garlic/dp/B0049TZA26/ref=sr_1_9?dchild=1&keywords=garlic+Granulated&qid=1621592739&sr=8-9,not be a best
10,B00451XMWS,"Badia Granulated Garlic, 1.5-pounds (Pack of 6)",$27.54,4.7,81,https://m.media-amazon.com/images/I/71jpRIboENS._AC_UL320_.jpg,https://www.amazon.com//Badia-Granulated-Garlic-1-5-pounds-Pack/dp/B00451XMWS/ref=sr_1_10?dchild=1&keywords=garlic+Granulated&qid=1621592739&sr=8-10,not be a best
11,B082ZT2F9Z,"The Spice Way Granulated Garlic - Domestic, US Grown ( 8 oz ) resealable bag",out of stock,4.7,422,https://m.media-amazon.com/images/I/815ZEYynlOL._AC_UL320_.jpg,https://www.amazon.com//Spice-Way-Granulated-Garlic-resealable/dp/B082ZT2F9Z/ref=sr_1_11?dchild=1&keywords=garlic+Granulated&qid=1621592739&sr=8-11,not be a best
12,B00BHHHD5K,Chef's Quality Granulated Garlic 7 LB,out of stock,4.8,15,https://m.media-amazon.com/images/I/510YTmD--8L._AC_UL320_.jpg,https://www.amazon.com//Chefs-Quality-Granulated-Garlic-LB/dp/B00BHHHD5K/ref=sr_1_12?dchild=1&keywords=garlic+Granulated&qid=1621592739&sr=8-12,not be a best
13,B07NQQ9XR5,Gel Spice Granulated Garlic - Bulk Size - 44.9 OZ,out of stock,4.8,249,https://m.media-amazon.com/images/I/81O-gQmw4RL._AC_UL320_.jpg,https://www.amazon.com//Gel-Spice-Granulated-Garlic-Bulk/dp/B07NQQ9XR5/ref=sr_1_13?dchild=1&keywords=garlic+Granulated&qid=1621592739&sr=8-13,not be a best
14,B07VVGKHLH,"Amazon Brand - Happy Belly Garlic, Granulated, 3.9 Ounces",out of stock,4.7,"1,834",https://m.media-amazon.com/images/I/71MHKIN8lQL._AC_UL320_.jpg,https://www.amazon.com//gp/slredirect/picassoRedirect.html/ref=pa_sp_mtf_aps_sr_pg1_1?ie=UTF8&adId=A076064417MB79M0GI91W&url=%2FAmazon-Brand-Garlic-Granulated-Ounces%2Fdp%2FB07VVGKHLH%2Fref%3Dsr_1_14_sspa%3Fdchild%3D1%26keywords%3Dgarlic%2BGranulated%26qid%3D1621592739%26sr%3D8-14-spons%26psc%3D1&qualifier=1621592739&id=7795165248872897&widgetName=sp_mtf,not be a best
15,B08QDXK6K1,"US-FARMERS Natural Premium Quality Granulated Garlic in Jar, 7 Lbs",$31.99,4.9,10,https://m.media-amazon.com/images/I/81O9TxwUerL._AC_UL320_.jpg,https://www.amazon.com//US-FARMERS-Natural-Premium-Quality-Granulated/dp/B08QDXK6K1/ref=sr_1_15?dchild=1&keywords=garlic+Granulated&qid=1621592739&sr=8-15,not be a best
16,B001EQ56NA,"McCormick Garlic, Granulated, 26-Ounce Units (Pack of 2)",out of stock,5.0,8,https://m.media-amazon.com/images/I/81HbBBJ4jtS._AC_UL320_.jpg,https://www.amazon.com//McCormick-Garlic-Granulated-26-Ounce-Units/dp/B001EQ56NA/ref=sr_1_16?dchild=1&keywords=garlic+Granulated&qid=1621592739&sr=8-16,not be a best
17,B01N3SF6ZF,Olde Thompson 1400-18 Granulated Garlic 9.1 Oz,$4.98,4.8,263,https://m.media-amazon.com/images/I/71fVqtLH6CL._AC_UL320_.jpg,https://www.amazon.com//Olde-Thompson-1400-18-Granulated-Garlic/dp/B01N3SF6ZF/ref=sr_1_17?dchild=1&keywords=garlic+Granulated&qid=1621592739&sr=8-17,not be a best
18,B07QY1LLSH,"Naturevibe Botanicals Organic Garlic Minced, 1lb | Granulated Garlic Organic | Non-GMO and Gluten Free (16 ounces) [Packaging may vary]…",out of stock,4.4,372,https://m.media-amazon.com/images/I/81aEFn8ToWL._AC_UL320_.jpg,https://www.amazon.com//Organic-Garlic-Granules-Naturevibe-Botanicals/dp/B07QY1LLSH/ref=sr_1_18?dchild=1&keywords=garlic+Granulated&qid=1621592739&sr=8-18,not be a best
19,B004K6D35Y,"Morton & Basset Spices, Granulated Garlic with Parsley, 2.6 Ounce (Pack of 3)",$27.18,4.8,8,https://m.media-amazon.com/images/I/81tVk1SbckL._AC_UL320_.jpg,https://www.amazon.com//Morton-Basset-Spices-Granulated-Parsley/dp/B004K6D35Y/ref=sr_1_19?dchild=1&keywords=garlic+Granulated&qid=1621592739&sr=8-19,not be a best
20,B074VDFWS7,"365 by Whole Foods Market, Seasonings, Garlic Granules, 2.43 Ounce",out of stock,4.8,823,https://m.media-amazon.com/images/I/81wZHZol0XL._AC_UL320_.jpg,https://www.amazon.com//365-Everyday-Value-Garlic-Granules/dp/B074VDFWS7/ref=sr_1_20?dchild=1&keywords=garlic+Granulated&qid=1621592739&sr=8-20,not be a best
21,B083K11NH6,"Watkins Gourmet Spice, Organic Garlic Powder, 22.0 oz. Bottle, 1 Count (21808)",out of stock,4.8,"1,236",https://m.media-amazon.com/images/I/713DlbySaML._AC_UL320_.jpg,https://www.amazon.com//Watkins-Gourmet-Organic-Garlic-Powder/dp/B083K11NH6/ref=sr_1_21?dchild=1&keywords=garlic+Granulated&qid=1621592739&sr=8-21,not be a best
22,B07FH8XH4S,"McCormick Garlic Powder (Organic, Non-GMO, Kosher), 16.75 oz",out of stock,4.8,"1,238",https://m.media-amazon.com/images/I/919fzaqYK2L._AC_UL320_.jpg,https://www.amazon.com//McCormick-Garlic-Powder-Organic-Non-GMO/dp/B07FH8XH4S/ref=sr_1_22?dchild=1&keywords=garlic+Granulated&qid=1621592739&sr=8-22,not be a best
23,B00016XLMC,"Frontier Garlic Granules, 16-Ounces",out of stock,4.8,189,https://m.media-amazon.com/images/I/81+cp9Xwx2L._AC_UL320_.jpg,https://www.amazon.com//Frontier-2524-Garlic-Granules-16-Ounces/dp/B00016XLMC/ref=sr_1_23?dchild=1&keywords=garlic+Granulated&qid=1621592739&sr=8-23,not be a best
24,B074ZK8MQS,"McCormick Classic Garlic Powder, Value Size, 8.75 oz",out of stock,4.8,"6,785",https://m.media-amazon.com/images/I/81LHd4rmJ+L._AC_UL320_.jpg,https://www.amazon.com//McCormick-Garlic-Powder-8-75-oz/dp/B074ZK8MQS/ref=sr_1_24?dchild=1&keywords=garlic+Granulated&qid=1621592739&sr=8-24,not be a best
25,B075FXM92J,"McCormick Minced Garlic, 9 oz",out of stock,4.8,"1,592",https://m.media-amazon.com/images/I/81XXtPlt-AL._AC_UL320_.jpg,https://www.amazon.com//McCormick-Minced-Garlic-9-oz/dp/B075FXM92J/ref=sr_1_25?dchild=1&keywords=garlic+Granulated&qid=1621592739&sr=8-25,not be a best
26,B00T8K2CFO,Roasted garlic by Badia. 1.5 lb jar,out of stock,4.8,835,https://m.media-amazon.com/images/I/81a0xX+HiuL._AC_UL320_.jpg,https://www.amazon.com//Roasted-garlic-Badia-1-5-jar/dp/B00T8K2CFO/ref=sr_1_26?dchild=1&keywords=garlic+Granulated&qid=1621592739&sr=8-26,not be a best
27,B08DRD1MTY,"XQXQ Premium Acrylic Salt and Pepper Grinder Set, Manual Salt and Pepper Mills- Wooden Shakers with Adjustable Ceramic Core-Salt Grinder and Pepper Mill -8 Inches-Pack of 2",$26.99,4.6,323,https://m.media-amazon.com/images/I/61H9wQXTRmL._AC_UL320_.jpg,https://www.amazon.com//gp/slredirect/picassoRedirect.html/ref=pa_sp_mtf_aps_sr_pg1_1?ie=UTF8&adId=A01204722NDQBDWIH6QKY&url=%2FXQXQ-Premium-Adjustable-Core-Salt-Inches-Pack%2Fdp%2FB08DRD1MTY%2Fref%3Dsr_1_27_sspa%3Fdchild%3D1%26keywords%3Dgarlic%2BGranulated%26qid%3D1621592739%26sr%3D8-27-spons%26psc%3D1&qualifier=1621592739&id=7795165248872897&widgetName=sp_mtf,not be a best
28,B01MSAS5NN,"SALUSWARE - 6 PACK - 32 Oz with Red Cap - Plastic Spice Jars Bottles Containers - Perfect for Storing Spice, Herbs and Powders - Lined Cap - Safe Plastic - PET - BPA free - Made in the USA.",$15.99,4.7,187,https://m.media-amazon.com/images/I/81usabOxMaL._AC_UL320_.jpg,https://www.amazon.com//gp/slredirect/picassoRedirect.html/ref=pa_sp_mtf_aps_sr_pg1_1?ie=UTF8&adId=A0972375WHBKFRCXLYMP&url=%2FSALUSWARE-Plastic-Bottles-Containers-Perfect%2Fdp%2FB01MSAS5NN%2Fref%3Dsr_1_28_sspa%3Fdchild%3D1%26keywords%3Dgarlic%2BGranulated%26qid%3D1621592739%26sr%3D8-28-spons%26psc%3D1&qualifier=1621592739&id=7795165248872897&widgetName=sp_mtf,not be a best
29,B074VDM7GH,"365 by Whole Foods Market, Seasoning, Garlic Granules, 9.59 Ounce",out of stock,4.8,550,https://m.media-amazon.com/images/I/81m7XNxfWUL._AC_UL320_.jpg,https://www.amazon.com//365-Everyday-Value-Garlic-Granules/dp/B074VDM7GH/ref=sr_1_29?dchild=1&keywords=garlic+Granulated&qid=1621592739&sr=8-29,not be a best
30,B07VWMM683,"Amazon Brand - Happy Belly Garlic, Minced, 3.9 Ounces",out of stock,4.7,"1,286",https://m.media-amazon.com/images/I/71M9QS7Wg-L._AC_UL320_.jpg,https://www.amazon.com//Amazon-Brand-Garlic-Minced-Ounces/dp/B07VWMM683/ref=sr_1_30?dchild=1&keywords=garlic+Granulated&qid=1621592739&sr=8-30,not be a best
31,B07VWMM68J,"Amazon Brand - Happy Belly Onion Powder, 2.85 Ounces",out of stock,4.7,"3,755",https://m.media-amazon.com/images/I/71z14xyiU2L._AC_UL320_.jpg,https://www.amazon.com//Amazon-Brand-Happy-Powder-Ounces/dp/B07VWMM68J/ref=sr_1_31?dchild=1&keywords=garlic+Granulated&qid=1621592739&sr=8-31,not be a best
32,B00016XLHM,"Frontier Culinary Spices Garlic Granules, 2.7-Ounce Bottle",out of stock,4.7,243,https://m.media-amazon.com/images/I/71dRCTci0EL._AC_UL320_.jpg,https://www.amazon.com//Frontier-Culinary-Spices-Granules-2-7-Ounce/dp/B00016XLHM/ref=sr_1_32?dchild=1&keywords=garlic+Granulated&qid=1621592739&sr=8-32,not be a best
33,B00E5D8KZ0,"McCormick Garlic Salt, 9.5 oz",$14.47,4.8,538,https://m.media-amazon.com/images/I/81b-RyUkKvL._AC_UL320_.jpg,https://www.amazon.com//McCormick-Garlic-Salt-9-5-oz/dp/B00E5D8KZ0/ref=sr_1_33?dchild=1&keywords=garlic+Granulated&qid=1621592739&sr=8-33,not be a best
34,B013EBRCDY,"Frontier Co-op Garlic Granules, Certified Organic, Kosher | 1 lb. Bulk Bag | Allium sativum L.",$22.33,4.9,132,https://m.media-amazon.com/images/I/810YrsXg+fL._AC_UL320_.jpg,https://www.amazon.com//Frontier-Herb-Garlic-Organic-Granules/dp/B013EBRCDY/ref=sr_1_34?dchild=1&keywords=garlic+Granulated&qid=1621592739&sr=8-34,not be a best
35,B07BQ5L4ZN,"McCormick Garlic Spice Variety Pack (Garlic Powder, Minced Garlic, Roasted Garlic Powder, Garlic Salt), 4 Count",$20.52,4.8,502,https://m.media-amazon.com/images/I/91kzY8kOKRL._AC_UL320_.jpg,https://www.amazon.com//McCormick-Garlic-Cooking-Variety-Roasted/dp/B07BQ5L4ZN/ref=sr_1_35?dchild=1&keywords=garlic+Granulated&qid=1621592739&sr=8-35,not be a best
36,B000VK49ZG,"Simply Organic Garlic Powder, Certified Organic | 3.64 oz | Allium sativum L.",out of stock,4.9,658,https://m.media-amazon.com/images/I/41GHgll0VLL._AC_UL320_.jpg,https://www.amazon.com//Simply-Organic-Garlic-Powder-3-64/dp/B000VK49ZG/ref=sr_1_36?dchild=1&keywords=garlic+Granulated&qid=1621592739&sr=8-36,not be a best
37,B079QFN45R,Granulated Garlic - Non GMO - Hand-Packed In Magnetic Tins - Sustainably Sourced - Grown in USA - All Natural - Not Irradiated - Crafted By Gustus Vitae - 2.2 Oz Net Weight,out of stock,4.7,491,https://m.media-amazon.com/images/I/81oe+Sx8+eS._AC_UL320_.jpg,https://www.amazon.com//Granulated-Hand-Packed-Sustainably-Gustus-Vitae/dp/B079QFN45R/ref=sr_1_37?dchild=1&keywords=garlic+Granulated&qid=1621592739&sr=8-37,not be a best
38,B00TT5YQLG,Spicely Organic Garlic Granulates 1 Lb Bag Certified Gluten Free,out of stock,4.8,228,https://m.media-amazon.com/images/I/41BGUqPXAXL._AC_UL320_.jpg,https://www.amazon.com//Spicely-Organic-Garlic-Granulates-Certified/dp/B00TT5YQLG/ref=sr_1_38?dchild=1&keywords=garlic+Granulated&qid=1621592739&sr=8-38,not be a best
39,B01L0IK10E,"3 Packs :Kirkland Signature Granulated California Garlic, 18 Ounce",out of stock,4.9,36,https://m.media-amazon.com/images/I/61Ys18l-5zL._AC_UL320_.jpg,https://www.amazon.com//Packs-Kirkland-Signature-Granulated-California/dp/B01L0IK10E/ref=sr_1_39?dchild=1&keywords=garlic+Granulated&qid=1621592739&sr=8-39,not be a best
40,B00016XJX8,"CULINARY HERBS Bulk Garlic Granules, 1 LB",out of stock,4.6,14,https://m.media-amazon.com/images/I/81Qwf1ehi9L._AC_UL320_.jpg,https://www.amazon.com//Frontier-Natural-Products-Granulated-Garlic/dp/B00016XJX8/ref=sr_1_40?dchild=1&keywords=garlic+Granulated&qid=1621592739&sr=8-40,not be a best
41,B08LZV4F87,"Gourmspice Quality Granulated Garlic | High Grade Fresh Taste | Kosher Chef Spices and seasoning (Granulated Garlic 7lb, Chef's Size)",out of stock,4.9,61,https://m.media-amazon.com/images/I/71z5b-I9sCL._AC_UL320_.jpg,https://www.amazon.com//Gourmspice-Quality-Granulated-Garlic-seasoning/dp/B08LZV4F87/ref=sr_1_41?dchild=1&keywords=garlic+Granulated&qid=1621592739&sr=8-41,not be a best
42,B001PQOATU,"McCormick Fine Garlic Powder, 21 oz",out of stock,4.8,"5,867",https://m.media-amazon.com/images/I/81ztcUbpXSL._AC_UL320_.jpg,https://www.amazon.com//McCormick-Fine-Garlic-Powder-21/dp/B001PQOATU/ref=sr_1_42?dchild=1&keywords=garlic+Granulated&qid=1621592739&sr=8-42,not be a best
43,B07HPGCTH5,6 oz-Roasted Garlic Ground Powder / Ajo Asado en Polvo Molido Kosher,$8.95,4.7,203,https://m.media-amazon.com/images/I/71-6BHo5chL._AC_UL320_.jpg,https://www.amazon.com//oz-Roasted-Garlic-Ground-Powder-Molido/dp/B07HPGCTH5/ref=sr_1_43?dchild=1&keywords=garlic+Granulated&qid=1621592739&sr=8-43,not be a best
44,B01373CVJE,Badia Garlic and Parsley. 24 oz container. Large container,$17.01,4.7,272,https://m.media-amazon.com/images/I/41aw+0qtR4L._AC_UL320_.jpg,https://www.amazon.com//Badia-Garlic-Parsley-container-container/dp/B01373CVJE/ref=sr_1_44?dchild=1&keywords=garlic+Granulated&qid=1621592739&sr=8-44,not be a best
45,B06XH27PSB,Granulated Garlic Powder By Penzeys Spices 2.9 oz 1/2 cup jar,out of stock,4.7,107,https://m.media-amazon.com/images/I/31wyzIgIr4L._AC_UL320_.jpg,https://www.amazon.com//Granulated-Garlic-Powder-Penzeys-Spices/dp/B06XH27PSB/ref=sr_1_45?dchild=1&keywords=garlic+Granulated&qid=1621592739&sr=8-45,not be a best
46,B000HQRJ2O,"Morton & Bassett Granulated Garlic, 2.6-Ounce Jars (Pack of 3)",$28.02,4.9,34,https://m.media-amazon.com/images/I/517MFZ45QGL._AC_UL320_.jpg,https://www.amazon.com//Morton-Bassett-Granulated-Garlic-2-6-Ounce/dp/B000HQRJ2O/ref=sr_1_46?dchild=1&keywords=garlic+Granulated&qid=1621592739&sr=8-46,not be a best
47,B008OGCEHO,"McCormick Culinary Garlic Powder, 21 oz",out of stock,4.7,"1,539",https://m.media-amazon.com/images/I/71JjE7NCcQL._AC_UL320_.jpg,https://www.amazon.com//McCormick-Culinary-Garlic-Powder/dp/B008OGCEHO/ref=sr_1_47?dchild=1&keywords=garlic+Granulated&qid=1621592739&sr=8-47,not be a best
48,B08HVVLQQJ,"Granulated Garlic: 100% Natural, GMO Free, Gluten Free, No Salt, No MSG, No Additives, Non-Irradiated, Made from Fresh Whole Garlic Cloves, Kosher, Halal & Delicious | By Nawabi",out of stock,4.5,35,https://m.media-amazon.com/images/I/71TL7ed3lIL._AC_UL320_.jpg,https://www.amazon.com//Granulated-Garlic-Additives-Non-Irradiated-Delicious/dp/B08HVVLQQJ/ref=sr_1_48?dchild=1&keywords=garlic+Granulated&qid=1621592739&sr=8-48,not be a best
49,B0931QFGK7,Kirkland Signature Granulated California Garlic 16.6 OZ,$17.99,no rating,($1.08/Ounce),https://m.media-amazon.com/images/I/41wkmbyICaS._AC_UL320_.jpg,https://www.amazon.com//Kirkland-Signature-Granulated-California-Garlic/dp/B0931QFGK7/ref=sr_1_49?dchild=1&keywords=garlic+Granulated&qid=1621592739&sr=8-49,not be a best
50,B079F3QNR9,Regal Granulated Garlic - 5 lb.,$39.98,no rating,($39.98/Count),https://m.media-amazon.com/images/I/51M1vEJCtQL._AC_UL320_.jpg,https://www.amazon.com//Regal-Granulated-Garlic-5-lb/dp/B079F3QNR9/ref=sr_1_50?dchild=1&keywords=garlic+Granulated&qid=1621592739&sr=8-50,not be a best
51,B075KBD1Z7,"Naturevibe Botanicals USDA Organic Garlic Ground Powder 1lb | Raw, Gluten-Free & Non-GMO | Healthy Spice | Adds Flavor and Taste [Packaging May Vary]",out of stock,4.4,819,https://m.media-amazon.com/images/I/418VsVZkM9L._AC_UL320_.jpg,https://www.amazon.com//Naturevibe-Botanicals-Organic-Gluten-Free-Non-GMO/dp/B075KBD1Z7/ref=sr_1_51?dchild=1&keywords=garlic+Granulated&qid=1621592739&sr=8-51,not be a best
52,B07QX63VH3,"Amazon Brand - Happy Belly Mediterranean Spices Set: Oregano, Basil, Granulated Garlic",out of stock,4.7,331,https://m.media-amazon.com/images/I/81G8UZwYnIL._AC_UL320_.jpg,https://www.amazon.com//Amazon-Brand-Mediterranean-Oregano-Granulated/dp/B07QX63VH3/ref=sr_1_52?dchild=1&keywords=garlic+Granulated&qid=1621592739&sr=8-52,not be a best
53,B07VWMM683,"Amazon Brand - Happy Belly Garlic, Minced, 3.9 Ounces",out of stock,4.7,"1,286",https://m.media-amazon.com/images/I/71M9QS7Wg-L._AC_UL320_.jpg,https://www.amazon.com//gp/slredirect/picassoRedirect.html/ref=pa_sp_btf_aps_sr_pg1_1?ie=UTF8&adId=A02635723HRSMJUT8IYMR&url=%2FAmazon-Brand-Garlic-Minced-Ounces%2Fdp%2FB07VWMM683%2Fref%3Dsr_1_53_sspa%3Fdchild%3D1%26keywords%3Dgarlic%2BGranulated%26qid%3D1621592739%26sr%3D8-53-spons%26psc%3D1&qualifier=1621592739&id=7795165248872897&widgetName=sp_btf,not be a best
54,B016BRBXHY,"Mercer Culinary White Ultimate, 6 Inch Curved Boning Knife",$12.39,4.8,"4,799",https://m.media-amazon.com/images/I/51BkBICtL1L._AC_UL320_.jpg,https://www.amazon.com//gp/slredirect/picassoRedirect.html/ref=pa_sp_atf_next_aps_sr_pg2_1?ie=UTF8&adId=A03871622Z9SEEXR84G9R&url=%2FMercer-Culinary-Curved-Boning-Ultimate%2Fdp%2FB016BRBXHY%2Fref%3Dsr_1_49_sspa%3Fdchild%3D1%26keywords%3Dgarlic%2BGranulated%26qid%3D1621592753%26sr%3D8-49-spons%26psc%3D1&qualifier=1621592753&id=172867698233846&widgetName=sp_atf_next,not be a best
55,B08PP5J7GB,"Electric Garlic Chopper, USB Portable Charging Garlic Blender and Cutter, Mini Food Processor and Crusher, Kitchen Gadgets For Garlic, Onion, Chili, Pepper, Peanut, Meat, Fruit - Upgraded, 1 Cup",$16.98,4.1,53,https://m.media-amazon.com/images/I/71DmGgwz9PS._AC_UL320_.jpg,https://www.amazon.com//gp/slredirect/picassoRedirect.html/ref=pa_sp_atf_next_aps_sr_pg2_1?ie=UTF8&adId=A0157213VJMYL74HT063&url=%2FElectric-Chopper-Portable-Charging-Processor%2Fdp%2FB08PP5J7GB%2Fref%3Dsr_1_50_sspa%3Fdchild%3D1%26keywords%3Dgarlic%2BGranulated%26qid%3D1621592753%26sr%3D8-50-spons%26psc%3D1&qualifier=1621592753&id=172867698233846&widgetName=sp_atf_next,not be a best
56,B00H4G1ZRU,"Rubbermaid 1776501 3-Qt. Seal N' Saver Pitcher/Bottle (Pack of 2), 2 pack, Red",$19.85,4.6,"1,443",https://m.media-amazon.com/images/I/71kskyWIoWL._AC_UL320_.jpg,https://www.amazon.com//gp/slredirect/picassoRedirect.html/ref=pa_sp_atf_next_aps_sr_pg2_1?ie=UTF8&adId=A01409975LF4G40B0S6Z&url=%2FRubbermaid-085275708066-1776501-Pitcher-Bottle%2Fdp%2FB00H4G1ZRU%2Fref%3Dsr_1_51_sspa%3Fdchild%3D1%26keywords%3Dgarlic%2BGranulated%26qid%3D1621592753%26sr%3D8-51-spons%26psc%3D1%26smid%3DA1RKY43UJYB2O1&qualifier=1621592753&id=172867698233846&widgetName=sp_atf_next,not be a best
57,B00ATJTTL8,"Garlic, Roasted & Granulated-5Lb-Bulk Dried Granulated Garlic Spice",out of stock,4.5,17,https://m.media-amazon.com/images/I/71rjIz+vrBL._AC_UL320_.jpg,https://www.amazon.com//Garlic-Roasted-Granulated-5Lb-Bulk-Granulated-Spice/dp/B00ATJTTL8/ref=sr_1_52?dchild=1&keywords=garlic+Granulated&qid=1621592753&sr=8-52,not be a best
58,B07PD2GJ84,"Here's Organic (Garlic, Jar)",out of stock,4.2,32,https://m.media-amazon.com/images/I/81cstowfn-L._AC_UL320_.jpg,https://www.amazon.com//Organic-Garlic-Granules-Certified-Kosher/dp/B07PD2GJ84/ref=sr_1_53?dchild=1&keywords=garlic+Granulated&qid=1621592753&sr=8-53,not be a best
59,B07J2RV922,5 oz-Bottle Ground Garlic and Parsley Seasoning / Ajo Molido y Perejil Kosher,$9.59,4.6,21,https://m.media-amazon.com/images/I/81-X7hZg8rL._AC_UL320_.jpg,https://www.amazon.com//oz-Bottle-Ground-Parsley-Seasoning-Perejil/dp/B07J2RV922/ref=sr_1_54?dchild=1&keywords=garlic+Granulated&qid=1621592753&sr=8-54,not be a best
60,B000SMVWG6,"Frontier Co-op Garlic Granules, Kosher, Non-irradiated | 1 lb. Bulk Bag | Sustainably Grown | Allium sativum L.",$19.86,4.8,60,https://m.media-amazon.com/images/I/810YrsXg+fL._AC_UL320_.jpg,https://www.amazon.com//Frontier-Garlic-Granulated-Organic/dp/B000SMVWG6/ref=sr_1_55?dchild=1&keywords=garlic+Granulated&qid=1621592753&sr=8-55,not be a best
61,B000UVUHTS,"Frontier Co-op Garlic Granules, Roasted, Kosher | 1 lb. Bulk Bag | Allium sativum L.",$20.85,4.8,22,https://m.media-amazon.com/images/I/51MpkGL1QiL._AC_UL320_.jpg,https://www.amazon.com//Frontier-Natural-Products-Granules-Roasted/dp/B000UVUHTS/ref=sr_1_56?dchild=1&keywords=garlic+Granulated&qid=1621592753&sr=8-56,not be a best
62,B07DK1PXFD,"Spice Classics Granulated Garlic, 25 lbs",out of stock,4.6,138,https://m.media-amazon.com/images/I/81gZizVnB9L._AC_UL320_.jpg,https://www.amazon.com//Spice-Classics-Granulated-Garlic-Pound/dp/B07DK1PXFD/ref=sr_1_57?dchild=1&keywords=garlic+Granulated&qid=1621592753&sr=8-57,not be a best
63,B008OGCFCI,"McCormick Culinary Garlic Salt, 41.25 oz",out of stock,4.8,397,https://m.media-amazon.com/images/I/71Ss4S-5nLL._AC_UL320_.jpg,https://www.amazon.com//McCormick-Culinary-Garlic-Salt-41-25/dp/B008OGCFCI/ref=sr_1_58?dchild=1&keywords=garlic+Granulated&qid=1621592753&sr=8-58,not be a best
64,B01B9N3IPA,"Organic Garlic Gold Nuggets, Crunchy Roasted Garlic Seasoning Granules, Sodium Free no MSG Free, Vegan Keto Paleo Friendly Food, 2.1 Oz Jar (Pack of 3)",$18.49,4.8,448,https://m.media-amazon.com/images/I/81ePQDBlq2L._AC_UL320_.jpg,https://www.amazon.com//Garlic-Gold-Seasoning-Granules-Friendly/dp/B01B9N3IPA/ref=sr_1_59?dchild=1&keywords=garlic+Granulated&qid=1621592753&sr=8-59,not be a best
65,B072FL8GMJ,"Azure Market Organics Garlic Granules, Organic - 1 lb",out of stock,4.5,42,https://m.media-amazon.com/images/I/914ksgBVGBL._AC_UL320_.jpg,https://www.amazon.com//Azure-Market-Organics-Granules-Organic/dp/B072FL8GMJ/ref=sr_1_60?dchild=1&keywords=garlic+Granulated&qid=1621592753&sr=8-60,not be a best
66,B00016XLG8,"Frontier Herb Organic Garlic Granules, 2.7 oz",$10.73,4.8,29,https://m.media-amazon.com/images/I/71O+YQb2GjL._AC_UL320_.jpg,https://www.amazon.com//Frontier-Herb-Organic-Garlic-Granules/dp/B00016XLG8/ref=sr_1_61?dchild=1&keywords=garlic+Granulated&qid=1621592753&sr=8-61,not be a best
67,B004MGB10G,"The Spice Hunter Garlic, Granulated, Organic, 2.2-Ounce Jar",$10.73,5.0,10,https://m.media-amazon.com/images/I/613JHUC03yL._AC_UL320_.jpg,https://www.amazon.com//Spice-Hunter-Granulated-Organic-2-2-Ounce/dp/B004MGB10G/ref=sr_1_62?dchild=1&keywords=garlic+Granulated&qid=1621592753&sr=8-62,not be a best
68,B07RVCMDXR,Pinch Spice Market-Garlic Granules Grown in the USA-Highest Quality Organic,$10.00,4.7,113,https://m.media-amazon.com/images/I/61JGTwWQrEL._AC_UL320_.jpg,https://www.amazon.com//Pinch-Spice-Market-Garlic-Granules-USA-Highest/dp/B07RVCMDXR/ref=sr_1_63?dchild=1&keywords=garlic+Granulated&qid=1621592753&sr=8-63,not be a best
69,B01MQ0SMAK,"Kirkland Signature Granulated California Garlic, 18 Ounce (Pack of 4)",$44.90,4.7,21,https://m.media-amazon.com/images/I/619D5G9nolL._AC_UL320_.jpg,https://www.amazon.com//Kirkland-Signature-Granulated-California-Garlic/dp/B01MQ0SMAK/ref=sr_1_64?dchild=1&keywords=garlic+Granulated&qid=1621592753&sr=8-64,not be a best
70,B00A43ZCZ6,"Garlic, Roasted and Granulated-8oz-Medium Cut of this Important Spice",out of stock,4.7,79,https://m.media-amazon.com/images/I/71rjIz+vrBL._AC_UL320_.jpg,https://www.amazon.com//Garlic-Roasted-Granulated-8oz-Medium-Important-Spice/dp/B00A43ZCZ6/ref=sr_1_65?dchild=1&keywords=garlic+Granulated&qid=1621592753&sr=8-65,not be a best
71,B088WL6BWG,Four Seasons Harvest California Granulated Garlic (Non-GMO & Kosher Certified) - 14 Oz,$16.99,5.0,2,https://m.media-amazon.com/images/I/71O7tVumnaL._AC_UL320_.jpg,https://www.amazon.com//Four-Seasons-Harvest-California-Granulated/dp/B088WL6BWG/ref=sr_1_66?dchild=1&keywords=garlic+Granulated&qid=1621592753&sr=8-66,not be a best
72,B07VKQ97ZY,Yamees Minced Garlic - 24 Oz (12 Oz Each) – Garlic Minced – Minced Garlic Dry – Dry Minced Garlic – Bulk Spices,out of stock,4.6,199,https://m.media-amazon.com/images/I/71uHcCfh6SL._AC_UL320_.jpg,https://www.amazon.com//Yamees-Minced-Garlic-Spices-Ounce/dp/B07VKQ97ZY/ref=sr_1_67?dchild=1&keywords=garlic+Granulated&qid=1621592753&sr=8-67,not be a best
73,B008OGCMTY,"McCormick Culinary Minced Onion, 17 oz",out of stock,4.8,"2,344",https://m.media-amazon.com/images/I/81M2LZ9CuCL._AC_UL320_.jpg,https://www.amazon.com//McCormick-Culinary-Minced-Onion-17/dp/B008OGCMTY/ref=sr_1_68?dchild=1&keywords=garlic+Granulated&qid=1621592753&sr=8-68,not be a best
74,B0054M0NOM,"Badia Garlic Minced, 1.5 Pound (PP-GRCE11861)",$16.32,4.8,785,https://m.media-amazon.com/images/I/71M+Kwo4nES._AC_UL320_.jpg,https://www.amazon.com//Badia-Garlic-Minced-1-5-Pound/dp/B0054M0NOM/ref=sr_1_69?dchild=1&keywords=garlic+Granulated&qid=1621592753&sr=8-69,not be a best
75,B07YCMQ1K3,Yamees Bulk Essential Spices - Onion and Garlic Powder Bulk - 24 Oz (12 Oz Each),out of stock,4.6,199,https://m.media-amazon.com/images/I/71x+YkPsmrL._AC_UL320_.jpg,https://www.amazon.com//Yamees-Onion-Garlic-Powder-Ounce/dp/B07YCMQ1K3/ref=sr_1_70?dchild=1&keywords=garlic+Granulated&qid=1621592753&sr=8-70,not be a best
76,B005HUWC22,"McCormick California Style Garlic Powder With Parsley Coarse Grind Blend, 24 Ounce",$17.34,4.8,"10,510",https://m.media-amazon.com/images/I/81dOYU96nsL._AC_UL320_.jpg,https://www.amazon.com//McCormick-California-Coarse-Garlic-Parsley/dp/B005HUWC22/ref=sr_1_71?dchild=1&keywords=garlic+Granulated&qid=1621592753&sr=8-71,Best Seller
77,B000B6FLR0,"McCormick California Style Garlic Powder with Parsley Coarse Grind Blend, 6 oz (Pack of 12)",out of stock,4.6,37,https://m.media-amazon.com/images/I/81eds7iNaJL._AC_UL320_.jpg,https://www.amazon.com//McCormick-California-Coarse-Parsley-6-Ounce/dp/B000B6FLR0/ref=sr_1_72?dchild=1&keywords=garlic+Granulated&qid=1621592753&sr=8-72,not be a best
78,B00884RDCI,"SFL GARLIC, GRANULATED - 5 LB RESEALABLE BAG - KOSHER - PREMIUM QUALITY",out of stock,4.8,15,https://m.media-amazon.com/images/I/31V0jzez0OL._AC_UL320_.jpg,https://www.amazon.com//SFL-GARLIC-GRANULATED-RESEALABLE-PREMIUM/dp/B00884RDCI/ref=sr_1_73?dchild=1&keywords=garlic+Granulated&qid=1621592753&sr=8-73,not be a best
79,B08L1W9C65,"Spices Village Granulated Garlic, Garlic Powder for Cooking and Seasoning, Dried Garlic Granules, Kosher Certified, Gluten Free, Non GMO Spices, Resealable Bulk Bag 8 Oz",out of stock,4.3,25,https://m.media-amazon.com/images/I/61IefTSrn7S._AC_UL320_.jpg,https://www.amazon.com//Spices-Village-Granulated-Seasoning-Resealable/dp/B08L1W9C65/ref=sr_1_74?dchild=1&keywords=garlic+Granulated&qid=1621592753&sr=8-74,not be a best
80,B08WM1WYVT,"Fine Garlic Granulated (20 oz) – Minced & Dried Garlic Granulated Seasoning Mix ¬– Made In USA, Preservative Free Herbs, Spices & Seasonings",out of stock,no rating,no review,https://m.media-amazon.com/images/I/718i-KvdGWL._AC_UL320_.jpg,https://www.amazon.com//Fine-Garlic-Granulated-Preservative-Seasonings/dp/B08WM1WYVT/ref=sr_1_75?dchild=1&keywords=garlic+Granulated&qid=1621592753&sr=8-75,not be a best
81,B06WP1HKQG,Set of 10 Magnetic Tins | Sift and Pour Lid | Spice Tins or Small Object Storage | 4oz. Volume | #P4,$19.05,4.0,81,https://m.media-amazon.com/images/I/91Q9LwaIt+L._AC_UL320_.jpg,https://www.amazon.com//gp/slredirect/picassoRedirect.html/ref=pa_sp_mtf_aps_sr_pg2_1?ie=UTF8&adId=A0249630S2KL4OI9OMNA&url=%2FMagnetic-Spice-Small-Object-Storage%2Fdp%2FB06WP1HKQG%2Fref%3Dsr_1_76_sspa%3Fdchild%3D1%26keywords%3Dgarlic%2BGranulated%26qid%3D1621592753%26sr%3D8-76-spons%26psc%3D1&qualifier=1621592753&id=172867698233846&widgetName=sp_mtf,not be a best
82,B06VSLCH12,Set of 20 Magnetic Tins | Sift and Pour Lid | Spice Tins or Small Object Storage | 4oz. Volume | #P3,$34.99,4.4,253,https://m.media-amazon.com/images/I/81u3E8h2OgL._AC_UL320_.jpg,https://www.amazon.com//gp/slredirect/picassoRedirect.html/ref=pa_sp_mtf_aps_sr_pg2_1?ie=UTF8&adId=A02610901CMI18Y7XU7TO&url=%2FSet-20-Magnetic-Object-Storage%2Fdp%2FB06VSLCH12%2Fref%3Dsr_1_77_sspa%3Fdchild%3D1%26keywords%3Dgarlic%2BGranulated%26qid%3D1621592753%26sr%3D8-77-spons%26psc%3D1&qualifier=1621592753&id=172867698233846&widgetName=sp_mtf,not be a best
83,B000V8DFL2,"McCormick Perfect Pinch, Salt Free Garlic & Herb, 2.75 oz",out of stock,4.8,827,https://m.media-amazon.com/images/I/81d5qa7aMLL._AC_UL320_.jpg,https://www.amazon.com//McCormick-Perfect-Pinch-Salt-Garlic/dp/B000V8DFL2/ref=sr_1_78?dchild=1&keywords=garlic+Granulated&qid=1621592753&sr=8-78,not be a best
84,B006K3UXAS,"Durkee Roasted Garlic Seasoning Blend, 21 Ounce Containers",$25.17,4.6,30,https://m.media-amazon.com/images/I/81NiW5LakwL._AC_UL320_.jpg,https://www.amazon.com//Durkee-Roasted-Garlic-Seasoning-Containers/dp/B006K3UXAS/ref=sr_1_79?dchild=1&keywords=garlic+Granulated&qid=1621592753&sr=8-79,not be a best
85,B086K1XVWL,Natural Earth Products - Organic Granulated Garlic - OU-Kosher - 2.8 Oz (79.38 g) (Single),out of stock,5.0,1,https://m.media-amazon.com/images/I/714uHgUZa9L._AC_UL320_.jpg,https://www.amazon.com//Natural-Earth-Products-Granulated-OU-Kosher/dp/B086K1XVWL/ref=sr_1_80?dchild=1&keywords=garlic+Granulated&qid=1621592753&sr=8-80,not be a best
86,B008OGCFKA,"McCormick Culinary Minced Garlic, 23 oz",out of stock,4.8,609,https://m.media-amazon.com/images/I/81agzDHheQL._AC_UL320_.jpg,https://www.amazon.com//McCormick-Culinary-Minced-Garlic-23/dp/B008OGCFKA/ref=sr_1_81?dchild=1&keywords=garlic+Granulated&qid=1621592753&sr=8-81,not be a best
87,B07NPMGBCC,Lawry's Garlic Powder 5.5 oz,out of stock,5.0,4,https://m.media-amazon.com/images/I/51pu7F579oL._AC_UL320_.jpg,https://www.amazon.com//Lawrys-Garlic-Powder-5-5-oz/dp/B07NPMGBCC/ref=sr_1_82?dchild=1&keywords=garlic+Granulated&qid=1621592753&sr=8-82,not be a best
88,B005F5K1F4,"Goya Minced Garlic, 4.25 oz",out of stock,4.8,7,https://m.media-amazon.com/images/I/918LH0wLUCL._AC_UL320_.jpg,https://www.amazon.com//Goya-Minced-Garlic-4-25-oz/dp/B005F5K1F4/ref=sr_1_83?dchild=1&keywords=garlic+Granulated&qid=1621592753&sr=8-83,not be a best
89,B00JPY0VSI,"Marshall’s Creek Spices Refill Pouch Granulated Garlic Powder Seasoning, XL, 20 Ounce",out of stock,4.5,16,https://m.media-amazon.com/images/I/81S-tA2MGML._AC_UL320_.jpg,https://www.amazon.com//Marshalls-Creek-Spices-Granulated-Seasoning/dp/B00JPY0VSI/ref=sr_1_84?dchild=1&keywords=garlic+Granulated&qid=1621592753&sr=8-84,not be a best
90,B000HQPHQO,"Morton & Bassett Organic Granulated Garlic, 2.6-Ounce Jars (Pack of 3)",out of stock,4.3,9,https://m.media-amazon.com/images/I/41F6QU1dLYL._AC_UL320_.jpg,https://www.amazon.com//Morton-Bassett-Organic-Granulated-2-6-Ounce/dp/B000HQPHQO/ref=sr_1_85?dchild=1&keywords=garlic+Granulated&qid=1621592753&sr=8-85,not be a best
91,B07L564PQQ,"Yimi Dried Minced Normal Garlic Granulated Garlic, Gluten Free, No MSG, 7.4 ounces",out of stock,4.4,41,https://m.media-amazon.com/images/I/71qu7kZsiML._AC_UL320_.jpg,https://www.amazon.com//Yimi-Premium-Minced-Natural-Resealable/dp/B07L564PQQ/ref=sr_1_86?dchild=1&keywords=garlic+Granulated&qid=1621592753&sr=8-86,not be a best
92,B00ICT2SMO,Kirkland Signature Granulated California Garlic 18 oz by Kirkland [Foods],out of stock,4.0,8,https://m.media-amazon.com/images/I/410YcS7BGeL._AC_UL320_.jpg,https://www.amazon.com//Kirkland-Signature-Granulated-California-Garlic/dp/B00ICT2SMO/ref=sr_1_87?dchild=1&keywords=garlic+Granulated&qid=1621592753&sr=8-87,not be a best
93,B08W3XZSL3,"Monumental Spices Garlic Powder, 11.5 oz",out of stock,4.7,4,https://m.media-amazon.com/images/I/71M2TE4USzL._AC_UL320_.jpg,https://www.amazon.com//Monumental-Spices-Garlic-Powder-11-5/dp/B08W3XZSL3/ref=sr_1_88?dchild=1&keywords=garlic+Granulated&qid=1621592753&sr=8-88,not be a best
94,B001A3EDU4,"Colorado Spice Garlic, Granulated, 2 Lbs 3 Oz",out of stock,4.8,26,https://m.media-amazon.com/images/I/71X6kfNW5VL._AC_UL320_.jpg,https://www.amazon.com//Colorado-Spice-Garlic-Granulated-Lbs/dp/B001A3EDU4/ref=sr_1_89?dchild=1&keywords=garlic+Granulated&qid=1621592753&sr=8-89,not be a best
95,B00UXHXU66,Spicely Organic Garlic Powder 1 Lb Bag Certified Gluten Free,out of stock,4.6,210,https://m.media-amazon.com/images/I/41DieKmIkPL._AC_UL320_.jpg,https://www.amazon.com//Spicely-Organic-Garlic-Powder-Certified/dp/B00UXHXU66/ref=sr_1_90?dchild=1&keywords=garlic+Granulated&qid=1621592753&sr=8-90,not be a best
96,B08TGQ8L9Q,"Olde Thompson California Granulated Garlic, 16.6 Ounce",$15.98,no rating,($1.00/Ounce),https://m.media-amazon.com/images/I/61QqOQC5JPL._AC_UL320_.jpg,https://www.amazon.com//Olde-Thompson-California-Granulated-Garlic/dp/B08TGQ8L9Q/ref=sr_1_91?dchild=1&keywords=garlic+Granulated&qid=1621592753&sr=8-91,not be a best
97,B07HN24QGV,Morton & Bassett Garlic Powder 2.6 ounce,$14.69,4.8,132,https://m.media-amazon.com/images/I/71elelmEwwL._AC_UL320_.jpg,https://www.amazon.com//MORTON-BASSET-Garlic-Powder-2-6/dp/B07HN24QGV/ref=sr_1_92?dchild=1&keywords=garlic+Granulated&qid=1621592753&sr=8-92,not be a best
98,B000RYCK2U,"McCormick Garlic Powder, 3.12 oz",out of stock,4.8,"5,867",https://m.media-amazon.com/images/I/81MONSDYFPL._AC_UL320_.jpg,https://www.amazon.com//McCormick-Garlic-Powder-3-12-Ounce/dp/B000RYCK2U/ref=sr_1_93?dchild=1&keywords=garlic+Granulated&qid=1621592753&sr=8-93,not be a best
99,B005VGXWOE,Grinders Garlic Pepper Seasoning - 6 Pack,out of stock,4.9,113,https://m.media-amazon.com/images/I/81avngyMSxL._AC_UL320_.jpg,https://www.amazon.com//Grinders-Garlic-Pepper-Seasoning-Pack/dp/B005VGXWOE/ref=sr_1_94?dchild=1&keywords=garlic+Granulated&qid=1621592753&sr=8-94,not be a best
100,B08RBCQ6T6,"Blue Rooster California-Grown Organic Garlic Powder - 100% Made in USA, Keto Friendly, Gluten-Free, Non-GMO, Vegan, Smooth Deep Flavor, Extra Fine Grind, No Grittiness (Net Wt. 2.8 oz)",out of stock,4.9,29,https://m.media-amazon.com/images/I/81rtNTawhdL._AC_UL320_.jpg,https://www.amazon.com//Blue-Rooster-California-Grown-Organic-Garlic/dp/B08RBCQ6T6/ref=sr_1_95?dchild=1&keywords=garlic+Granulated&qid=1621592753&sr=8-95,not be a best
101,B0004JR8W0,"Spice World, Minced Garlic, 32 Oz",out of stock,4.8,950,https://m.media-amazon.com/images/I/41oBpykdnhL._AC_UL320_.jpg,https://www.amazon.com//Spice-World-Minced-Garlic-32/dp/B0004JR8W0/ref=sr_1_96?dchild=1&keywords=garlic+Granulated&qid=1621592753&sr=8-96,not be a best
102,B073RKPLF4,"Member's Mark Granulated Garlic by Tone's, 7.25 Pound",out of stock,no rating,no review,https://m.media-amazon.com/images/I/81+Pch1sqkL._AC_UL320_.jpg,https://www.amazon.com//Members-Mark-Granulated-Garlic-Tones/dp/B073RKPLF4/ref=sr_1_97?dchild=1&keywords=garlic+Granulated&qid=1621592753&sr=8-97,not be a best
103,B00U9VQHL6,"Litehouse Freeze Dried Garlic, 1.58 Ounce, 4-Pack",$22.95,4.8,"1,346",https://m.media-amazon.com/images/I/71V9lqd8Z5L._AC_UL320_.jpg,https://www.amazon.com//Litehouse-Freeze-Dried-Garlic-4-Pack/dp/B00U9VQHL6/ref=sr_1_98?dchild=1&keywords=garlic+Granulated&qid=1621592753&sr=8-98,not be a best
104,B07DK1F14X,"Spice Classics Garlic Powder, 5.25 lbs",out of stock,4.7,366,https://m.media-amazon.com/images/I/71NbwQCCSvL._AC_UL320_.jpg,https://www.amazon.com//Spice-Classics-Garlic-Powder-Pound/dp/B07DK1F14X/ref=sr_1_99?dchild=1&keywords=garlic+Granulated&qid=1621592753&sr=8-99,not be a best
105,B00016XLHC,"Frontier Garlic Powder, 2.4-Ounce Bottle",out of stock,4.8,238,https://m.media-amazon.com/images/I/71Avu8VT5QL._AC_UL320_.jpg,https://www.amazon.com//Frontier-Garlic-Powder-2-4-Ounce-Bottle/dp/B00016XLHC/ref=sr_1_100?dchild=1&keywords=garlic+Granulated&qid=1621592753&sr=8-100,not be a best
106,B001IZK7W2,"Simply Organic Garlic Pepper, Certified Organic | 3.73 oz | Pack of 3",$28.12,4.6,56,https://m.media-amazon.com/images/I/51Abl1BCPPL._AC_UL320_.jpg,https://www.amazon.com//Simply-Organic-Certified-3-73-Ounce-Containers/dp/B001IZK7W2/ref=sr_1_101?dchild=1&keywords=garlic+Granulated&qid=1621592753&sr=8-101,not be a best
107,B000RYCK2U,"McCormick Garlic Powder, 3.12 oz",out of stock,4.8,"5,867",https://m.media-amazon.com/images/I/81MONSDYFPL._AC_UL320_.jpg,https://www.amazon.com//McCormick-Garlic-Powder-3-12-Ounce/dp/B000RYCK2U/ref=sr_1_97?dchild=1&keywords=garlic+Granulated&qid=1621592767&sr=8-97,not be a best
108,B085FG38PN,"McCormick Fine Garlic Powder, 21 oz & McCormick Table Ground Black Pepper, 16 oz",25.62,no rating,no review,https://m.media-amazon.com/images/I/51f7Kkueu0L._AC_UL320_.jpg,https://www.amazon.com//McCormick-Garlic-Powder-Ground-Pepper/dp/B085FG38PN/ref=sr_1_98?dchild=1&keywords=garlic+Granulated&qid=1621592767&sr=8-98,not be a best
109,B005VGXWOE,Grinders Garlic Pepper Seasoning - 6 Pack,out of stock,4.9,113,https://m.media-amazon.com/images/I/81avngyMSxL._AC_UL320_.jpg,https://www.amazon.com//Grinders-Garlic-Pepper-Seasoning-Pack/dp/B005VGXWOE/ref=sr_1_99?dchild=1&keywords=garlic+Granulated&qid=1621592767&sr=8-99,not be a best
110,B0004JR8W0,"Spice World, Minced Garlic, 32 Oz",out of stock,4.8,950,https://m.media-amazon.com/images/I/41oBpykdnhL._AC_UL320_.jpg,https://www.amazon.com//Spice-World-Minced-Garlic-32/dp/B0004JR8W0/ref=sr_1_100?dchild=1&keywords=garlic+Granulated&qid=1621592767&sr=8-100,not be a best
111,B073RKPLF4,"Member's Mark Granulated Garlic by Tone's, 7.25 Pound",out of stock,no rating,no review,https://m.media-amazon.com/images/I/81+Pch1sqkL._AC_UL320_.jpg,https://www.amazon.com//Members-Mark-Granulated-Garlic-Tones/dp/B073RKPLF4/ref=sr_1_101?dchild=1&keywords=garlic+Granulated&qid=1621592767&sr=8-101,not be a best
112,B00U9VQHL6,"Litehouse Freeze Dried Garlic, 1.58 Ounce, 4-Pack",$22.95,4.8,"1,346",https://m.media-amazon.com/images/I/71V9lqd8Z5L._AC_UL320_.jpg,https://www.amazon.com//Litehouse-Freeze-Dried-Garlic-4-Pack/dp/B00U9VQHL6/ref=sr_1_102?dchild=1&keywords=garlic+Granulated&qid=1621592767&sr=8-102,not be a best
113,B07DK1F14X,"Spice Classics Garlic Powder, 5.25 lbs",out of stock,4.7,366,https://m.media-amazon.com/images/I/71NbwQCCSvL._AC_UL320_.jpg,https://www.amazon.com//Spice-Classics-Garlic-Powder-Pound/dp/B07DK1F14X/ref=sr_1_103?dchild=1&keywords=garlic+Granulated&qid=1621592767&sr=8-103,not be a best
114,B00016XLHC,"Frontier Garlic Powder, 2.4-Ounce Bottle",out of stock,4.8,238,https://m.media-amazon.com/images/I/71Avu8VT5QL._AC_UL320_.jpg,https://www.amazon.com//Frontier-Garlic-Powder-2-4-Ounce-Bottle/dp/B00016XLHC/ref=sr_1_104?dchild=1&keywords=garlic+Granulated&qid=1621592767&sr=8-104,not be a best
115,B000B6FLR0,"McCormick California Style Garlic Powder with Parsley Coarse Grind Blend, 6 oz (Pack of 12)",out of stock,4.6,37,https://m.media-amazon.com/images/I/81eds7iNaJL._AC_UL320_.jpg,https://www.amazon.com//McCormick-California-Coarse-Parsley-6-Ounce/dp/B000B6FLR0/ref=sr_1_105?dchild=1&keywords=garlic+Granulated&qid=1621592767&sr=8-105,not be a best
116,B00BYHUX2S,"Marshalls Creek Spices Granulated Garlic Powder Seasoning, New Size, 10 Ounce …",$7.99,4.7,15,https://m.media-amazon.com/images/I/71atGoczfOL._AC_UL320_.jpg,https://www.amazon.com//Marshalls-Creek-Spices-Granulated-Seasoning/dp/B00BYHUX2S/ref=sr_1_106?dchild=1&keywords=garlic+Granulated&qid=1621592767&sr=8-106,not be a best
117,B001IZK7W2,"Simply Organic Garlic Pepper, Certified Organic | 3.73 oz | Pack of 3",$28.12,4.6,56,https://m.media-amazon.com/images/I/51Abl1BCPPL._AC_UL320_.jpg,https://www.amazon.com//Simply-Organic-Certified-3-73-Ounce-Containers/dp/B001IZK7W2/ref=sr_1_107?dchild=1&keywords=garlic+Granulated&qid=1621592767&sr=8-107,not be a best
118,B00BVUBFIE,"Garlic, Minced and Dried-4oz-Medium Sized Cut of Dried Garlic Spice",out of stock,4.8,41,https://m.media-amazon.com/images/I/61BLCy8Y3dL._AC_UL320_.jpg,https://www.amazon.com//Garlic-Minced-Dried-4oz-Medium-Sized-Dried/dp/B00BVUBFIE/ref=sr_1_108?dchild=1&keywords=garlic+Granulated&qid=1621592767&sr=8-108,not be a best
119,B06Y5QZM27,Badia Harlem Garlic Pepper 24 oz,$20.99,4.7,13,https://m.media-amazon.com/images/I/81MSCytMVqL._AC_UL320_.jpg,https://www.amazon.com//Badia-Harlem-Garlic-Pepper-24/dp/B06Y5QZM27/ref=sr_1_109?dchild=1&keywords=garlic+Granulated&qid=1621592767&sr=8-109,not be a best
120,B07831DDG4,"Badia Seasoning Garlic Powder, 8 oz",out of stock,5.0,14,https://m.media-amazon.com/images/I/41xMC+Nud4L._AC_UL320_.jpg,https://www.amazon.com//Badia-33844012007-Seasoning-Garlic-Powder/dp/B07831DDG4/ref=sr_1_110?dchild=1&keywords=garlic+Granulated&qid=1621592767&sr=8-110,not be a best
121,B08H5M2PDW,Spice LA Granulated Garlic 16 oz - Kosher Non-GMO,out of stock,4.5,2,https://m.media-amazon.com/images/I/61Zdg-ddqsL._AC_UL320_.jpg,https://www.amazon.com//Spice-Granulated-Garlic-16-Non-GMO/dp/B08H5M2PDW/ref=sr_1_111?dchild=1&keywords=garlic+Granulated&qid=1621592767&sr=8-111,not be a best
122,B08FH7MBVM,Naturevibe Botanicals Organic Garlic Granules (4.58oz),out of stock,4.2,3,https://m.media-amazon.com/images/I/71Qg+qxJP2L._AC_UL320_.jpg,https://www.amazon.com//Naturevibe-Botanicals-Organic-Garlic-Granules/dp/B08FH7MBVM/ref=sr_1_112?dchild=1&keywords=garlic+Granulated&qid=1621592767&sr=8-112,not be a best
123,B00060R890,"Szeged Garlic Powder, 5 ounces",out of stock,4.9,78,https://m.media-amazon.com/images/I/71jLFOfK2oL._AC_UL320_.jpg,https://www.amazon.com//Szeged-Garlic-Powder-5-ounces/dp/B00060R890/ref=sr_1_113?dchild=1&keywords=garlic+Granulated&qid=1621592767&sr=8-113,not be a best
124,B07L4ZFMVK,"Garlic Powder (1 lb) by PURE, Fine Ground & Dehydrated, Gluten-Free, Eco-Friendly Packaging",out of stock,4.6,276,https://m.media-amazon.com/images/I/610+F-UVTkL._AC_UL320_.jpg,https://www.amazon.com//Pure-Organic-Ingredients-Dehydrated-Eco-Friendly/dp/B07L4ZFMVK/ref=sr_1_114?dchild=1&keywords=garlic+Granulated&qid=1621592767&sr=8-114,not be a best
125,B005D8TH3U,"Lawry's Coarse Grind Garlic Powder with Parsley, 24 oz",$27.66,4.8,"2,562",https://m.media-amazon.com/images/I/81TH1zTsZgL._AC_UL320_.jpg,https://www.amazon.com//Lawrys-Garlic-Powder-Coarse-Parsley/dp/B005D8TH3U/ref=sr_1_115?dchild=1&keywords=garlic+Granulated&qid=1621592767&sr=8-115,not be a best
126,B06ZYSP889,Badia Harlem Garlic Pepper 6 oz Pack of 2,$8.96,4.7,41,https://m.media-amazon.com/images/I/81twDUv8ZuL._AC_UL320_.jpg,https://www.amazon.com//Badia-Harlem-Garlic-Pepper-Pack/dp/B06ZYSP889/ref=sr_1_116?dchild=1&keywords=garlic+Granulated&qid=1621592767&sr=8-116,not be a best
127,B08FWCPBYF,"McCormick Culinary Paprika, 18 oz & Granulated Garlic, 26 oz",22.99,5.0,1,https://m.media-amazon.com/images/I/51kp5Ff7AAL._AC_UL320_.jpg,https://www.amazon.com//McCormick-Culinary-Paprika-Granulated-Garlic/dp/B08FWCPBYF/ref=sr_1_117?dchild=1&keywords=garlic+Granulated&qid=1621592767&sr=8-117,not be a best
128,B074VCSHPH,"365 By Whole Foods Market, Garlic Granules Organic, 0.92 Ounce",out of stock,4.4,124,https://m.media-amazon.com/images/I/81lLqnNvcfL._AC_UL320_.jpg,https://www.amazon.com//365-Everyday-Value-Organic-Granules/dp/B074VCSHPH/ref=sr_1_118?dchild=1&keywords=garlic+Granulated&qid=1621592767&sr=8-118,not be a best
129,B08FW6GKM7,"McCormick Culinary Garlic Powder, 21 oz & Granulated Onion, 18 oz",21.70,5.0,1,https://m.media-amazon.com/images/I/51p5kXWz2-L._AC_UL320_.jpg,https://www.amazon.com//McCormick-Culinary-Garlic-Powder-Granulated/dp/B08FW6GKM7/ref=sr_1_119?dchild=1&keywords=garlic+Granulated&qid=1621592767&sr=8-119,not be a best
130,B07QTK6QY1,"Amazon Brand - Happy Belly Garlic Pepper, 24 Ounces",out of stock,4.7,920,https://m.media-amazon.com/images/I/71BtAhEOehL._AC_UL320_.jpg,https://www.amazon.com//Amazon-Brand-Garlic-Pepper-Ounces/dp/B07QTK6QY1/ref=sr_1_120?dchild=1&keywords=garlic+Granulated&qid=1621592767&sr=8-120,not be a best
131,B08GR63JFZ,Zaika Garlic Powder – Garlic Powder Seasoning – Incomparable Garlic Flavor – Strong Aroma and Taste – Fine Garlic Powder for Cooking – Natural Recipe with no Gluten or Additives – 200g Pack,out of stock,3.0,1,https://m.media-amazon.com/images/I/71xRkLDkqcL._AC_UL320_.jpg,https://www.amazon.com//Zaika-Garlic-Powder-Seasoning-Incomparable/dp/B08GR63JFZ/ref=sr_1_121?dchild=1&keywords=garlic+Granulated&qid=1621592767&sr=8-121,not be a best
132,B079F43LZF,Regal Garlic Powder - 5 lb.,out of stock,4.7,4,https://m.media-amazon.com/images/I/41IpXU7KFfL._AC_UL320_.jpg,https://www.amazon.com//Regal-Garlic-Powder-5-lb/dp/B079F43LZF/ref=sr_1_122?dchild=1&keywords=garlic+Granulated&qid=1621592767&sr=8-122,not be a best
133,B000WR8TT0,"Simply Organic Garlic Powder Certified Organic, 3.64-Ounce Container",out of stock,4.8,871,https://m.media-amazon.com/images/I/91SNp0nHwbL._AC_UL320_.jpg,https://www.amazon.com//Simply-Organic-Certified-3-64-Ounce-Container/dp/B000WR8TT0/ref=sr_1_123?dchild=1&keywords=garlic+Granulated&qid=1621592767&sr=8-123,not be a best
134,B000RHXIAU,"Minced Garlic, 10 Pound Box",$49.38,4.5,7,https://m.media-amazon.com/images/I/51Yik81WetL._AC_UL320_.jpg,https://www.amazon.com//Minced-Garlic-10-Lb-Bag/dp/B000RHXIAU/ref=sr_1_124?dchild=1&keywords=garlic+Granulated&qid=1621592767&sr=8-124,not be a best
135,B08DLZL4TP,Garlic Granules Allium satiovum 7 Oz 200 gm Gluten Free Ingredients Soliaura Ingredients Organically Grown,out of stock,no rating,no review,https://m.media-amazon.com/images/I/61CMOAdNKEL._AC_UL320_.jpg,https://www.amazon.com//Granules-Ingredients-Soliaura-Ingredients-Organically/dp/B08DLZL4TP/ref=sr_1_125?dchild=1&keywords=garlic+Granulated&qid=1621592767&sr=8-125,not be a best
136,B0014ZFFLY,Dulse Granules - Wild Atlantic - Sea Seasonings Shaker - Organic,$7.95,4.5,"1,449",https://m.media-amazon.com/images/I/418uzmrd-JL._AC_UL320_.jpg,https://www.amazon.com//MAINE-COAST-Organic-Dulse-Granules/dp/B0014ZFFLY/ref=sr_1_126?dchild=1&keywords=garlic+Granulated&qid=1621592767&sr=8-126,not be a best
137,B0047TG9NM,"Spice Islands Garlic Pepper, 2.7-Ounce (Pack of 3)",out of stock,5.0,26,https://m.media-amazon.com/images/I/41ikCtsVBOL._AC_UL320_.jpg,https://www.amazon.com//Spice-Islands-Garlic-Pepper-2-7-Ounce/dp/B0047TG9NM/ref=sr_1_127?dchild=1&keywords=garlic+Granulated&qid=1621592767&sr=8-127,not be a best
138,B091YL63D6,Prima Spice California Granulated Garlic Powder - 15 Oz - Kosher,out of stock,no rating,no review,https://m.media-amazon.com/images/I/810RBdn8srS._AC_UL320_.jpg,https://www.amazon.com//Prima-Spice-California-Granulated-Garlic/dp/B091YL63D6/ref=sr_1_128?dchild=1&keywords=garlic+Granulated&qid=1621592767&sr=8-128,not be a best
139,B079CRFL91,Kirkland Signature - Spices and Herbs - 14.5 Ounce Bottle - Pack of 2 (Granulated California Garlic),out of stock,5.0,69,https://m.media-amazon.com/images/I/71NFT+XJ6JL._AC_UL320_.jpg,https://www.amazon.com//Kirkland-Signature-Spices-Granulated-California/dp/B079CRFL91/ref=sr_1_129?dchild=1&keywords=garlic+Granulated&qid=1621592767&sr=8-129,not be a best
140,B01K23RF7U,"Spice World, Minced Garlic, 4.5 Oz",out of stock,4.8,"1,376",https://m.media-amazon.com/images/I/71A+MgKRNgL._AC_UL320_.jpg,https://www.amazon.com//Spice-World-Minced-Garlic-4-5/dp/B01K23RF7U/ref=sr_1_130?dchild=1&keywords=garlic+Granulated&qid=1621592767&sr=8-130,not be a best
141,B08WHLGYLK,"Spices Village Minced Garlic, All Natural Garlic Powder for Cooking and Seasoning, Fresh Dried Garlic Flakes, Gluten Free, Non GMO, MSG Free, Dry Garlic Minced, Resealable Bulk Bag 8 Oz",out of stock,no rating,no review,https://m.media-amazon.com/images/I/61PCRurJlCS._AC_UL320_.jpg,https://www.amazon.com//Spices-Village-Natural-Seasoning-Resealable/dp/B08WHLGYLK/ref=sr_1_131?dchild=1&keywords=garlic+Granulated&qid=1621592767&sr=8-131,not be a best
142,B06XXQDGQW,Badia Harlem Garlic Pepper 6 oz Pack of 3,$15.92,4.8,41,https://m.media-amazon.com/images/I/81PaORsk6cL._AC_UL320_.jpg,https://www.amazon.com//Badia-Harlem-Garlic-Pepper-Pack/dp/B06XXQDGQW/ref=sr_1_132?dchild=1&keywords=garlic+Granulated&qid=1621592767&sr=8-132,not be a best
143,B07DVRT4CW,"Tastefully Simple Garlic Garlic Seasoning Blend, No MSG, All Natural, No Preservatives, and Kosher - 4.5 oz (3 Pack",out of stock,4.9,"1,433",https://m.media-amazon.com/images/I/71di4HBWHDL._AC_UL320_.jpg,https://www.amazon.com//Tastefully-Simple-Garlic-Seasoning-3-Pack/dp/B07DVRT4CW/ref=sr_1_133?dchild=1&keywords=garlic+Granulated&qid=1621592767&sr=8-133,not be a best
144,B086K255NX,Natural Earth Products - Organic Granulated Garlic - OU-Kosher - 2.8 Oz (79.38 g) (2-Pack),out of stock,no rating,no review,https://m.media-amazon.com/images/I/61fU6Dm1NFL._AC_UL320_.jpg,https://www.amazon.com//Natural-Earth-Products-Granulated-OU-Kosher/dp/B086K255NX/ref=sr_1_134?dchild=1&keywords=garlic+Granulated&qid=1621592767&sr=8-134,not be a best
145,B0846JXJKH,"Naturevibe Botanicals Organic Garlic Ground Powder, 5lbs | Raw, Gluten-Free & Non-GMO | Healthy Spice | Adds Flavor and Taste (80 ounces)",out of stock,4.3,63,https://m.media-amazon.com/images/I/819GfhZi+bL._AC_UL320_.jpg,https://www.amazon.com//Naturevibe-Botanicals-Organic-Gluten-Free-Non-GMO/dp/B0846JXJKH/ref=sr_1_135?dchild=1&keywords=garlic+Granulated&qid=1621592767&sr=8-135,not be a best
146,B07CZ6QD6B,HQOExpress | Organic Garlic Granules | 5 lb. Resealable Bag,out of stock,4.6,"7,099",https://m.media-amazon.com/images/I/61GWjqEPMFL._AC_UL320_.jpg,https://www.amazon.com//HQO-HIGH-QUALITY-ORGANICS-Granules/dp/B07CZ6QD6B/ref=sr_1_136?dchild=1&keywords=garlic+Granulated&qid=1621592767&sr=8-136,not be a best
147,B00016XL7W,Morton & Bassett Garlic Granulated,out of stock,no rating,no review,https://m.media-amazon.com/images/I/713igJxhqLL._AC_UL320_.jpg,https://www.amazon.com//Morton-Bassett-Garlic-Granulated/dp/B00016XL7W/ref=sr_1_137?dchild=1&keywords=garlic+Granulated&qid=1621592767&sr=8-137,not be a best
148,B08L3TZ6PG,Saturiwa Trading Granulated Garlic 5.5 oz bottle,out of stock,no rating,no review,https://m.media-amazon.com/images/I/718gGbrWWOL._AC_UL320_.jpg,https://www.amazon.com//Saturiwa-Trading-Granulated-Garlic-bottle/dp/B08L3TZ6PG/ref=sr_1_138?dchild=1&keywords=garlic+Granulated&qid=1621592767&sr=8-138,not be a best
149,B00BMJQSFY,"Jansal Valley Granulated Garlic, 2.5 Ounce",out of stock,3.0,1,https://m.media-amazon.com/images/I/61WiGjbFGpL._AC_UL320_.jpg,https://www.amazon.com//Jansal-Valley-Granulated-Garlic-Ounce/dp/B00BMJQSFY/ref=sr_1_139?dchild=1&keywords=garlic+Granulated&qid=1621592767&sr=8-139,not be a best
150,B01B6FP796,Spice Jungle Granulated Garlic - 4 oz.,out of stock,no rating,no review,https://m.media-amazon.com/images/I/51MBKxulCQL._AC_UL320_.jpg,https://www.amazon.com//Spice-Jungle-Granulated-Garlic-oz/dp/B01B6FP796/ref=sr_1_140?dchild=1&keywords=garlic+Granulated&qid=1621592767&sr=8-140,not be a best
151,B00F9B2800,"Jansal Valley Granulated Garlic, 20 Ounce",$16.99,1.0,1,https://m.media-amazon.com/images/I/81YS1NdpKjL._AC_UL320_.jpg,https://www.amazon.com//Jansal-Valley-Granulated-Garlic-Ounce/dp/B00F9B2800/ref=sr_1_141?dchild=1&keywords=garlic+Granulated&qid=1621592767&sr=8-141,not be a best
152,B07D9VZWFR,"Johnny's Garlic Spread & Seasoning, 18 Oz (Pack of 2)",out of stock,4.8,"1,578",https://m.media-amazon.com/images/I/81bA6ehDB6L._AC_UL320_.jpg,https://www.amazon.com//Johnnys-Garlic-Spread-Seasoning-Ounce/dp/B07D9VZWFR/ref=sr_1_142?dchild=1&keywords=garlic+Granulated&qid=1621592767&sr=8-142,not be a best
153,B07SB1Z23C,"FreshJax Premium Organic Spices, Herbs, Seasonings, and Salts (Certified Organic Garlic Granules - Large Bottle)",out of stock,4.6,"1,273",https://m.media-amazon.com/images/I/61+xNG6ZsTL._AC_UL320_.jpg,https://www.amazon.com//FreshJax-Premium-Organic-Seasonings-Granules/dp/B07SB1Z23C/ref=sr_1_143?dchild=1&keywords=garlic+Granulated&qid=1621592767&sr=8-143,not be a best
154,B000HQRHTO,"Morton & Bassett Chopped Garlic, 2.3-Ounce Jars (Pack of 3)",$33.78,5.0,3,https://m.media-amazon.com/images/I/81vCNZx8M+L._AC_UL320_.jpg,https://www.amazon.com//Morton-Bassett-Chopped-Garlic-2-3-Ounce/dp/B000HQRHTO/ref=sr_1_144?dchild=1&keywords=garlic+Granulated&qid=1621592767&sr=8-144,not be a best
155,B07NH79M27,Garlic Minced Cloves Dried - Fine Chopped Quality 100g,out of stock,4.0,4,https://m.media-amazon.com/images/I/816LhOf+0KL._AC_UL320_.jpg,https://www.amazon.com//Garlic-Organic-Minced-Cloves-Dried/dp/B07NH79M27/ref=sr_1_145?dchild=1&keywords=garlic+Granulated&qid=1621592781&sr=8-145,not be a best
156,B0161818UU,"Frontier Co-op Garlic Powder, Kosher | 1 lb. Bulk Bag | Allium sativum L.",$16.45,4.9,52,https://m.media-amazon.com/images/I/51Jl8E7RcfL._AC_UL320_.jpg,https://www.amazon.com//Frontier-Natural-Products-Powdered-Garlic/dp/B0161818UU/ref=sr_1_146?dchild=1&keywords=garlic+Granulated&qid=1621592781&sr=8-146,not be a best
157,B0083KP2QG,Garlic Festival Foods Garli Ghetti Cheesy Garlic Sprinkle 2.1 oz.,out of stock,4.6,33,https://m.media-amazon.com/images/I/81-FIHElHeL._AC_UL320_.jpg,https://www.amazon.com//Garli-Ghetti-Cheesy-Garlic-Sprinkle/dp/B0083KP2QG/ref=sr_1_147?dchild=1&keywords=garlic+Granulated&qid=1621592781&sr=8-147,not be a best
158,B089P1WCZ3,"Dehydrated Minced / Crushed Korean Garlic (3packs, Cube, 1.06oz*3)",out of stock,4.7,10,https://m.media-amazon.com/images/I/81slBPkSe-L._AC_UL320_.jpg,https://www.amazon.com//Dehydrated-Minced-Crushed-Korean-Garlic/dp/B089P1WCZ3/ref=sr_1_148?dchild=1&keywords=garlic+Granulated&qid=1621592781&sr=8-148,not be a best
159,B00E5F7BKI,"Durkee Garlic Pepper Seasoning, 21 Ounce Container",$25.99,4.8,109,https://m.media-amazon.com/images/I/81h0Q5jP1JL._AC_UL320_.jpg,https://www.amazon.com//Durkee-Garlic-Pepper-Seasoning-Container/dp/B00E5F7BKI/ref=sr_1_149?dchild=1&keywords=garlic+Granulated&qid=1621592781&sr=8-149,not be a best
160,B00MMRGVZC,Garlic Powder by Its Delish (Medium Jar),out of stock,4.7,125,https://m.media-amazon.com/images/I/817HMdvht1L._AC_UL320_.jpg,https://www.amazon.com//Garlic-Powder-Its-Delish-Medium/dp/B00MMRGVZC/ref=sr_1_150?dchild=1&keywords=garlic+Granulated&qid=1621592781&sr=8-150,not be a best
161,B07LB6BWMS,"Iya Foods Garlic with Garlic skin Ground 5 ounces, Kosher Certified, No Preservatives, No Added Color, No Additives, No MSG, More flavor, more nutritious and a whole new level of garlic…",$5.40,4.7,436,https://m.media-amazon.com/images/I/81GNBYjRGVL._AC_UL320_.jpg,https://www.amazon.com//Iya-Foods-Certified-Preservatives-nutritious/dp/B07LB6BWMS/ref=sr_1_151?dchild=1&keywords=garlic+Granulated&qid=1621592781&sr=8-151,not be a best
162,B06XYQ9GCV,"10 pounds bulk granulated garlic 5A quality, a top used brand by chefs!",out of stock,no rating,no review,https://m.media-amazon.com/images/I/A19DusspFbL._AC_UL320_.jpg,https://www.amazon.com//pounds-granulated-garlic-quality-brand/dp/B06XYQ9GCV/ref=sr_1_152?dchild=1&keywords=garlic+Granulated&qid=1621592781&sr=8-152,not be a best
163,B000BWYYSG,"Badia Garlic Powder, 10.5 oz",out of stock,4.8,984,https://m.media-amazon.com/images/I/61yWIcNGJEL._AC_UL320_.jpg,https://www.amazon.com//Badia-Spices-Garlic-Powder-10-5/dp/B000BWYYSG/ref=sr_1_153?dchild=1&keywords=garlic+Granulated&qid=1621592781&sr=8-153,not be a best
164,B073B39ZF4,Member's Mark Garlic Powder by Tone's (21 oz.),out of stock,4.3,9,https://m.media-amazon.com/images/I/31aqOnsZXUL._AC_UL320_.jpg,https://www.amazon.com//Members-Mark-Garlic-Powder-Tones/dp/B073B39ZF4/ref=sr_1_154?dchild=1&keywords=garlic+Granulated&qid=1621592781&sr=8-154,not be a best
165,B000LKU4Q4,"USDA Organic Garlic Gold Nuggets, Roasted Organic Garlic Seasoning Granules, Sodium Free & MSG Free, Vegan 2.1-Ounce Shaker Jar (Pack of 6)",$37.99,5.0,76,https://m.media-amazon.com/images/I/81SIBbAbKcL._AC_UL320_.jpg,https://www.amazon.com//Garlic-Gold-Seasoning-Granules-2-1-Ounce/dp/B000LKU4Q4/ref=sr_1_155?dchild=1&keywords=garlic+Granulated&qid=1621592781&sr=8-155,not be a best
166,B081Z3NPT2,"Naturevibe Botanicals USDA Organic Garlic Ground Powder, 3.52oz | Raw, Gluten-Free & Non-GMO | Healthy Spice | Adds Flavor and Taste",out of stock,4.1,57,https://m.media-amazon.com/images/I/71yrPMKiL2L._AC_UL320_.jpg,https://www.amazon.com//Naturevibe-Botanicals-Organic-Gluten-Free-Non-GMO/dp/B081Z3NPT2/ref=sr_1_156?dchild=1&keywords=garlic+Granulated&qid=1621592781&sr=8-156,not be a best
167,B072BC678H,"Olde Thompson 1090-65 Roasted Garlic and Herb Grinder, 5.2-Ounce",out of stock,4.7,37,https://m.media-amazon.com/images/I/61fbgxZSZZL._AC_UL320_.jpg,https://www.amazon.com//Olde-Thompson-1090-65-Roasted-5-2-Ounce/dp/B072BC678H/ref=sr_1_157?dchild=1&keywords=garlic+Granulated&qid=1621592781&sr=8-157,not be a best
168,B0048ILYPA,Spice Island Garlic Powder,out of stock,4.7,10,https://m.media-amazon.com/images/I/61-Gz-xkyeL._AC_UL320_.jpg,https://www.amazon.com//Spice-Island-0004010000385-Garlic-Powder/dp/B0048ILYPA/ref=sr_1_158?dchild=1&keywords=garlic+Granulated&qid=1621592781&sr=8-158,not be a best
169,B07D2JHB4K,"Garlic, ""Fresh MAY 2021 crop"" Minced / Diced Dehydrated (5 lbs.) by Presto Sales LLC",out of stock,4.4,31,https://m.media-amazon.com/images/I/61WsodbOvrL._AC_UL320_.jpg,https://www.amazon.com//Garlic-Minced-Dehydrated-Presto-Sales/dp/B07D2JHB4K/ref=sr_1_159?dchild=1&keywords=garlic+Granulated&qid=1621592781&sr=8-159,not be a best
170,B00J4147Q4,Garlic Festival Low Sodium Garlic Garni (Grande),$32.00,4.5,40,https://m.media-amazon.com/images/I/81xZHrnmGJL._AC_UL320_.jpg,https://www.amazon.com//Garlic-Festival-Sodium-Seasoning-Gluten/dp/B00J4147Q4/ref=sr_1_160?dchild=1&keywords=garlic+Granulated&qid=1621592781&sr=8-160,not be a best
171,B08FXSKHY1,"The Gourmet Collection Spice Blends: ""Garlic Bread"" 4.9oz (140g)",$11.00,4.6,48,https://m.media-amazon.com/images/I/51ak4W5DeTL._AC_UL320_.jpg,https://www.amazon.com//Gourmet-Collection-Spice-Blends-Garlic/dp/B08FXSKHY1/ref=sr_1_161?dchild=1&keywords=garlic+Granulated&qid=1621592781&sr=8-161,not be a best
172,B0047TI69C,"Spice Islands Garlic Minced, 2.8-Ounce (Pack of 3)",$9.99,5.0,4,https://m.media-amazon.com/images/I/41CXzK+RXEL._AC_UL320_.jpg,https://www.amazon.com//Spice-Islands-Garlic-Minced-2-8-Ounce/dp/B0047TI69C/ref=sr_1_162?dchild=1&keywords=garlic+Granulated&qid=1621592781&sr=8-162,not be a best
173,B079836FZG,"Tastefully Simple Garlic Pepper Seasoning - Sprinkle on Grilled Meats, Fish, Poultry, Salads, Veggies and Pasta - 5 oz",out of stock,4.7,95,https://m.media-amazon.com/images/I/71ARWFA3T5L._AC_UL320_.jpg,https://www.amazon.com//Tastefully-Simple-Garlic-Pepper-Seasoning/dp/B079836FZG/ref=sr_1_163?dchild=1&keywords=garlic+Granulated&qid=1621592781&sr=8-163,not be a best
174,B00XC9Y5DO,"Dried Minced Garlic by Its Delish – Premium, High-Quality, 1 lb Bulk – Fresh, Pure, Non-GMO – No Preservatives, No Artificial Flavor Added, Certified Kosher",$16.29,4.6,91,https://m.media-amazon.com/images/I/61ZQYJNjw7L._AC_UL320_.jpg,https://www.amazon.com//Its-Delish-Minced-Garlic/dp/B00XC9Y5DO/ref=sr_1_164?dchild=1&keywords=garlic+Granulated&qid=1621592781&sr=8-164,not be a best
175,B089DX8LDL,"Garlic Flakes, Minced | Dried Garlic | Spicy-sweet Garlic Flavor 2.87 lbs.",out of stock,4.5,4,https://m.media-amazon.com/images/I/61k6Gi45s7L._AC_UL320_.jpg,https://www.amazon.com//Garlic-Flakes-Minced-Spicy-sweet-Flavor/dp/B089DX8LDL/ref=sr_1_165?dchild=1&keywords=garlic+Granulated&qid=1621592781&sr=8-165,not be a best
176,B07B8CY2S3,Bolner's Fiesta Extra Fancy Garlic Powder 5.5oz,out of stock,4.8,6,https://m.media-amazon.com/images/I/41eep2N786L._AC_UL320_.jpg,https://www.amazon.com//Bolners-Fiesta-Extra-Garlic-Powder/dp/B07B8CY2S3/ref=sr_1_166?dchild=1&keywords=garlic+Granulated&qid=1621592781&sr=8-166,not be a best
177,B00J414H3W,Garlic Festival Foods Lemon Garli Garni Zesty Garlic Seasoning 2.6 oz.,$8.00,4.9,44,https://m.media-amazon.com/images/I/817Gr4NuzCL._AC_UL320_.jpg,https://www.amazon.com//Garlic-Festival-Lemon-Garli-Garni/dp/B00J414H3W/ref=sr_1_167?dchild=1&keywords=garlic+Granulated&qid=1621592781&sr=8-167,not be a best
178,B00EP0Q776,"Marshalls Creek Spices Seasoning, Granulated Garlic, XL Size, 20 Ounce …",$12.99,no rating,($0.65/Ounce),https://m.media-amazon.com/images/I/41AcWv2DaIL._AC_UL320_.jpg,https://www.amazon.com//Marshalls-Creek-Spices-Seasoning-Granulated/dp/B00EP0Q776/ref=sr_1_168?dchild=1&keywords=garlic+Granulated&qid=1621592781&sr=8-168,not be a best
179,B00R61KMEU,"McCormick Grill Mates Sweet Mesquite & Caramelized Onions, 2.83 oz, Pack of 6",out of stock,4.7,154,https://m.media-amazon.com/images/I/91bui6Dzd1L._AC_UL320_.jpg,https://www.amazon.com//McCormick-Grill-Mates-Mesquite-Caramelized/dp/B00R61KMEU/ref=sr_1_169?dchild=1&keywords=garlic+Granulated&qid=1621592781&sr=8-169,not be a best
180,B088ZR5Q6F,"Garlic Powder, 10 Pounds - Vegan, Kosher, Fine Ground & Dehydrated, Sirtfood, Raw, Bulk Spices, Good Source of Vitamin B6, Copper, Manganese, Selenium, and Thiamin. Great for Seasoning and Baking",$48.99,5.0,3,https://m.media-amazon.com/images/I/91CKrpfQISL._AC_UL320_.jpg,https://www.amazon.com//Garlic-Powder-10-Pounds-Kosher/dp/B088ZR5Q6F/ref=sr_1_170?dchild=1&keywords=garlic+Granulated&qid=1621592781&sr=8-170,not be a best
181,B07NYVB3QV,Cherchies Garlic Seasoning (Pack of 2 Bottles),out of stock,4.8,7,https://m.media-amazon.com/images/I/61CdfPEbZPL._AC_UL320_.jpg,https://www.amazon.com//Cherchies-Garlic-Seasoning-Pack-Bottles/dp/B07NYVB3QV/ref=sr_1_171?dchild=1&keywords=garlic+Granulated&qid=1621592781&sr=8-171,not be a best
182,B00KOB5J9W,Frontier Organic Granulated Garlic # (Pack of 9),$149.60,no rating,no review,https://m.media-amazon.com/images/I/21YUFF3kbQL._AC_UL320_.jpg,https://www.amazon.com//Frontier-Organic-Granulated-Garlic-Pack/dp/B00KOB5J9W/ref=sr_1_172?dchild=1&keywords=garlic+Granulated&qid=1621592781&sr=8-172,not be a best
183,B00BRKF8DG,"True Lime Lime, Garlic & Cilantro Spice Blend, 1.94 ounces",out of stock,4.6,606,https://m.media-amazon.com/images/I/51HXz1JDrpL._AC_UL320_.jpg,https://www.amazon.com//True-Lime-Garlic-Cilantro-ounces/dp/B00BRKF8DG/ref=sr_1_173?dchild=1&keywords=garlic+Granulated&qid=1621592781&sr=8-173,not be a best
184,B083QVDHKB,Spice Islands rosemary garlic blend in glass jar grinder shaker (pack of 1),out of stock,4.8,6,https://m.media-amazon.com/images/I/51V0PuL0eJL._AC_UL320_.jpg,https://www.amazon.com//Spice-Islands-rosemary-garlic-grinder/dp/B083QVDHKB/ref=sr_1_174?dchild=1&keywords=garlic+Granulated&qid=1621592781&sr=8-174,not be a best
185,B00KOBYC72,Morton & Bassett Granulated Garlic With Parsley 2.6 OZ (Pack of 18),$150.33,no rating,no review,https://m.media-amazon.com/images/I/71fia8HeqSL._AC_UL320_.jpg,https://www.amazon.com//Morton-Bassett-Granulated-Garlic-Parsley/dp/B00KOBYC72/ref=sr_1_175?dchild=1&keywords=garlic+Granulated&qid=1621592781&sr=8-175,not be a best
186,B00KOBYB0A,Morton & Bassett Garlic Granulated,$102.47,no rating,no review,https://m.media-amazon.com/images/I/71fia8HeqSL._AC_UL320_.jpg,https://www.amazon.com//Morton-Bassett-Garlic-Granulated/dp/B00KOBYB0A/ref=sr_1_176?dchild=1&keywords=garlic+Granulated&qid=1621592781&sr=8-176,not be a best
187,B00KOBY8GC,Morton & Bassett Granulated Garlic With Parsley 2.6 OZ (Pack of 6),$50.91,no rating,no review,https://m.media-amazon.com/images/I/717lrdXQaiL._AC_UL320_.jpg,https://www.amazon.com//Morton-Bassett-Granulated-Garlic-Parsley/dp/B00KOBY8GC/ref=sr_1_177?dchild=1&keywords=garlic+Granulated&qid=1621592781&sr=8-177,not be a best
188,B00V57X720,Imported Garlic Granules - Spiceology Imported Granulated Garlic - 24 ounces,out of stock,4.6,42,https://m.media-amazon.com/images/I/71a5aXlZ-LL._AC_UL320_.jpg,https://www.amazon.com//Garlic-Granules-Spiceology-Granulated-ounces/dp/B00V57X720/ref=sr_1_178?dchild=1&keywords=garlic+Granulated&qid=1621592781&sr=8-178,not be a best
189,B00KOBY9TS,Morton & Bassett Garlic Granulated,$80.90,no rating,no review,https://m.media-amazon.com/images/I/71fia8HeqSL._AC_UL320_.jpg,https://www.amazon.com//Morton-Bassett-Garlic-Granulated/dp/B00KOBY9TS/ref=sr_1_179?dchild=1&keywords=garlic+Granulated&qid=1621592781&sr=8-179,not be a best
190,B076D6ZV8S,"Lawry's Casero Garlic Powder, 8.5 oz",out of stock,4.8,387,https://m.media-amazon.com/images/I/81Zf1uE7nvL._AC_UL320_.jpg,https://www.amazon.com//LAWRYS-Garlic-Powder-8-5-oz/dp/B076D6ZV8S/ref=sr_1_180?dchild=1&keywords=garlic+Granulated&qid=1621592781&sr=8-180,not be a best
191,B08NGSBYYK,Evaxo Granulated Garlic 26 oz .#B,$19.90,no rating,($0.77/Ounce),https://m.media-amazon.com/images/I/41ZfZE0MOTL._AC_UL320_.jpg,https://www.amazon.com//Evaxo-Granulated-Garlic-26/dp/B08NGSBYYK/ref=sr_1_181?dchild=1&keywords=garlic+Granulated&qid=1621592781&sr=8-181,not be a best
192,B08NGS7CCT,"Evaxo Garlic, Granulated 1.5 lb .#B",$19.90,no rating,($0.83/Ounce),https://m.media-amazon.com/images/I/412zTgRUffL._AC_UL320_.jpg,https://www.amazon.com//Evaxo-Garlic-Granulated-1-5/dp/B08NGS7CCT/ref=sr_1_182?dchild=1&keywords=garlic+Granulated&qid=1621592781&sr=8-182,not be a best
193,B00MMRGV9I,Garlic Salt by Its Delish (Medium Jar),$11.29,4.4,14,https://m.media-amazon.com/images/I/91tqb374JwL._AC_UL320_.jpg,https://www.amazon.com//Garlic-Salt-Its-Delish-Medium/dp/B00MMRGV9I/ref=sr_1_183?dchild=1&keywords=garlic+Granulated&qid=1621592781&sr=8-183,not be a best
194,B0876SSP3Q,"Badia Garlic Powder, 3 Oz (Pack Of 8)",$19.80,4.0,1,https://m.media-amazon.com/images/I/717tl1ZKulL._AC_UL320_.jpg,https://www.amazon.com//Badia-Garlic-Powder-Oz-Pack/dp/B0876SSP3Q/ref=sr_1_184?dchild=1&keywords=garlic+Granulated&qid=1621592781&sr=8-184,not be a best
195,B08LHNLLJF,"TAJ Gourmet Garlic Powder, Finely Grounded, (5 Pounds)",$27.99,5.0,3,https://m.media-amazon.com/images/I/81ZaaICUZ2L._AC_UL320_.jpg,https://www.amazon.com//TAJ-Gourmet-Garlic-Powder-Grounded/dp/B08LHNLLJF/ref=sr_1_185?dchild=1&keywords=garlic+Granulated&qid=1621592781&sr=8-185,not be a best
196,B0951CXJ9C,Arifoglu Granulated Garlic Glass Bottle 85 g 3 oz,$4.25,no rating,($1.42/Ounce),https://m.media-amazon.com/images/I/4185KNEiSES._AC_UL320_.jpg,https://www.amazon.com//Arifoglu-Granulated-Garlic-Glass-Bottle/dp/B0951CXJ9C/ref=sr_1_186?dchild=1&keywords=garlic+Granulated&qid=1621592781&sr=8-186,not be a best
197,B0895BH674,Garlic Powder | Fine Grind | Useful Flavor Enhancer 1.8 oz.,out of stock,4.2,3,https://m.media-amazon.com/images/I/51X4BXrfy7L._AC_UL320_.jpg,https://www.amazon.com//Garlic-Powder-Useful-Flavor-Enhancer/dp/B0895BH674/ref=sr_1_187?dchild=1&keywords=garlic+Granulated&qid=1621592781&sr=8-187,not be a best
198,B07DJWZ51R,"Spice Classics Ground White Pepper, 18 oz",$22.68,4.7,108,https://m.media-amazon.com/images/I/81Lvt5JofCL._AC_UL320_.jpg,https://www.amazon.com//Spice-Classics-Ground-White-Pepper/dp/B07DJWZ51R/ref=sr_1_188?dchild=1&keywords=garlic+Granulated&qid=1621592781&sr=8-188,not be a best
199,B07RV4JYSM,"Garlic Salt | Flavorful Spice | Mixture of Garlic, Salt, Onion and Parsley 6 oz.",out of stock,5.0,2,https://m.media-amazon.com/images/I/61hJAkuL7YL._AC_UL320_.jpg,https://www.amazon.com//Burma-Spice-Garlic-Salt-oz/dp/B07RV4JYSM/ref=sr_1_189?dchild=1&keywords=garlic+Granulated&qid=1621592781&sr=8-189,not be a best
200,B005GTTGGY,Frontier Herb Ssnng Garlic Granule Org Bttl,$8.79,5.0,3,https://m.media-amazon.com/images/I/61AZ1VFHE7L._AC_UL320_.jpg,https://www.amazon.com//Frontier-Herb-Ssnng-Garlic-Granule/dp/B005GTTGGY/ref=sr_1_190?dchild=1&keywords=garlic+Granulated&qid=1621592781&sr=8-190,not be a best
201,B001VNGI10,"Frontier Garlic Granules, 16 Ounce Bags (Pack of 2)",$25.55,4.9,24,https://m.media-amazon.com/images/I/61TXlwjkTXL._AC_UL320_.jpg,https://www.amazon.com//Frontier-Garlic-Granules-Ounce-Bags/dp/B001VNGI10/ref=sr_1_191?dchild=1&keywords=garlic+Granulated&qid=1621592781&sr=8-191,not be a best
202,B07B8TGWF8,Bolner's Fiesta Extra Fancy Lemon Pepper Seasoning 6oz,$3.99,4.6,26,https://m.media-amazon.com/images/I/71GGd4p-TWL._AC_UL320_.jpg,https://www.amazon.com//Bolners-Fiesta-Extra-Pepper-Seasoning/dp/B07B8TGWF8/ref=sr_1_192?dchild=1&keywords=garlic+Granulated&qid=1621592781&sr=8-192,not be a best
