num,title,author,author_id,story,likeCount,emocount,allemos,tags,dateTime,post_link,img_src,post_id,meaning,goodWords,badWords
1,‡∏ß‡πà‡∏≤‡∏î‡πâ‡∏ß‡∏¢ ‡∏Ñ‡∏≤‡πÄ‡∏ü‡πà‡∏Å‡∏±‡∏ç‡∏ä‡∏≤,‡∏™‡∏°‡∏≤‡∏ä‡∏¥‡∏Å‡∏´‡∏°‡∏≤‡∏¢‡πÄ‡∏•‡∏Ç 6467017,6467017,"
								‡∏™‡∏ß‡∏±‡∏™‡∏î‡∏µ‡∏Ñ‡∏£‡∏±‡∏ö ‡∏™‡πà‡∏ß‡∏ô‡∏ï‡∏±‡∏ß‡∏ú‡∏°‡πÑ‡∏°‡πà‡πÑ‡∏î‡πâ‡∏ï‡∏¥‡∏î‡∏ï‡∏≤‡∏°‡πÄ‡∏Å‡∏µ‡πà‡∏¢‡∏ß‡∏Å‡∏±‡∏ö‡∏ò‡∏∏‡∏£‡∏Å‡∏¥‡∏à‡∏Å‡∏±‡∏ç‡∏ä‡∏≤‡∏Ç‡∏≠‡∏á‡πÑ‡∏ó‡∏¢‡∏•‡πà‡∏≤‡∏™‡∏∏‡∏î‡∏ã‡∏±‡∏Å‡πÄ‡∏ó‡πà‡∏≤‡πÑ‡∏´‡∏£‡πà‡∏Ñ‡∏£‡∏±‡∏ö ‡πÅ‡∏ï‡πà‡∏ï‡∏≠‡∏ô‡∏ô‡∏µ‡πâ‡∏™‡∏ô‡πÉ‡∏à‡πÄ‡∏Å‡∏µ‡πà‡∏¢‡∏ß‡∏Å‡∏±‡∏ö‡∏Ñ‡∏≤‡πÄ‡∏ü‡πà‡∏Å‡∏±‡∏ç‡∏ä‡∏≤ ‡∏ó‡∏µ‡πà‡πÄ‡∏£‡∏¥‡πà‡∏°‡∏°‡∏µ‡πÄ‡∏õ‡∏¥‡∏î‡∏Å‡∏±‡∏ô‡πÄ‡∏¢‡∏≠‡∏∞‡∏Ç‡∏∂‡πâ‡∏ô‡∏´‡∏•‡∏≤‡∏¢‡∏£‡πâ‡∏≤‡∏ô

‡∏ú‡∏°‡∏°‡∏µ‡∏û‡∏∑‡πâ‡∏ô‡∏ó‡∏µ‡πà‡∏£‡πâ‡∏≤‡∏ô‡∏≠‡∏¢‡∏π‡πà‡∏ó‡∏≥‡πÄ‡∏•‡∏´‡∏ô‡∏∂‡πà‡∏á‡∏Å‡∏∞‡∏ß‡πà‡∏≤‡∏à‡∏∞‡∏ó‡∏≥‡∏£‡πâ‡∏≤‡∏ô‡∏Å‡∏≤‡πÅ‡∏ü‡πÅ‡∏ï‡πà‡∏Å‡πá‡∏≠‡∏¢‡πà‡∏≤‡∏á‡∏ó‡∏µ‡πà‡πÄ‡∏´‡πá‡∏ô‡∏ß‡πà‡∏≤‡∏Å‡∏≤‡∏£‡πÅ‡∏Ç‡πà‡∏á‡∏Ç‡∏±‡∏ô‡∏™‡∏π‡∏á‡∏°‡∏≤‡∏Å

‡∏≠‡∏¢‡∏≤‡∏Å‡∏™‡∏≠‡∏ö‡∏ñ‡∏≤‡∏°‡∏ú‡∏π‡πâ‡∏£‡∏π‡πâ‡∏ß‡πà‡∏≤‡∏£‡πâ‡∏≤‡∏ô‡πÅ‡∏ö‡∏ö‡∏ô‡∏µ‡πâ‡∏ï‡πâ‡∏≠‡∏á‡∏°‡∏µ‡∏Å‡∏≤‡∏£‡∏à‡∏î‡∏ó‡∏∞‡πÄ‡∏ö‡∏µ‡∏¢‡∏ô‡πÅ‡∏ö‡∏ö‡πÑ‡∏´‡∏ô‡∏≠‡∏¢‡πà‡∏≤‡∏á‡πÑ‡∏£‡∏ö‡πâ‡∏≤‡∏á‡∏Ñ‡∏£‡∏±‡∏ö? ‡∏´‡∏£‡∏∑‡∏≠‡∏Ñ‡∏ß‡∏£‡πÄ‡∏£‡∏¥‡πà‡∏°‡∏à‡∏≤‡∏Å‡πÑ‡∏´‡∏ô‡∏Å‡πà‡∏≠‡∏ô‡∏Ñ‡∏£‡∏±‡∏ö																															",0,0,"['0', '0', '0', '0', '0', '0']","['‡∏ò‡∏∏‡∏£‡∏Å‡∏¥‡∏à‡∏™‡πà‡∏ß‡∏ô‡∏ï‡∏±‡∏ß', '‡∏Ñ‡∏≤‡πÄ‡∏ü‡πà (Cafe)']",05/22/2021 23:08:57,https://pantip.com/topic/40726944,no img,40726944,positive,"['‡∏ï‡∏¥‡∏î‡∏ï‡∏≤‡∏°', '‡∏™‡∏ô‡πÉ‡∏à', '‡∏™‡∏π‡∏á']",[]
2,‡∏´‡∏°‡∏î‡∏¢‡∏∏‡∏Ñ ‡∏Å‡∏±‡∏ç‡∏ä‡∏≤ ‡πÑ‡∏õ‡πÄ‡∏´‡∏£‡∏µ‡∏¢‡∏ç‡∏ï‡πà‡∏≠,pifa1,420712,"
								‡∏•‡∏¥‡πà‡∏á‡πÑ‡∏õ‡πÅ‡∏•‡πâ‡∏ß. ‡∏ï‡∏±‡∏ß‡∏ô‡∏±‡πâ‡∏ô

‡πÉ‡∏Ñ‡∏£‡∏¢‡∏±‡∏á‡∏°‡∏±‡∏ß‡∏ä‡πâ‡∏≤. ‡∏ß‡∏±‡∏ô‡∏ô‡∏µ‡πâ‡πÄ‡∏´‡∏£‡∏µ‡∏¢‡∏û‡∏∏‡πà‡∏á																															",0,0,"['0', '0', '0', '0', '0', '0']",['‡∏´‡∏∏‡πâ‡∏ô'],05/12/2021 10:20:21,https://pantip.com/topic/40702766,no img,40702766,neutral,[],[]
3,‡∏™‡∏£‡∏£‡∏û‡∏Ñ‡∏∏‡∏ì ‡∏Ñ‡∏£‡∏≠‡∏ö‡∏à‡∏±‡∏Å‡∏£‡∏ß‡∏≤‡∏•‡∏Ç‡∏≠‡∏á‡∏Å‡∏±‡∏ç‡∏ä‡∏≤?,‡∏™‡∏°‡∏≤‡∏ä‡∏¥‡∏Å‡∏´‡∏°‡∏≤‡∏¢‡πÄ‡∏•‡∏Ç 723948,723948,"
								‡∏Ç‡∏≠‡∏ñ‡∏≤‡∏°‡∏ó‡πà‡∏≤‡∏ô‡∏ó‡∏µ‡πà‡πÄ‡∏Ñ‡∏¢ ‡∏Å‡∏¥‡∏ô‡∏Å‡∏±‡∏ç‡∏ä‡∏≤ ‡∏ó‡∏µ‡πà‡πÉ‡∏™‡πà‡πÉ‡∏ô‡∏≠‡∏≤‡∏´‡∏≤‡∏£
‡∏Å‡∏¥‡∏ô‡πÅ‡∏•‡πâ‡∏ß ‡∏ï‡∏≤‡∏à‡∏∞‡πÄ‡∏¢‡∏¥‡πâ‡∏°‡∏´‡∏ß‡∏≤‡∏ô ‡πÄ‡∏´‡∏°‡∏∑‡∏≠‡∏ô ‡∏Ñ‡∏ô‡∏ó‡∏µ‡πà‡∏î‡∏π‡∏î‡∏Å‡∏±‡∏ç‡∏ä‡∏≤ ‡∏°‡∏±‡πâ‡∏¢‡∏Ñ‡πà‡∏∞?

‡∏Ç‡πâ‡∏≤‡∏á‡∏ö‡πâ‡∏≤‡∏ô‡∏õ‡∏•‡∏π‡∏Å‡πÑ‡∏ß‡πâ ‡∏ß‡πà‡∏≤‡∏à‡∏∞‡πÑ‡∏õ‡∏Ç‡∏≠ ‡πÄ‡∏≠‡∏≤‡∏°‡∏≤‡πÉ‡∏™‡πà‡∏ú‡∏±‡∏î‡πÄ‡∏ú‡πá‡∏î‡∏ã‡∏∞‡∏´‡∏ô‡πà‡∏≠‡∏¢‡∏Ñ‡πà‡∏∞ ‡πÅ‡∏ï‡πà‡∏Å‡∏•‡∏±‡∏ß‡∏ï‡∏≤‡πÄ‡∏¢‡∏¥‡πâ‡∏°¬†
‡∏Ç‡∏≠‡∏ö‡∏Ñ‡∏∏‡∏ì‡∏•‡πà‡∏ß‡∏á‡∏´‡∏ô‡πâ‡∏≤‡∏Ñ‡πà‡∏∞																															",0,0,"['0', '0', '0', '0', '0', '0']","['‡∏ï‡πâ‡∏ô‡πÑ‡∏°‡πâ', '‡∏î‡∏≠‡∏Å‡πÑ‡∏°‡πâ', '‡∏û‡∏£‡∏£‡∏ì‡πÑ‡∏°‡πâ‡∏ô‡πâ‡∏≥']",04/27/2021 21:48:38,https://pantip.com/topic/40670733,no img,40670733,positive,"['‡∏´‡∏ß‡∏≤‡∏ô', '‡∏Ç‡∏≠‡∏ö‡∏Ñ‡∏∏‡∏ì']",['‡∏Å‡∏•‡∏±‡∏ß']
4,‡∏Å‡∏±‡∏ç‡∏ä‡∏≤ ‡∏™‡πà‡∏á‡πÄ‡∏™‡∏£‡∏¥‡∏°‡πÉ‡∏´‡πâ‡∏õ‡∏•‡∏π‡∏Å‡πÄ‡∏≠‡∏≤‡πÑ‡∏õ‡∏ó‡∏≥‡∏≠‡∏∞‡πÑ‡∏£,‡∏™‡∏°‡∏≤‡∏ä‡∏¥‡∏Å‡∏´‡∏°‡∏≤‡∏¢‡πÄ‡∏•‡∏Ç 1343785,1343785,"
								‡∏™‡∏á‡∏™‡∏±‡∏¢‡πÄ‡∏£‡∏∑‡πà‡∏≠‡∏á‡∏Å‡∏±‡∏ç‡∏ä‡∏≤‡∏°‡∏µ‡∏õ‡∏£‡∏∞‡πÇ‡∏¢‡∏ä‡∏ô‡πå‡∏ñ‡∏∂‡∏á‡∏Å‡∏±‡∏ö‡∏ï‡πâ‡∏≠‡∏á‡πÉ‡∏´‡πâ‡∏õ‡∏•‡∏π‡∏Å‡πÑ‡∏°‡πà‡πÑ‡∏î‡πâ‡πÄ‡∏õ‡πá‡∏ô‡∏¢‡∏≤‡πÄ‡∏™‡∏û‡∏ï‡∏¥‡∏î ‡πÄ‡∏õ‡πá‡∏ô‡πÇ‡∏¢‡∏ö‡∏≤‡∏¢‡∏Ç‡∏≠‡∏á‡∏û‡∏£‡∏£‡∏Ñ‡∏†‡∏π‡∏°‡∏¥‡πÉ‡∏à‡πÑ‡∏ó‡∏¢‡∏ä‡∏π‡πÄ‡∏õ‡πá‡∏ô‡∏ô‡πÇ‡∏¢‡∏ö‡∏≤‡∏¢‡∏´‡∏•‡∏±‡∏Å ‡∏ñ‡πâ‡∏≤‡∏°‡∏µ‡∏õ‡∏£‡∏∞‡πÇ‡∏¢‡∏ä‡∏ô‡πå‡πÉ‡∏ô‡∏ó‡∏≤‡∏á‡∏Å‡∏≤‡∏£‡πÅ‡∏û‡∏ó‡∏¢‡πå ‡πÉ‡∏´‡πâ‡∏°.‡πÄ‡∏Å‡∏©‡∏ï‡∏£‡∏õ‡∏•‡∏π‡∏Å‡πÄ‡∏â‡∏û‡∏≤‡∏∞‡πÉ‡∏ä‡πâ‡∏ó‡∏µ‡πà‡∏à‡∏≥‡πÄ‡∏õ‡πá‡∏ô ‡∏°‡∏±‡∏ô‡∏ï‡πâ‡∏≠‡∏á‡∏™‡πà‡∏á‡πÄ‡∏™‡∏£‡∏¥‡∏°‡∏õ‡∏•‡∏π‡∏Å‡∏Å‡∏±‡∏ô‡∏Ç‡∏ô‡∏≤‡∏î‡∏ô‡∏±‡πâ‡∏ô‡∏´‡∏£‡∏∑‡∏≠ ‡∏ú‡∏•‡∏ú‡∏•‡∏¥‡∏ï‡∏≠‡∏≠‡∏Å‡∏°‡∏≤‡∏°‡∏≤‡∏Å‡∏°‡∏≤‡∏¢‡∏à‡∏∞‡πÄ‡∏≠‡∏≤‡πÑ‡∏õ‡∏ó‡∏≥‡∏≠‡∏∞‡πÑ‡∏£ ‡∏™‡∏á‡∏™‡∏±‡∏¢‡∏°‡∏≤‡∏Å																															",0,0,"['0', '0', '0', '0', '0', '0']","['‡πÄ‡∏Å‡∏©‡∏ï‡∏£‡∏≠‡∏¥‡∏ô‡∏ó‡∏£‡∏µ‡∏¢‡πå', '‡πÄ‡∏Å‡∏©‡∏ï‡∏£‡∏Å‡∏£‡∏£‡∏°']",04/25/2021 23:09:32,https://pantip.com/topic/40666431,no img,40666431,positive,"['‡∏°‡∏µ‡∏õ‡∏£‡∏∞‡πÇ‡∏¢‡∏ä‡∏ô‡πå', '‡∏°‡∏µ‡∏õ‡∏£‡∏∞‡πÇ‡∏¢‡∏ä‡∏ô‡πå', '‡∏°‡∏≤‡∏Å‡∏°‡∏≤‡∏¢']",['‡∏¢‡∏≤‡πÄ‡∏™‡∏û‡∏ï‡∏¥‡∏î']
5,‡∏ï‡∏£‡∏ß‡∏à‡∏â‡∏µ‡πà‡∏°‡πà‡∏ß‡∏á‡∏Ñ‡∏∑‡∏≠‡∏Å‡∏±‡∏ç‡∏ä‡∏≤‡∏´‡∏£‡∏∑‡∏≠‡∏¢‡∏≤‡∏ö‡πâ‡∏≤‡∏´‡∏£‡∏∑‡∏≠‡∏Ç‡∏≠‡∏ö‡∏Ñ‡∏∏‡∏ì‡∏ú‡∏π‡πâ‡∏ó‡∏µ‡πà‡πÉ‡∏´‡πâ‡∏Ñ‡∏ß‡∏≤‡∏°‡∏£‡∏π‡πâ,‡∏™‡∏°‡∏≤‡∏ä‡∏¥‡∏Å‡∏´‡∏°‡∏≤‡∏¢‡πÄ‡∏•‡∏Ç 5208907,5208907,"
								‡πÄ‡∏ß‡∏•‡∏≤ ‡∏ï‡∏≥‡∏£‡∏ß‡∏à ‡∏ó‡∏´‡∏≤‡∏£ ‡∏ï‡∏£‡∏ß‡∏à‡∏â‡∏µ‡πà‡∏°‡πà‡∏ß‡∏á‡∏Ñ‡∏∑‡∏≠‡∏≠‡∏∞‡πÑ‡∏£‡∏´‡∏£‡∏∑‡∏≠
‡∏Ñ‡∏∑‡∏≠‡∏¢‡∏≤‡∏ö‡πâ‡∏≤ ‡∏´‡∏£‡∏∑‡∏≠ ‡∏Å‡∏±‡∏ç‡∏ä‡∏≤¬† ‡∏ï‡πâ‡∏≠‡∏á‡πÉ‡∏ä‡πâ‡πÄ‡∏Ñ‡∏£‡∏∑‡πà‡∏≠‡∏á‡∏ï‡∏£‡∏ß‡∏à‡πÄ‡∏´‡∏°‡∏∑‡∏≠‡∏ô‡∏Å‡∏±‡∏ô‡πÑ‡∏´‡∏°
‡∏´‡∏£‡∏∑‡∏≠‡∏ï‡πâ‡∏≠‡∏á‡πÅ‡∏¢‡∏Å‡∏ï‡∏£‡∏ß‡∏à‡∏ó‡∏µ‡πà‡∏•‡∏∞‡∏≠‡∏±‡∏ô‡∏´‡∏£‡∏∑‡∏≠‡∏≠‡∏¢‡πà‡∏≤‡∏á‡πÑ‡∏£
‡∏™‡πà‡∏ß‡∏ô‡∏°‡∏≤‡∏Å ‡∏ï‡∏£‡∏ß‡∏à ‡∏¢‡∏≤‡∏ö‡πâ‡∏≤‡∏´‡∏£‡∏∑‡∏≠‡∏Å‡∏±‡∏ç‡∏ä‡∏≤

‡∏Ç‡∏≠‡∏ö‡∏Ñ‡∏∏‡∏ì‡∏°‡∏≤‡∏Å‡πÜ‡∏ó‡∏µ‡πà‡πÉ‡∏´‡πâ‡∏Ñ‡∏≥‡∏Ñ‡∏ß‡∏≤‡∏°‡∏£‡∏π‡πâ‡∏≠‡∏µ‡∏Å‡∏Ñ‡∏Ñ‡∏£‡∏±‡πâ‡∏á‡∏Ç‡∏≠‡∏ö‡∏Ñ‡∏∏‡∏ì																															",0,0,"['0', '0', '0', '0', '0', '0']","['‡πÄ‡∏Ñ‡∏°‡∏µ', '‡∏¢‡∏≤', '‡πÅ‡∏û‡∏ó‡∏¢‡πå']",04/22/2021 21:35:24,https://pantip.com/topic/40659709,no img,40659709,positive,"['‡∏Ç‡∏≠‡∏ö‡∏Ñ‡∏∏‡∏ì', '‡∏Ç‡∏≠‡∏ö‡∏Ñ‡∏∏‡∏ì']",['‡∏â‡∏µ‡πà']
6,‡∏£‡πâ‡∏≤‡∏ô‡∏ô‡πâ‡∏≥‡∏°‡∏µ‡∏™‡πà‡∏ß‡∏ô‡∏ú‡∏™‡∏°‡∏Ç‡∏≠‡∏á‡∏Å‡∏±‡∏ç‡∏ä‡∏≤,‡∏™‡∏°‡∏≤‡∏ä‡∏¥‡∏Å‡∏´‡∏°‡∏≤‡∏¢‡πÄ‡∏•‡∏Ç 6400643,6400643,"
								‡∏≠‡∏¢‡∏≤‡∏Å‡πÄ‡∏õ‡∏¥‡∏î‡∏£‡πâ‡∏≤‡∏ô‡∏ô‡πâ‡∏≥ ‡∏ó‡∏µ‡πà‡∏°‡∏µ‡∏™‡πà‡∏ß‡∏ô‡∏ú‡∏™‡∏°‡∏Ç‡∏≠‡∏á (‡∏Å‡∏±‡∏ç‡∏ä‡∏≤)¬†¬†‡πÄ‡∏£‡∏≤‡∏°‡∏µ‡∏£‡πâ‡∏≤‡∏ô‡∏≠‡∏¢‡∏π‡πà‡πÅ‡∏•‡πâ‡∏ß ‡πÅ‡∏ï‡πà‡∏≠‡∏¢‡∏≤‡∏Å‡πÄ‡∏õ‡∏¥‡∏î‡∏£‡πâ‡∏≤‡∏ô‡∏ô‡πâ‡∏≥‡∏ó‡∏µ‡πà‡∏°‡∏µ‡∏™‡πà‡∏ß‡∏ô‡∏ú‡∏™‡∏°‡∏Ç‡∏≠‡∏á‡∏Å‡∏±‡∏ç‡∏ä‡∏≤‡∏Ñ‡πà‡∏∞ ‡∏Ç‡∏≠‡∏Ñ‡∏≥‡πÅ‡∏ô‡∏∞‡∏ô‡∏≥‡∏à‡∏≤‡∏Å‡∏û‡∏µ‡πà‡πÜ ‡∏´‡∏ô‡πà‡∏≠‡∏¢‡∏Ñ‡πà‡∏∞ 
‡∏≠‡∏¢‡∏≤‡∏Å‡πÄ‡∏õ‡∏¥‡∏î‡∏£‡πâ‡∏≤‡∏ô‡πÅ‡∏ö‡∏ö‡∏ô‡∏µ‡πâ‡∏Ñ‡πà‡∏∞

‡∏Ç‡∏≠‡∏≠‡∏ô‡∏∏‡∏ç‡∏≤‡∏ï‡πÄ‡∏à‡πâ‡∏≤‡∏Ç‡∏≠‡∏á‡∏£‡πâ‡∏≤‡∏ô ‡πÄ‡∏û‡∏•‡∏¥‡∏î‡πÄ‡∏û‡∏•‡∏¥‡∏ô‡∏Å‡∏±‡∏ç ‡∏ô‡∏∞‡∏Ñ‡∏∞

																															",0,1,"['1', '0', '0', '0', '0', '0']","['‡πÄ‡∏Ñ‡∏£‡∏∑‡πà‡∏≠‡∏á‡∏î‡∏∑‡πà‡∏°', '‡∏≠‡∏≤‡∏´‡∏≤‡∏£', '‡∏Ñ‡∏≤‡πÄ‡∏ü‡πà (Cafe)', '‡πÄ‡∏ö‡πÄ‡∏Å‡∏≠‡∏£‡∏µ‡πà', '‡πÄ‡∏°‡∏ô‡∏π‡∏≠‡∏≤‡∏´‡∏≤‡∏£']",04/10/2021 20:00:28,https://pantip.com/topic/40635101,https://f.ptcdn.info/122/073/000/qrcmm2872jXxkuUlJ6O-o.jpg,40635101,positive,['‡πÄ‡∏û‡∏•‡∏¥‡∏î‡πÄ‡∏û‡∏•‡∏¥‡∏ô'],[]
7,‡πÄ‡πÄ‡∏ü‡∏ô‡∏î‡∏π‡∏î‡∏Å‡∏±‡∏ç‡∏ä‡∏≤‡πÄ‡∏£‡∏≤‡∏´‡πâ‡∏≤‡∏°‡∏ú‡∏¥‡∏î‡πÑ‡∏´‡∏°,‡∏™‡∏°‡∏≤‡∏ä‡∏¥‡∏Å‡∏´‡∏°‡∏≤‡∏¢‡πÄ‡∏•‡∏Ç 6396199,6396199,"
								‡∏Ñ‡∏∑‡∏≠‡πÄ‡∏£‡∏≤‡∏Ñ‡∏ö‡∏Å‡∏±‡∏ö‡πÄ‡πÄ‡∏ü‡∏ô‡∏°‡∏≤‡∏à‡∏∞ 3 ‡∏õ‡∏µ‡πÄ‡πÄ‡∏•‡πâ‡∏ß ‡πÄ‡∏£‡∏≤‡∏≠‡∏≤‡∏¢‡∏∏17 ‡∏≠‡∏µ‡∏Å 1 ‡πÄ‡∏î‡∏∑‡∏≠‡∏ô‡∏à‡∏∞ 18 ‡πÄ‡πÄ‡∏ü‡∏ô‡∏≠‡∏≤‡∏¢‡∏∏ 18¬†¬†¬†‡∏Ñ‡∏∑‡∏≠‡∏ï‡∏≠‡∏ô‡πÄ‡∏£‡∏≤‡πÄ‡∏£‡∏¥‡πà‡∏°‡∏Ñ‡∏ö‡∏Å‡∏±‡∏ô‡∏ó‡∏∏‡∏Å‡∏≠‡∏¢‡πà‡∏≤‡∏á‡∏Ñ‡∏∑‡∏≠‡∏î‡∏µ‡∏°‡∏≤‡∏Å ‡πÄ‡∏£‡∏≤‡∏Ç‡∏≠‡∏≠‡∏∞‡πÑ‡∏£‡∏Å‡πá‡∏û‡∏¢‡∏≤‡∏°‡∏ó‡∏≥‡πÉ‡∏´‡πâ‡πÄ‡∏£‡∏≤‡∏ó‡∏∏‡∏Å‡∏≠‡∏¢‡πà‡∏≤‡∏á ‡πÄ‡πÄ‡∏ï‡πà‡∏ï‡∏≠‡∏ô‡∏ô‡∏µ‡πâ‡πÄ‡∏£‡∏≤‡∏£‡∏π‡πâ‡∏ß‡πà‡∏≤‡πÄ‡∏Ç‡∏≤‡πÄ‡∏£‡∏¥‡πà‡∏°‡∏ï‡∏¥‡∏î‡∏Å‡∏±‡∏ç‡∏ä‡∏≤ ‡πÄ‡∏´‡πá‡∏ô‡πÄ‡∏Ç‡∏≤‡πÄ‡πÄ‡∏ä‡∏ï‡∏Ñ‡∏∏‡∏¢‡∏Å‡∏±‡∏ö‡πÄ‡∏û‡∏∑‡πà‡∏≠‡∏ô‡∏°‡∏µ‡πÄ‡πÄ‡∏ï‡πà‡πÄ‡∏£‡∏∑‡πà‡∏≠‡∏á‡∏Å‡∏±‡∏ç‡∏ä‡∏≤‡πÄ‡πÄ‡∏ó‡∏ö‡∏ó‡∏∏‡∏Å‡∏ß‡∏±‡∏ô ‡∏Ñ‡∏∑‡∏≠‡πÄ‡∏£‡∏≤‡∏û‡∏¢‡∏≤‡∏¢‡∏≤‡∏°‡∏Ç‡∏≠‡πÄ‡∏Ç‡∏≤‡∏´‡∏•‡∏≤‡∏¢‡∏Ñ‡∏£‡∏±‡πâ‡∏á‡∏°‡∏≤‡∏Å ‡∏ã‡∏∂‡πà‡∏á‡πÄ‡∏£‡∏≤‡∏´‡πâ‡∏≤‡∏°‡πÄ‡πÄ‡∏ï‡πà‡∏•‡∏∞‡∏Ñ‡∏£‡∏±‡πâ‡∏á ‡πÄ‡∏Ç‡∏≤‡∏Å‡πá‡πÄ‡∏•‡∏¥‡∏Å‡∏Å‡∏±‡∏ö‡πÄ‡∏£‡∏≤‡∏ó‡∏±‡∏ô‡∏ó‡∏µ ‡πÄ‡∏•‡∏¥‡∏Å‡∏Å‡∏±‡∏ô‡πÄ‡∏û‡∏£‡∏≤‡∏∞‡πÄ‡∏£‡∏∑‡πà‡∏≠‡∏á‡∏ô‡∏µ‡πâ 2 ‡∏Ñ‡∏£‡∏±‡πâ‡∏á ‡πÑ‡∏î‡πâ‡∏õ‡∏£‡∏∞‡∏°‡∏≤‡∏ì 1 ‡∏≠‡∏≤‡∏ó‡∏¥‡∏ï‡∏¢‡πå‡∏Å‡πá‡∏Å‡∏•‡∏±‡∏ö‡∏°‡∏≤‡∏Ñ‡∏ö‡∏Å‡∏±‡∏ô‡∏≠‡∏µ‡∏Å ‡πÄ‡πÄ‡∏Ñ‡πà‡∏£‡∏≠‡∏ö‡∏ô‡∏µ‡πâ‡∏Ñ‡∏∑‡∏≠‡∏£‡∏≠‡∏ö‡∏ó‡∏µ‡πà 3 ‡πÄ‡∏£‡∏≤‡∏Å‡πá‡∏Ç‡∏≠‡∏≠‡∏¢‡∏≤‡∏Å‡πÉ‡∏´‡πâ‡πÄ‡∏Ç‡∏≤‡πÄ‡∏•‡∏¥‡∏Å‡∏î‡∏π‡∏î‡∏Å‡∏±‡∏ç‡∏ä‡∏≤ ‡πÄ‡πÄ‡∏ï‡πà‡πÄ‡∏Ç‡∏≤‡∏Å‡πá‡πÇ‡∏°‡πÇ‡∏´‡πÉ‡∏™‡πÄ‡∏£‡∏≤ ‡πÑ‡∏°‡πà‡∏û‡∏≠‡πÉ‡∏à‡πÄ‡∏£‡∏≤ ‡πÑ‡∏°‡πà‡∏≠‡∏¢‡∏≤‡∏Å‡∏Ñ‡∏∏‡∏¢‡∏Å‡∏±‡∏ö‡πÄ‡∏£‡∏≤‡∏ö‡∏≠‡∏Å‡∏°‡∏≤‡∏ß‡πà‡∏≤‡πÄ‡∏£‡∏≤‡πÑ‡∏õ‡∏¢‡∏∏‡πà‡∏á‡πÄ‡∏£‡∏∑‡πà‡∏≠‡∏á‡∏Ç‡∏≠‡∏á‡πÄ‡∏Ç‡∏≤ ‡πÄ‡∏£‡∏≤‡∏Ñ‡∏ß‡∏£‡∏ó‡∏≥‡∏¢‡∏±‡∏á‡πÑ‡∏á‡∏ï‡πà‡∏≠‡∏î‡∏µ‡∏Ñ‡πà‡∏∞ ‡∏ó‡∏µ‡πà‡πÄ‡∏£‡∏≤‡∏´‡πâ‡∏≤‡∏°‡πÄ‡∏£‡∏≤‡∏Å‡πá‡∏´‡∏ß‡∏±‡∏á‡∏≠‡∏¢‡∏≤‡∏Å‡πÉ‡∏´‡πâ‡πÄ‡∏Ç‡∏≤‡πÄ‡∏õ‡πá‡∏ô‡∏Ñ‡∏ô‡∏î‡∏µ ‡∏°‡∏µ‡∏≠‡∏ô‡∏≤‡∏Ñ‡∏ï‡∏ó‡∏µ‡πà ‡πÑ‡∏°‡πà‡∏¢‡∏∏‡πà‡∏á‡πÄ‡∏Å‡∏µ‡πà‡∏¢‡∏ß‡∏Å‡∏±‡∏ö‡∏™‡∏≤‡∏£‡πÄ‡∏™‡∏û‡∏ï‡∏¥‡∏î‡∏û‡∏ß‡∏Å‡∏ô‡∏µ‡πâ ‡πÄ‡∏Ç‡∏≤‡∏ö‡∏≠‡∏Å‡∏ß‡πà‡∏≤‡πÄ‡∏Ç‡∏≤‡∏≠‡∏¢‡∏≤‡∏Å‡∏ú‡πà‡∏≠‡∏ô‡∏Ñ‡∏•‡∏≤‡∏¢ ‡πÉ‡∏ô‡πÉ‡∏à‡πÄ‡∏£‡∏≤‡∏Å‡πá‡∏≠‡∏¢‡∏≤‡∏Å‡∏õ‡∏•‡πà‡∏≠‡∏¢‡∏ú‡πà‡∏≤‡∏ô‡∏ô‡∏∞‡∏°‡∏±‡∏ô‡∏Å‡πá‡πÑ‡∏°‡πà‡∏£‡πâ‡∏≤‡∏¢‡πÄ‡πÄ‡∏£‡∏á‡∏≠‡∏∞‡πÑ‡∏£‡∏´‡∏£‡∏≠‡∏Å ‡πÄ‡πÄ‡∏ï‡πà‡∏ß‡∏±‡∏ô‡∏Ç‡πâ‡∏≤‡∏á‡∏´‡∏ô‡πâ‡∏≤‡∏Å‡∏•‡∏±‡∏ß‡πÄ‡∏Ç‡∏≤‡πÑ‡∏õ‡∏ï‡∏¥‡∏î‡∏≠‡∏¢‡πà‡∏≤‡∏á‡∏≠‡∏∑‡πà‡∏ô‡∏ó‡∏µ‡πà‡∏´‡∏ô‡∏±‡∏Å‡∏Å‡∏ß‡πà‡∏≤‡∏ô‡∏µ‡πâ ‡∏Å‡∏•‡∏±‡∏ß‡∏ß‡πà‡∏≤‡∏ä‡∏µ‡∏ß‡∏¥‡∏ï‡∏Ñ‡∏π‡πà‡∏à‡∏∞‡∏û‡∏±‡∏á¬†¬†üòå																															",0,1,"['0', '0', '0', '1', '0', '0']","['‡∏ß‡∏≤‡∏á‡πÅ‡∏ú‡∏ô‡∏Ñ‡∏£‡∏≠‡∏ö‡∏Ñ‡∏£‡∏±‡∏ß', '‡∏õ‡∏±‡∏ç‡∏´‡∏≤‡∏ß‡∏±‡∏¢‡∏£‡∏∏‡πà‡∏ô', '‡∏õ‡∏±‡∏ç‡∏´‡∏≤‡∏Ñ‡∏ß‡∏≤‡∏°‡∏£‡∏±‡∏Å', '‡∏õ‡∏±‡∏ç‡∏´‡∏≤‡∏ä‡∏µ‡∏ß‡∏¥‡∏ï']",04/07/2021 17:58:43,https://pantip.com/topic/40628980,no img,40628980,negative,"['‡∏î‡∏µ‡∏°‡∏≤‡∏Å', '‡πÉ‡∏™', '‡∏û‡∏≠‡πÉ‡∏à', '‡∏î‡∏µ']","['‡πÇ‡∏°‡πÇ‡∏´', '‡∏™‡∏≤‡∏£‡πÄ‡∏™‡∏û‡∏ï‡∏¥‡∏î', '‡∏£‡πâ‡∏≤‡∏¢', '‡∏Å‡∏•‡∏±‡∏ß', '‡∏Å‡∏•‡∏±‡∏ß']"
8,‡∏Å‡∏±‡∏ç‡∏ä‡∏≤ !!!!,‡∏™‡∏°‡∏≤‡∏ä‡∏¥‡∏Å‡∏´‡∏°‡∏≤‡∏¢‡πÄ‡∏•‡∏Ç 2960276,2960276,"
								‡∏Å‡∏¥‡∏ô‡∏≠‡∏≤‡∏´‡∏≤‡∏£‡∏ó‡∏µ‡πà‡∏°‡∏µ‡∏™‡πà‡∏ß‡∏ô‡∏ú‡∏™‡∏°‡∏Å‡∏±‡∏ç‡∏ä‡∏≤
‡πÄ‡∏ß‡∏•‡∏≤‡πÇ‡∏î‡∏ô‡∏ï‡∏£‡∏ß‡∏à‡∏â‡∏µ‡πà‡∏û‡∏ö‡∏°‡∏µ‡∏™‡∏≤‡∏£‡∏Å‡∏±‡∏ç‡∏ä‡∏≤‡∏°‡∏µ‡∏Ñ‡∏ß‡∏≤‡∏°‡∏ú‡∏¥‡∏î‡πÑ‡∏´‡∏° ¬†
‡πÄ‡∏Ç‡∏≤‡∏¢‡∏Å‡πÄ‡∏•‡∏¥‡∏Å‡∏Å‡∏≤‡∏£‡∏ï‡∏£‡∏ß‡∏à‡∏â‡∏µ‡πà‡∏™‡∏≤‡∏£‡∏Å‡∏±‡∏ç‡∏ä‡∏≤‡∏´‡∏£‡∏∑‡∏≠‡∏¢‡∏±‡∏á‡∏Ñ‡∏£‡∏±‡∏ö
‡∏Ç‡∏≠‡∏ö‡∏Ñ‡∏∏‡∏ì‡∏°‡∏≤‡∏Å‡∏Ñ‡∏£‡∏±‡∏ö																															",0,0,"['0', '0', '0', '0', '0', '0']",['‡∏≠‡∏≤‡∏´‡∏≤‡∏£'],03/31/2021 18:19:51,https://pantip.com/topic/40615218,no img,40615218,negative,"['‡∏û‡∏ö', '‡∏Ç‡∏≠‡∏ö‡∏Ñ‡∏∏‡∏ì']","['‡πÇ‡∏î‡∏ô', '‡∏â‡∏µ‡πà', '‡∏°‡∏µ‡∏Ñ‡∏ß‡∏≤‡∏°‡∏ú‡∏¥‡∏î', '‡∏â‡∏µ‡πà']"
9,‡∏Å‡∏±‡∏ç‡∏ä‡∏≤‡πÄ‡∏ó‡∏®‡∏ú‡∏¥‡∏î‡∏Å‡∏è‡∏´‡∏°‡∏≤‡∏¢‡∏°‡∏±‡πâ‡∏á‡∏Ñ‡∏£‡∏±‡∏ö,‡∏™‡∏°‡∏≤‡∏ä‡∏¥‡∏Å‡∏´‡∏°‡∏≤‡∏¢‡πÄ‡∏•‡∏Ç 6361229,6361229,"
								‡∏Å‡∏±‡∏ç‡∏ä‡∏≤‡πÄ‡∏ó‡∏®‡∏ú‡∏¥‡∏î‡∏Å‡∏è‡∏´‡∏°‡∏≤‡∏¢‡∏°‡∏±‡πâ‡∏¢																															",0,0,"['0', '0', '0', '0', '0', '0']",['‡∏≠‡∏≤‡∏´‡∏≤‡∏£‡πÑ‡∏ó‡∏¢'],03/14/2021 13:23:44,https://pantip.com/topic/40579957,no img,40579957,neutral,[],[]
10,‡∏Å‡∏±‡∏ç‡∏ä‡∏≤,‡∏™‡∏°‡∏≤‡∏ä‡∏¥‡∏Å‡∏´‡∏°‡∏≤‡∏¢‡πÄ‡∏•‡∏Ç 5959468,5959468,"
								‡∏°‡∏µ‡∏Ç‡πâ‡∏≠‡∏™‡∏á‡∏™‡∏±‡∏¢‡∏Ñ‡∏£‡∏±‡∏ö ‡∏ï‡∏≠‡∏ô‡∏ô‡∏µ‡πâ‡∏ó‡∏≤‡∏á‡∏£‡∏±‡∏ê‡∏ö‡∏≤‡∏•‡πÑ‡∏î‡πâ‡∏¢‡∏Å‡πÄ‡∏•‡∏¥‡∏Å‡∏Å‡∏±‡∏ç‡∏ä‡∏≤‡∏≠‡∏≠‡∏Å‡∏à‡∏≤‡∏Å‡∏™‡∏¥‡πà‡∏á‡πÄ‡∏™‡∏û‡∏ï‡∏¥‡∏î‡∏õ‡∏£‡∏∞‡πÄ‡∏†‡∏ó5‡πÄ‡∏û‡∏∑‡πà‡∏≠‡∏ó‡∏≤‡∏á‡∏Å‡∏≤‡∏£‡πÅ‡∏û‡∏ó‡∏¢‡πå ‡πÅ‡∏•‡πâ‡∏ß‡∏ï‡∏≠‡∏ô‡∏ô‡∏µ‡πâ‡∏°‡∏µ‡∏Å‡∏≤‡∏£‡πÉ‡∏ä‡πâ‡∏Å‡∏±‡∏ç‡∏ä‡∏≤‡∏°‡∏≤‡πÄ‡∏õ‡πá‡∏ô‡∏™‡πà‡∏ß‡∏ô‡∏ú‡∏™‡∏°‡∏Ç‡∏≠‡∏á‡∏≠‡∏≤‡∏´‡∏≤‡∏£‡πÅ‡∏•‡∏∞‡πÄ‡∏Ñ‡∏£‡∏∑‡πà‡∏≠‡∏á‡∏î‡∏∑‡πà‡∏°‡πÅ‡∏ö‡∏ö‡∏ô‡∏µ‡πâ ‡∏ñ‡πâ‡∏≤‡πÄ‡∏Å‡∏¥‡∏î‡πÄ‡∏£‡∏≤‡∏Å‡∏¥‡∏ô‡πÄ‡∏Ç‡πâ‡∏≤‡πÑ‡∏õ‡πÅ‡∏•‡πâ‡∏ß‡πÇ‡∏î‡∏ô‡πÄ‡∏£‡∏µ‡∏¢‡∏Å‡∏ï‡∏£‡∏ß‡∏à‡∏™‡∏≤‡∏£‡πÄ‡∏™‡∏û‡∏ï‡∏¥‡∏î‡πÅ‡∏ö‡∏ö‡∏ô‡∏µ‡πâ ‡πÄ‡∏£‡∏≤‡∏à‡∏∞‡πÇ‡∏î‡∏ô‡∏Ñ‡∏ß‡∏≤‡∏°‡∏ú‡∏¥‡∏î‡πÑ‡∏´‡∏°‡∏Ñ‡∏£‡∏±‡∏ö																															",0,1,"['1', '0', '0', '0', '0', '0']",['‡∏Å‡∏é‡∏´‡∏°‡∏≤‡∏¢‡∏ä‡∏≤‡∏ß‡∏ö‡πâ‡∏≤‡∏ô'],03/12/2021 15:45:24,https://pantip.com/topic/40576172,no img,40576172,negative,[],"['‡∏™‡∏¥‡πà‡∏á‡πÄ‡∏™‡∏û‡∏ï‡∏¥‡∏î', '‡πÇ‡∏î‡∏ô', '‡∏™‡∏≤‡∏£‡πÄ‡∏™‡∏û‡∏ï‡∏¥‡∏î', '‡πÇ‡∏î‡∏ô']"
