num,name,price,type,sold,star,from,img_src,url
1,‚Äú ‡∏¢‡∏Å‡∏Å‡∏•‡πà‡∏≠‡∏á ‚Äú‡πÑ‡∏ö‡πÇ‡∏≠ + ‡∏ö‡∏µ 12 ‡∏ß‡∏¥‡∏ï‡∏≤‡∏°‡∏¥‡∏ô‡πÑ‡∏Å‡πà‡∏ä‡∏ô 50‡∏ã‡∏≠‡∏á,‡∏ø680,general,no sold,0.0,‡∏à‡∏±‡∏á‡∏´‡∏ß‡∏±‡∏î‡∏Å‡∏≥‡πÅ‡∏û‡∏á‡πÄ‡∏û‡∏ä‡∏£,https://cf.shopee.co.th/file/9f655cdf30c15c36444a0f70b4bb0992_tn,https://shopee.co.th//‚Äú-‡∏¢‡∏Å‡∏Å‡∏•‡πà‡∏≠‡∏á-‚Äú‡πÑ‡∏ö‡πÇ‡∏≠-‡∏ö‡∏µ-12-‡∏ß‡∏¥‡∏ï‡∏≤‡∏°‡∏¥‡∏ô‡πÑ‡∏Å‡πà‡∏ä‡∏ô-50‡∏ã‡∏≠‡∏á-i.39815374.11000721339
2,‡πÑ‡∏Å‡πà‡∏ä‡∏ô‡πÑ‡∏Å‡πà‡πÅ‡∏Å‡πâ‡∏ö‡∏ô‡πÑ‡∏≠‡πâ‡πÑ‡∏Ç‡πà‚Äã‡∏ß‡∏±‡∏î‚Äã‡πÄ‡∏à‡∏î‡∏µ‡∏¢‡πå‚Äã‡∏Ñ‡∏•‡∏∞‡∏™‡∏µüòç‡∏ï‡∏±‡∏ß‚Äã‡∏•‡∏∞35‡∏ö‡∏≤‡∏ó‡∏Ñ‡∏•‡∏∞‡∏™‡∏µ‡∏´‡∏•‡∏≤‡∏Å‡∏™‡∏µ‡∏£‡∏±‡∏ö‡∏õ‡∏£‡∏∞‡∏Å‡∏±‡∏ô‚Äã‡∏™‡∏¥‡∏ô‡∏Ñ‡πâ‡∏≤‚Äã‡πÅ‡∏ï‡∏Å‡∏´‡∏±‡∏Å ‚ÄãCOD‡∏ä‡∏≥‡∏£‡∏∞‡πÄ‡∏á‡∏¥‡∏ô‚Äã‡∏õ‡∏•‡∏≤‡∏¢‡∏ó‡∏≤‡∏á‚Äã,‡∏ø26,‡∏£‡πâ‡∏≤‡∏ô‡πÅ‡∏ô‡∏∞‡∏ô‡∏≥,4600.0,4.8695,‡∏à‡∏±‡∏á‡∏´‡∏ß‡∏±‡∏î‡∏ô‡∏Ñ‡∏£‡∏®‡∏£‡∏µ‡∏ò‡∏£‡∏£‡∏°‡∏£‡∏≤‡∏ä,https://cf.shopee.co.th/file/1567e911269d677a1fd7678589526349_tn,https://shopee.co.th//‡πÑ‡∏Å‡πà‡∏ä‡∏ô‡πÑ‡∏Å‡πà‡πÅ‡∏Å‡πâ‡∏ö‡∏ô‡πÑ‡∏≠‡πâ‡πÑ‡∏Ç‡πà‚Äã‡∏ß‡∏±‡∏î‚Äã‡πÄ‡∏à‡∏î‡∏µ‡∏¢‡πå‚Äã‡∏Ñ‡∏•‡∏∞‡∏™‡∏µüòç‡∏ï‡∏±‡∏ß‚Äã‡∏•‡∏∞35‡∏ö‡∏≤‡∏ó‡∏Ñ‡∏•‡∏∞‡∏™‡∏µ‡∏´‡∏•‡∏≤‡∏Å‡∏™‡∏µ‡∏£‡∏±‡∏ö‡∏õ‡∏£‡∏∞‡∏Å‡∏±‡∏ô‚Äã‡∏™‡∏¥‡∏ô‡∏Ñ‡πâ‡∏≤‚Äã‡πÅ‡∏ï‡∏Å‡∏´‡∏±‡∏Å-‚ÄãCOD‡∏ä‡∏≥‡∏£‡∏∞‡πÄ‡∏á‡∏¥‡∏ô‚Äã‡∏õ‡∏•‡∏≤‡∏¢‡∏ó‡∏≤‡∏á‚Äã-i.128732054.5917102963
3,‡πÅ‡∏ã‡πà‡∏ö‡πÄ‡∏Å‡∏¥‡∏ô‡πÉ‡∏Ñ‡∏£ ‚Äò‡πÄ‡∏≠‡πá‡∏ô‡∏Ç‡πâ‡∏≠‡πÑ‡∏Å‡πà‚Äô ‡∏ï‡πâ‡∏°‡∏ô‡πâ‡∏≥‡∏õ‡∏•‡∏≤‡∏ö‡∏£‡∏£‡∏à‡∏∏‡∏™‡∏π‡∏ç‡∏ç‡∏≤‡∏Å‡∏≤‡∏® (200 ‡∏Å‡∏£‡∏±‡∏°),‡∏ø120,general,71.0,4.9545,‡∏à‡∏±‡∏á‡∏´‡∏ß‡∏±‡∏î‡∏Å‡∏£‡∏∏‡∏á‡πÄ‡∏ó‡∏û‡∏°‡∏´‡∏≤‡∏ô‡∏Ñ‡∏£,https://cf.shopee.co.th/file/c058b5efb982b83b37ae7eb3d573eb5e_tn,https://shopee.co.th//‡πÅ‡∏ã‡πà‡∏ö‡πÄ‡∏Å‡∏¥‡∏ô‡πÉ‡∏Ñ‡∏£-‚Äò‡πÄ‡∏≠‡πá‡∏ô‡∏Ç‡πâ‡∏≠‡πÑ‡∏Å‡πà‚Äô-‡∏ï‡πâ‡∏°‡∏ô‡πâ‡∏≥‡∏õ‡∏•‡∏≤‡∏ö‡∏£‡∏£‡∏à‡∏∏‡∏™‡∏π‡∏ç‡∏ç‡∏≤‡∏Å‡∏≤‡∏®-(200-‡∏Å‡∏£‡∏±‡∏°)-i.324740199.3758466287
4,‡πÑ‡∏Å‡πà ‡πÑ‡∏≠‡πâ‡πÑ‡∏Ç‡πà ‡πÑ‡∏Å‡πà‡πÅ‡∏Å‡πâ‡∏ö‡∏ô ‡πÅ‡∏Å‡πâ‡∏ß‡∏™‡∏µ‡∏•‡∏π‡∏Å‡πÅ‡∏Å‡πâ‡∏ß‡∏ô‡πâ‡∏≥‡∏ô‡∏° ‡∏Ç‡∏ô‡∏≤‡∏î 6-7cm. *‡∏£‡∏≤‡∏Ñ‡∏≤‡∏ï‡πà‡∏≠‡∏ï‡∏±‡∏ß* ‡∏Ç‡∏≠‡∏á‡πÅ‡∏ó‡πâ  ‡πÑ‡∏Å‡πà‡πÑ‡∏≠‡πâ‡πÑ‡∏Ç‡πà ‡∏Ç‡∏≠‡∏á‡πÑ‡∏´‡∏ß‡πâ‡πÑ‡∏≠‡πâ‡πÑ‡∏Ç‡πà ‡∏£‡∏≤‡∏Ñ‡∏≤‡∏™‡πà‡∏á‡πÇ‡∏£‡∏á‡∏á‡∏≤‡∏ô,‡∏ø80,‡∏£‡πâ‡∏≤‡∏ô‡πÅ‡∏ô‡∏∞‡∏ô‡∏≥,347.0,4.9733,‡∏à‡∏±‡∏á‡∏´‡∏ß‡∏±‡∏î‡∏û‡∏±‡∏á‡∏á‡∏≤,https://cf.shopee.co.th/file/14a0c1d7654d8aa69787255d77913994_tn,https://shopee.co.th//‡πÑ‡∏Å‡πà-‡πÑ‡∏≠‡πâ‡πÑ‡∏Ç‡πà-‡πÑ‡∏Å‡πà‡πÅ‡∏Å‡πâ‡∏ö‡∏ô-‡πÅ‡∏Å‡πâ‡∏ß‡∏™‡∏µ‡∏•‡∏π‡∏Å‡πÅ‡∏Å‡πâ‡∏ß‡∏ô‡πâ‡∏≥‡∏ô‡∏°-‡∏Ç‡∏ô‡∏≤‡∏î-6-7cm.-*‡∏£‡∏≤‡∏Ñ‡∏≤‡∏ï‡πà‡∏≠‡∏ï‡∏±‡∏ß*-‡∏Ç‡∏≠‡∏á‡πÅ‡∏ó‡πâ-‡πÑ‡∏Å‡πà‡πÑ‡∏≠‡πâ‡πÑ‡∏Ç‡πà-‡∏Ç‡∏≠‡∏á‡πÑ‡∏´‡∏ß‡πâ‡πÑ‡∏≠‡πâ‡πÑ‡∏Ç‡πà-‡∏£‡∏≤‡∏Ñ‡∏≤‡∏™‡πà‡∏á‡πÇ‡∏£‡∏á‡∏á‡∏≤‡∏ô-i.110450883.6951509757
5,‡∏ä‡∏∏‡∏î‚Äã‡πÑ‡∏´‡∏ß‡πâ‚Äã‡∏ñ‡∏ß‡∏≤‡∏¢‚Äã‡∏Ç‡∏≠‡∏û‡∏£‚Äã‡πÅ‡∏Å‡πâ‡∏ö‡∏ô‚Äã‡∏ï‡∏≤‚Äã‡πÑ‡∏Ç‡πà‚Äã‡∏ä‡∏∏‡∏î‡∏ó‡∏´‡∏≤‡∏£‡πÄ‡∏î‡πá‡∏Å‚Äã+‡∏´‡∏ô‡∏±‡∏á‡∏™‡∏ï‡∏¥‡πä‡∏Å‚Äã‡∏Ñ‡∏•‡∏∞‚Äã‡∏™‡∏µ‚Äã+‡∏•‡∏π‡∏Å‡πÅ‡∏Å‡πâ‡∏ß‚Äã9‚Äã‡∏•‡∏π‡∏Å‚Äã+‡∏ò‡∏π‡∏õ‚Äã‡∏´‡∏ß‡∏¢‚Äã‚Äã5‡πÅ‡∏ó‡πà‡∏á‚Äã‡∏™‡∏¥‡∏ô‡∏Ñ‡πâ‡∏≤‚Äã‡∏™‡πà‡∏á‡∏î‡πà‡∏ß‡∏ô‚Äã‡∏ó‡∏∏‡∏Å‡∏ß‡∏±‡∏ô‚Äã,‡∏ø99,general,11.0,5.0,‡∏à‡∏±‡∏á‡∏´‡∏ß‡∏±‡∏î‡∏ô‡∏Ñ‡∏£‡∏®‡∏£‡∏µ‡∏ò‡∏£‡∏£‡∏°‡∏£‡∏≤‡∏ä,https://cf.shopee.co.th/file/068707bb2788a938b4ebb9fab8ecb634_tn,https://shopee.co.th//‡∏ä‡∏∏‡∏î‚Äã‡πÑ‡∏´‡∏ß‡πâ‚Äã‡∏ñ‡∏ß‡∏≤‡∏¢‚Äã‡∏Ç‡∏≠‡∏û‡∏£‚Äã‡πÅ‡∏Å‡πâ‡∏ö‡∏ô‚Äã‡∏ï‡∏≤‚Äã‡πÑ‡∏Ç‡πà‚Äã‡∏ä‡∏∏‡∏î‡∏ó‡∏´‡∏≤‡∏£‡πÄ‡∏î‡πá‡∏Å‚Äã-‡∏´‡∏ô‡∏±‡∏á‡∏™‡∏ï‡∏¥‡πä‡∏Å‚Äã‡∏Ñ‡∏•‡∏∞‚Äã‡∏™‡∏µ‚Äã-‡∏•‡∏π‡∏Å‡πÅ‡∏Å‡πâ‡∏ß‚Äã9‚Äã‡∏•‡∏π‡∏Å‚Äã-‡∏ò‡∏π‡∏õ‚Äã‡∏´‡∏ß‡∏¢‚Äã‚Äã5‡πÅ‡∏ó‡πà‡∏á‚Äã‡∏™‡∏¥‡∏ô‡∏Ñ‡πâ‡∏≤‚Äã‡∏™‡πà‡∏á‡∏î‡πà‡∏ß‡∏ô‚Äã‡∏ó‡∏∏‡∏Å‡∏ß‡∏±‡∏ô‚Äã-i.373243730.9718036290
6,Tyson ‡πÑ‡∏Å‡πà‡∏õ‡πä‡∏≠‡∏õ‡∏Ñ‡∏≠‡∏£‡πå‡∏ô ‡∏£‡∏™‡∏Æ‡∏≠‡∏ï‡πÅ‡∏≠‡∏ô‡∏î‡πå‡∏™‡πÑ‡∏õ‡∏ã‡∏µ‡πà Hot&Spicy chicken popcorn 500 g,‡∏ø134,shopee mall,567.0,4.9246,‡∏à‡∏±‡∏á‡∏´‡∏ß‡∏±‡∏î‡∏™‡∏°‡∏∏‡∏ó‡∏£‡∏õ‡∏£‡∏≤‡∏Å‡∏≤‡∏£,https://cf.shopee.co.th/file/9fa317ae334db2501f1656af1b5ac9bd_tn,https://shopee.co.th//Tyson-‡πÑ‡∏Å‡πà‡∏õ‡πä‡∏≠‡∏õ‡∏Ñ‡∏≠‡∏£‡πå‡∏ô-‡∏£‡∏™‡∏Æ‡∏≠‡∏ï‡πÅ‡∏≠‡∏ô‡∏î‡πå‡∏™‡πÑ‡∏õ‡∏ã‡∏µ‡πà-Hot-Spicy-chicken-popcorn-500-g-i.242496057.7633603847
7,‡πÑ‡∏Å‡πà‡∏ó‡∏≥‡∏à‡∏≤‡∏Å‡∏Ç‡∏ô‡∏à‡∏£‡∏¥‡∏á ‡πÑ‡∏Å‡πà‡πÅ‡∏Å‡πâ‡∏ö‡∏ô ‡∏Ç‡∏ô‡∏≤‡∏î‡πÄ‡∏•‡πá‡∏Å ‡πÑ‡∏Å‡πà‡∏ï‡∏±‡∏ß‡∏ú‡∏π‡πâ  ‡πÑ‡∏Å‡πà‡∏ï‡∏±‡∏ß‡πÄ‡∏°‡∏µ‡∏¢ ‡πÑ‡∏Å‡πà‡∏°‡∏µ‡∏Ç‡∏ô ‡πÑ‡∏Å‡πà‡∏ä‡∏ô ‡πÑ‡∏Å‡πà ‡∏™‡∏π‡∏á 12 cm,‡∏ø89,‡∏£‡πâ‡∏≤‡∏ô‡πÅ‡∏ô‡∏∞‡∏ô‡∏≥,1300.0,4.8821,‡∏à‡∏±‡∏á‡∏´‡∏ß‡∏±‡∏î‡∏™‡∏á‡∏Ç‡∏•‡∏≤,https://cf.shopee.co.th/file/2cf7d009336eb82500ba28d038461e68_tn,https://shopee.co.th//‡πÑ‡∏Å‡πà‡∏ó‡∏≥‡∏à‡∏≤‡∏Å‡∏Ç‡∏ô‡∏à‡∏£‡∏¥‡∏á-‡πÑ‡∏Å‡πà‡πÅ‡∏Å‡πâ‡∏ö‡∏ô-‡∏Ç‡∏ô‡∏≤‡∏î‡πÄ‡∏•‡πá‡∏Å-‡πÑ‡∏Å‡πà‡∏ï‡∏±‡∏ß‡∏ú‡∏π‡πâ-‡πÑ‡∏Å‡πà‡∏ï‡∏±‡∏ß‡πÄ‡∏°‡∏µ‡∏¢-‡πÑ‡∏Å‡πà‡∏°‡∏µ‡∏Ç‡∏ô-‡πÑ‡∏Å‡πà‡∏ä‡∏ô-‡πÑ‡∏Å‡πà-‡∏™‡∏π‡∏á-12-cm-i.263604450.4341190480
8,‡πÑ‡∏Å‡πà‡πÄ‡∏á‡∏¥‡∏ô ‡πÑ‡∏Å‡πà‡∏ó‡∏≠‡∏á  ‡πÑ‡∏Å‡πà‡πÅ‡∏Å‡πâ‡∏ö‡∏ô‡πÑ‡∏≠‡πâ‡πÑ‡∏Ç‡πà ‡πÑ‡∏´‡∏ß‡πâ‡πÑ‡∏≠‡πâ‡πÑ‡∏Ç‡πà ‡∏ö‡∏π‡∏ä‡∏≤‡πÑ‡∏≠‡πâ‡πÑ‡∏Ç‡πà,‡∏ø19,‡∏£‡πâ‡∏≤‡∏ô‡πÅ‡∏ô‡∏∞‡∏ô‡∏≥,1300.0,4.6,‡∏à‡∏±‡∏á‡∏´‡∏ß‡∏±‡∏î‡∏Å‡∏£‡∏∏‡∏á‡πÄ‡∏ó‡∏û‡∏°‡∏´‡∏≤‡∏ô‡∏Ñ‡∏£,https://cf.shopee.co.th/file/31aa4e8963d25dfcaf26c5df35497fe0_tn,https://shopee.co.th//‡πÑ‡∏Å‡πà‡πÄ‡∏á‡∏¥‡∏ô-‡πÑ‡∏Å‡πà‡∏ó‡∏≠‡∏á-‡πÑ‡∏Å‡πà‡πÅ‡∏Å‡πâ‡∏ö‡∏ô‡πÑ‡∏≠‡πâ‡πÑ‡∏Ç‡πà-‡πÑ‡∏´‡∏ß‡πâ‡πÑ‡∏≠‡πâ‡πÑ‡∏Ç‡πà-‡∏ö‡∏π‡∏ä‡∏≤‡πÑ‡∏≠‡πâ‡πÑ‡∏Ç‡πà-i.98257907.4760907249
9,‡πÑ‡∏Å‡πà‡∏ö‡∏¥‡πä‡∏Å‡∏õ‡πä‡∏≠‡∏ö ‡∏£‡∏™ Hot & Spicy ‡∏Ç‡∏ô‡∏≤‡∏î 1 ‡∏Å‡∏Å. (60-65 ‡∏ä‡∏¥‡πâ‡∏ô),‡∏ø150 - ‡∏ø165,‡∏£‡πâ‡∏≤‡∏ô‡πÅ‡∏ô‡∏∞‡∏ô‡∏≥,103.0,4.6545,‡∏à‡∏±‡∏á‡∏´‡∏ß‡∏±‡∏î‡∏ô‡∏ô‡∏ó‡∏ö‡∏∏‡∏£‡∏µ,https://cf.shopee.co.th/file/3a9df0061a6081edfe1a690a374f2020_tn,https://shopee.co.th//‡πÑ‡∏Å‡πà‡∏ö‡∏¥‡πä‡∏Å‡∏õ‡πä‡∏≠‡∏ö-‡∏£‡∏™-Hot-Spicy-‡∏Ç‡∏ô‡∏≤‡∏î-1-‡∏Å‡∏Å.-(60-65-‡∏ä‡∏¥‡πâ‡∏ô)-i.35173471.3942966772
10,üî•üî•‡πÑ‡∏Å‡πà‡πÅ‡∏Å‡πâ‡∏ö‡∏ô ‡πÑ‡∏Å‡πà‡πÄ‡∏£‡∏ã‡∏¥‡πà‡∏ô ‡πÅ‡∏Å‡πâ‡∏ö‡∏ô‡πÑ‡∏≠‡πâ‡πÑ‡∏Ç‡πà  ‡∏°‡∏µ‡∏´‡∏•‡∏≤‡∏¢‡∏Ç‡∏ô‡∏≤‡∏î ((( ‡∏£‡∏≤‡∏Ñ‡∏≤/‡∏Ñ‡∏π‡πà ))),‡∏ø65 - ‡∏ø250,‡∏£‡πâ‡∏≤‡∏ô‡πÅ‡∏ô‡∏∞‡∏ô‡∏≥,666.0,4.8458,‡∏à‡∏±‡∏á‡∏´‡∏ß‡∏±‡∏î‡∏û‡∏£‡∏∞‡∏ô‡∏Ñ‡∏£‡∏®‡∏£‡∏µ‡∏≠‡∏¢‡∏∏‡∏ò‡∏¢‡∏≤,https://cf.shopee.co.th/file/4f39e4728e4728d2f937a4f5c91319f0_tn,https://shopee.co.th//üî•üî•‡πÑ‡∏Å‡πà‡πÅ‡∏Å‡πâ‡∏ö‡∏ô-‡πÑ‡∏Å‡πà‡πÄ‡∏£‡∏ã‡∏¥‡πà‡∏ô-‡πÅ‡∏Å‡πâ‡∏ö‡∏ô‡πÑ‡∏≠‡πâ‡πÑ‡∏Ç‡πà-‡∏°‡∏µ‡∏´‡∏•‡∏≤‡∏¢‡∏Ç‡∏ô‡∏≤‡∏î-(((-‡∏£‡∏≤‡∏Ñ‡∏≤-‡∏Ñ‡∏π‡πà-)))-i.83973578.5657322095
11,‚ùó‡∏Å‡∏ó‡∏°.+‡∏õ‡∏£‡∏¥‡∏°‡∏ì‡∏ë‡∏•‡∏™‡πà‡∏á‡πÄ‡∏ä‡πâ‡∏≤‡πÄ‡∏¢‡πá‡∏ô‡∏ñ‡∏∂‡∏á‚ùó‡πÑ‡∏Å‡πà‡∏Å‡∏£‡∏≠‡∏ö ‡πÑ‡∏Å‡πà‡∏õ‡πá‡∏≠‡∏õ ‡∏ã‡∏π‡πÄ‡∏õ‡∏≠‡∏£‡πå‡πÄ‡∏ä‡∏ü SUPER CHEF 1 ‡∏Å‡∏Å,‡∏ø150,‡∏£‡πâ‡∏≤‡∏ô‡πÅ‡∏ô‡∏∞‡∏ô‡∏≥,116.0,4.88,‡∏à‡∏±‡∏á‡∏´‡∏ß‡∏±‡∏î‡∏Å‡∏£‡∏∏‡∏á‡πÄ‡∏ó‡∏û‡∏°‡∏´‡∏≤‡∏ô‡∏Ñ‡∏£,https://cf.shopee.co.th/file/d1616d96ce10de79aa1b31653648fb0a_tn,https://shopee.co.th//‚ùó‡∏Å‡∏ó‡∏°.-‡∏õ‡∏£‡∏¥‡∏°‡∏ì‡∏ë‡∏•‡∏™‡πà‡∏á‡πÄ‡∏ä‡πâ‡∏≤‡πÄ‡∏¢‡πá‡∏ô‡∏ñ‡∏∂‡∏á‚ùó‡πÑ‡∏Å‡πà‡∏Å‡∏£‡∏≠‡∏ö-‡πÑ‡∏Å‡πà‡∏õ‡πá‡∏≠‡∏õ-‡∏ã‡∏π‡πÄ‡∏õ‡∏≠‡∏£‡πå‡πÄ‡∏ä‡∏ü-SUPER-CHEF-1-‡∏Å‡∏Å-i.38444368.6529557840
12,‡πÑ‡∏Å‡πà‡πÄ‡∏î‡πâ‡∏á‡∏´‡πà‡∏°‡πÑ‡∏Ç‡πà‡πÅ‡∏î‡∏áüê£üê£‡∏Ñ‡∏µ‡πÇ‡∏ï‡∏Ñ‡∏•‡∏µ‡∏ô‡∏ó‡∏≤‡∏ô‡πÑ‡∏î‡πâ‡πÄ‡∏û‡∏µ‡∏¢‡∏á‡πÅ‡∏Ñ‡πà‡πÄ‡∏ß‡∏ü‡∏Ñ‡∏ß‡∏≤‡∏°‡∏≠‡∏£‡πà‡∏≠‡∏¢‡∏Å‡πá‡∏û‡∏£‡πâ‡∏≠‡∏°‡πÄ‡∏™‡∏£‡∏¥‡∏üüòãüòãüòòüòò,‡∏ø89,‡∏£‡πâ‡∏≤‡∏ô‡πÅ‡∏ô‡∏∞‡∏ô‡∏≥,17.0,4.8333,‡∏à‡∏±‡∏á‡∏´‡∏ß‡∏±‡∏î‡∏ö‡∏∏‡∏£‡∏µ‡∏£‡∏±‡∏°‡∏¢‡πå,https://cf.shopee.co.th/file/16a0d314aaf822644f747727bdbb89d7_tn,https://shopee.co.th//‡πÑ‡∏Å‡πà‡πÄ‡∏î‡πâ‡∏á‡∏´‡πà‡∏°‡πÑ‡∏Ç‡πà‡πÅ‡∏î‡∏áüê£üê£‡∏Ñ‡∏µ‡πÇ‡∏ï‡∏Ñ‡∏•‡∏µ‡∏ô‡∏ó‡∏≤‡∏ô‡πÑ‡∏î‡πâ‡πÄ‡∏û‡∏µ‡∏¢‡∏á‡πÅ‡∏Ñ‡πà‡πÄ‡∏ß‡∏ü‡∏Ñ‡∏ß‡∏≤‡∏°‡∏≠‡∏£‡πà‡∏≠‡∏¢‡∏Å‡πá‡∏û‡∏£‡πâ‡∏≠‡∏°‡πÄ‡∏™‡∏£‡∏¥‡∏üüòãüòãüòòüòò-i.261204974.7584388416
13,‡∏ô‡∏¥‡∏ß‡∏≠‡∏≠‡∏£‡πå‡∏•‡∏µ‡∏ô‡∏™‡πåüçó‡∏ú‡∏á‡∏´‡∏°‡∏±‡∏Å‡πÑ‡∏Å‡πà 4‡∏™‡∏π‡∏ï‡∏£ üçó‡∏ô‡∏¥‡∏ß‡∏≠‡∏≠‡∏£‡πå‡∏•‡∏µ‡∏ô‡∏™‡πå ‡∏ö‡∏≤‡∏£‡∏ö‡∏µ‡∏Ñ‡∏¥‡∏ß ‡∏Å‡∏£‡∏∞‡πÄ‡∏ó‡∏µ‡∏¢‡∏°‡∏û‡∏£‡∏¥‡∏Å‡πÑ‡∏ó‡∏¢üçó,‡∏ø70 - ‡∏ø120,general,543.0,4.871,‡∏à‡∏±‡∏á‡∏´‡∏ß‡∏±‡∏î‡∏õ‡∏ó‡∏∏‡∏°‡∏ò‡∏≤‡∏ô‡∏µ,https://cf.shopee.co.th/file/45ba0b776713db04a29ba73d3c70b6d4_tn,https://shopee.co.th//‡∏ô‡∏¥‡∏ß‡∏≠‡∏≠‡∏£‡πå‡∏•‡∏µ‡∏ô‡∏™‡πåüçó‡∏ú‡∏á‡∏´‡∏°‡∏±‡∏Å‡πÑ‡∏Å‡πà-4‡∏™‡∏π‡∏ï‡∏£-üçó‡∏ô‡∏¥‡∏ß‡∏≠‡∏≠‡∏£‡πå‡∏•‡∏µ‡∏ô‡∏™‡πå-‡∏ö‡∏≤‡∏£‡∏ö‡∏µ‡∏Ñ‡∏¥‡∏ß-‡∏Å‡∏£‡∏∞‡πÄ‡∏ó‡∏µ‡∏¢‡∏°‡∏û‡∏£‡∏¥‡∏Å‡πÑ‡∏ó‡∏¢üçó-i.37834405.4134595820
14,‡∏£‡∏∏‡πà‡∏ô‡∏Ñ‡∏•‡πâ‡∏≠‡∏á‡∏ñ‡∏∏‡∏áüî•üî•‡πÑ‡∏Å‡πà‡πÄ‡∏£‡∏ã‡∏¥‡πà‡∏ô ‡πÑ‡∏Å‡πà‡πÅ‡∏Å‡πâ‡∏ö‡∏ô ‡πÑ‡∏Å‡πà‡∏ñ‡∏ß‡∏≤‡∏¢‡πÑ‡∏≠‡πâ‡πÑ‡∏Ç‡πà (((‡∏£‡∏≤‡∏Ñ‡∏≤‡∏Ñ‡∏π‡πà‡∏•‡∏∞65/120)))  ‡πÑ‡∏ã‡∏î‡πå‡πÄ‡∏•‡πá‡∏Å/‡πÑ‡∏ã‡∏î‡πå‡πÉ‡∏´‡∏ç‡πà,‡∏ø65 - ‡∏ø120,‡∏£‡πâ‡∏≤‡∏ô‡πÅ‡∏ô‡∏∞‡∏ô‡∏≥,256.0,4.8793,‡∏à‡∏±‡∏á‡∏´‡∏ß‡∏±‡∏î‡∏û‡∏£‡∏∞‡∏ô‡∏Ñ‡∏£‡∏®‡∏£‡∏µ‡∏≠‡∏¢‡∏∏‡∏ò‡∏¢‡∏≤,https://cf.shopee.co.th/file/de869d766b88f0f944fb8c64701d645c_tn,https://shopee.co.th//‡∏£‡∏∏‡πà‡∏ô‡∏Ñ‡∏•‡πâ‡∏≠‡∏á‡∏ñ‡∏∏‡∏áüî•üî•‡πÑ‡∏Å‡πà‡πÄ‡∏£‡∏ã‡∏¥‡πà‡∏ô-‡πÑ‡∏Å‡πà‡πÅ‡∏Å‡πâ‡∏ö‡∏ô-‡πÑ‡∏Å‡πà‡∏ñ‡∏ß‡∏≤‡∏¢‡πÑ‡∏≠‡πâ‡πÑ‡∏Ç‡πà-(((‡∏£‡∏≤‡∏Ñ‡∏≤‡∏Ñ‡∏π‡πà‡∏•‡∏∞65-120)))-‡πÑ‡∏ã‡∏î‡πå‡πÄ‡∏•‡πá‡∏Å-‡πÑ‡∏ã‡∏î‡πå‡πÉ‡∏´‡∏ç‡πà-i.83973578.6068732360
15,‡πÇ‡∏£‡∏ã‡πà‡∏≤‡∏û‡∏£‡πâ‡∏≠‡∏° ‡πÄ‡∏≠‡πá‡∏Å‡∏ã‡πå‡∏ï‡∏£‡πâ‡∏≤ ‡πÄ‡∏°‡∏ô‡∏π‡∏™‡πÄ‡∏ï‡πá‡∏Å‡πÑ‡∏Å‡πà‡∏ô‡πâ‡∏≥‡πÅ‡∏î‡∏á ‡∏Ç‡∏ô‡∏≤‡∏î 180 ‡∏Å‡∏£‡∏±‡∏°,‡∏ø59,shopee mall,2600.0,4.9094,‡∏à‡∏±‡∏á‡∏´‡∏ß‡∏±‡∏î‡∏™‡∏°‡∏∏‡∏ó‡∏£‡∏õ‡∏£‡∏≤‡∏Å‡∏≤‡∏£,https://cf.shopee.co.th/file/76492d0bd60ece36a920d6bc61859794_tn,https://shopee.co.th//‡πÇ‡∏£‡∏ã‡πà‡∏≤‡∏û‡∏£‡πâ‡∏≠‡∏°-‡πÄ‡∏≠‡πá‡∏Å‡∏ã‡πå‡∏ï‡∏£‡πâ‡∏≤-‡πÄ‡∏°‡∏ô‡∏π‡∏™‡πÄ‡∏ï‡πá‡∏Å‡πÑ‡∏Å‡πà‡∏ô‡πâ‡∏≥‡πÅ‡∏î‡∏á-‡∏Ç‡∏ô‡∏≤‡∏î-180-‡∏Å‡∏£‡∏±‡∏°-i.68742851.6432060753
16,‡∏°‡∏π‡∏•‡πÑ‡∏Å‡πà‡∏≠‡∏±‡∏î‡πÄ‡∏°‡πá‡∏î100% ‡πÄ‡∏Å‡∏£‡∏îA‡∏ï‡∏£‡∏≤‡∏Å‡∏≠‡∏ö‡∏±‡∏ß,‡∏ø35 - ‡∏ø100,‡∏£‡πâ‡∏≤‡∏ô‡πÅ‡∏ô‡∏∞‡∏ô‡∏≥,124.0,4.9149,‡∏à‡∏±‡∏á‡∏´‡∏ß‡∏±‡∏î‡∏Å‡∏£‡∏∏‡∏á‡πÄ‡∏ó‡∏û‡∏°‡∏´‡∏≤‡∏ô‡∏Ñ‡∏£,https://cf.shopee.co.th/file/0672fdf8d9f0d19061d065cb64be440a_tn,https://shopee.co.th//‡∏°‡∏π‡∏•‡πÑ‡∏Å‡πà‡∏≠‡∏±‡∏î‡πÄ‡∏°‡πá‡∏î100-‡πÄ‡∏Å‡∏£‡∏îA‡∏ï‡∏£‡∏≤‡∏Å‡∏≠‡∏ö‡∏±‡∏ß-i.157220070.3754831511
17,üî•üî•‡πÑ‡∏Å‡πà‡πÄ‡∏£‡∏ã‡∏¥‡πà‡∏ô ‡πÑ‡∏Å‡πà‡πÅ‡∏Å‡πâ‡∏ö‡∏ô ‡πÑ‡∏Å‡πà‡∏ñ‡∏ß‡∏≤‡∏¢‡πÑ‡∏≠‡πâ‡πÑ‡∏Ç‡πà (((‡∏£‡∏≤‡∏Ñ‡∏≤‡∏Ñ‡∏π‡πà‡∏•‡∏∞65/120)))  ‡πÑ‡∏ã‡∏î‡πå‡πÄ‡∏•‡πá‡∏Å/‡πÑ‡∏ã‡∏î‡πå‡πÉ‡∏´‡∏ç‡πà ‡∏û‡∏¥‡πÄ‡∏®‡∏©‡∏™‡∏µ‡πÉ‡∏´‡∏°‡πà ‡πÑ‡∏ã‡∏î‡πå‡πÄ‡∏•‡πá‡∏Å11‡∏ã‡∏°.,‡∏ø65 - ‡∏ø120,‡∏£‡πâ‡∏≤‡∏ô‡πÅ‡∏ô‡∏∞‡∏ô‡∏≥,316.0,4.8837,‡∏à‡∏±‡∏á‡∏´‡∏ß‡∏±‡∏î‡∏û‡∏£‡∏∞‡∏ô‡∏Ñ‡∏£‡∏®‡∏£‡∏µ‡∏≠‡∏¢‡∏∏‡∏ò‡∏¢‡∏≤,https://cf.shopee.co.th/file/c8b6a2e7de9f4b9bfaec7c37f7b4a7fb_tn,https://shopee.co.th//üî•üî•‡πÑ‡∏Å‡πà‡πÄ‡∏£‡∏ã‡∏¥‡πà‡∏ô-‡πÑ‡∏Å‡πà‡πÅ‡∏Å‡πâ‡∏ö‡∏ô-‡πÑ‡∏Å‡πà‡∏ñ‡∏ß‡∏≤‡∏¢‡πÑ‡∏≠‡πâ‡πÑ‡∏Ç‡πà-(((‡∏£‡∏≤‡∏Ñ‡∏≤‡∏Ñ‡∏π‡πà‡∏•‡∏∞65-120)))-‡πÑ‡∏ã‡∏î‡πå‡πÄ‡∏•‡πá‡∏Å-‡πÑ‡∏ã‡∏î‡πå‡πÉ‡∏´‡∏ç‡πà-‡∏û‡∏¥‡πÄ‡∏®‡∏©‡∏™‡∏µ‡πÉ‡∏´‡∏°‡πà-‡πÑ‡∏ã‡∏î‡πå‡πÄ‡∏•‡πá‡∏Å11‡∏ã‡∏°.-i.83973578.4451492394
18,‡πÑ‡∏Å‡πà‡πÄ‡∏ä‡∏µ‡∏¢‡∏á‡∏£‡∏≠‡∏ö‡∏µ‡∏≠‡πä‡∏∞‡∏´‡πå ‡∏Ç‡∏≠‡∏á‡πÅ‡∏ó‡πâ‡∏à‡∏≤‡∏Å‡πÇ‡∏£‡∏á‡∏á‡∏≤‡∏ô ‡∏°‡∏µ‡∏Æ‡∏≤‡∏•‡∏≤‡∏• ‡∏Ç‡∏ô‡∏≤‡∏î 500 ‡∏Å‡∏£‡∏±‡∏°,‡∏ø95,‡∏£‡πâ‡∏≤‡∏ô‡πÅ‡∏ô‡∏∞‡∏ô‡∏≥,5100.0,4.9327,‡∏à‡∏±‡∏á‡∏´‡∏ß‡∏±‡∏î‡∏õ‡∏ó‡∏∏‡∏°‡∏ò‡∏≤‡∏ô‡∏µ,https://cf.shopee.co.th/file/e776cf422a8d185930a66345bcae913b_tn,https://shopee.co.th//‡πÑ‡∏Å‡πà‡πÄ‡∏ä‡∏µ‡∏¢‡∏á‡∏£‡∏≠‡∏ö‡∏µ‡∏≠‡πä‡∏∞‡∏´‡πå-‡∏Ç‡∏≠‡∏á‡πÅ‡∏ó‡πâ‡∏à‡∏≤‡∏Å‡πÇ‡∏£‡∏á‡∏á‡∏≤‡∏ô-‡∏°‡∏µ‡∏Æ‡∏≤‡∏•‡∏≤‡∏•-‡∏Ç‡∏ô‡∏≤‡∏î-500-‡∏Å‡∏£‡∏±‡∏°-i.210609322.4529735628
19,‡πÑ‡∏Å‡πà‡∏ó‡∏≠‡∏î ‡∏Ñ‡∏≤‡∏£‡∏≤‡πÄ‡∏Å‡∏∞ ‡πÄ‡∏Å‡∏£‡πá‡∏î‡∏Å‡∏£‡πä‡∏≠‡∏ö‡∏Å‡∏£‡∏≠‡∏ö ‡πÇ‡∏•‡∏•‡∏∞ 112.- ‡∏Ç‡∏±‡πâ‡∏ô‡∏ï‡πà‡∏≥2‡πÇ‡∏• (‡∏Ñ‡∏•‡∏∞‡πÑ‡∏î‡πâ‡∏ó‡∏±‡πâ‡∏á‡∏£‡πâ‡∏≤‡∏ô),‡∏ø112,‡∏£‡πâ‡∏≤‡∏ô‡πÅ‡∏ô‡∏∞‡∏ô‡∏≥,34.0,4.9231,‡∏à‡∏±‡∏á‡∏´‡∏ß‡∏±‡∏î‡∏Å‡∏£‡∏∏‡∏á‡πÄ‡∏ó‡∏û‡∏°‡∏´‡∏≤‡∏ô‡∏Ñ‡∏£,https://cf.shopee.co.th/file/653e79124744869e7de200dd76460567_tn,https://shopee.co.th//‡πÑ‡∏Å‡πà‡∏ó‡∏≠‡∏î-‡∏Ñ‡∏≤‡∏£‡∏≤‡πÄ‡∏Å‡∏∞-‡πÄ‡∏Å‡∏£‡πá‡∏î‡∏Å‡∏£‡πä‡∏≠‡∏ö‡∏Å‡∏£‡∏≠‡∏ö-‡πÇ‡∏•‡∏•‡∏∞-112.-‡∏Ç‡∏±‡πâ‡∏ô‡∏ï‡πà‡∏≥2‡πÇ‡∏•-(‡∏Ñ‡∏•‡∏∞‡πÑ‡∏î‡πâ‡∏ó‡∏±‡πâ‡∏á‡∏£‡πâ‡∏≤‡∏ô)-i.9407203.8337385387
20,‡∏°‡∏¥‡∏ô‡∏¥‡πÑ‡∏Å‡πà‡∏õ‡πä‡∏≠‡∏ö‡∏™‡πÑ‡∏õ‡∏ã‡∏µ‡πà / ‡∏°‡∏¥‡∏ô‡∏¥‡πÑ‡∏Å‡πà‡∏õ‡πä‡∏≠‡∏ö‡∏î‡∏±‡πâ‡∏á‡πÄ‡∏î‡∏¥‡∏° ‡πÅ‡∏û‡∏Ñ 1 ‡∏Å‡∏Å. (125-130 ‡∏ä‡∏¥‡πâ‡∏ô),‡∏ø140 - ‡∏ø155,‡∏£‡πâ‡∏≤‡∏ô‡πÅ‡∏ô‡∏∞‡∏ô‡∏≥,206.0,4.5,‡∏à‡∏±‡∏á‡∏´‡∏ß‡∏±‡∏î‡∏ô‡∏ô‡∏ó‡∏ö‡∏∏‡∏£‡∏µ,https://cf.shopee.co.th/file/de078a4dd2e8673af8a9447b47b4c5bc_tn,https://shopee.co.th//‡∏°‡∏¥‡∏ô‡∏¥‡πÑ‡∏Å‡πà‡∏õ‡πä‡∏≠‡∏ö‡∏™‡πÑ‡∏õ‡∏ã‡∏µ‡πà-‡∏°‡∏¥‡∏ô‡∏¥‡πÑ‡∏Å‡πà‡∏õ‡πä‡∏≠‡∏ö‡∏î‡∏±‡πâ‡∏á‡πÄ‡∏î‡∏¥‡∏°-‡πÅ‡∏û‡∏Ñ-1-‡∏Å‡∏Å.-(125-130-‡∏ä‡∏¥‡πâ‡∏ô)-i.35173471.4642302638
21,‡∏ï‡∏µ‡∏ô‡πÑ‡∏Å‡πà‡∏î‡∏≠‡∏á‡∏û‡∏£‡∏¥‡∏Å‡∏™‡∏≥‡πÄ‡∏£‡πá‡∏à‡∏£‡∏π‡∏õ 80g(ÊúâÂèãÊ≥°Ê§íÂá§Áà™Ôºâ,‡∏ø26,‡∏£‡πâ‡∏≤‡∏ô‡πÅ‡∏ô‡∏∞‡∏ô‡∏≥,3900.0,4.7924,‡∏à‡∏±‡∏á‡∏´‡∏ß‡∏±‡∏î‡∏™‡∏°‡∏∏‡∏ó‡∏£‡∏õ‡∏£‡∏≤‡∏Å‡∏≤‡∏£,https://cf.shopee.co.th/file/a65c69f0826a8ff171b76115ef20f4ed_tn,https://shopee.co.th//‡∏ï‡∏µ‡∏ô‡πÑ‡∏Å‡πà‡∏î‡∏≠‡∏á‡∏û‡∏£‡∏¥‡∏Å‡∏™‡∏≥‡πÄ‡∏£‡πá‡∏à‡∏£‡∏π‡∏õ-80g(ÊúâÂèãÊ≥°Ê§íÂá§Áà™Ôºâ-i.165035935.7950935562
22,Tyson ‡∏ô‡∏±‡∏Å‡πÄ‡∏Å‡πá‡∏ï‡πÑ‡∏Å‡πà Chicken Nuggets (500 g),‡∏ø116,shopee mall,644.0,4.8792,‡∏à‡∏±‡∏á‡∏´‡∏ß‡∏±‡∏î‡∏™‡∏°‡∏∏‡∏ó‡∏£‡∏õ‡∏£‡∏≤‡∏Å‡∏≤‡∏£,https://cf.shopee.co.th/file/eeb8b546457681f65db4b9e744fc0cfa_tn,https://shopee.co.th//Tyson-‡∏ô‡∏±‡∏Å‡πÄ‡∏Å‡πá‡∏ï‡πÑ‡∏Å‡πà-Chicken-Nuggets-(500-g)-i.242496057.7533485014
23,(((‡∏ã‡∏∑‡πâ‡∏≠1‡∏Ñ‡∏π‡πà ‡∏ü‡∏£‡∏µ 1‡∏Ñ‡∏π‡πà)))üî•‡πÑ‡∏Å‡πà‡πÅ‡∏ï‡πà‡∏á‡∏™‡∏µ‡πÄ‡∏á‡∏¥‡∏ô ‡πÑ‡∏Å‡πà‡πÅ‡∏ï‡πà‡∏á‡∏™‡∏µ‡∏ó‡∏≠‡∏áüî•‡πÑ‡∏Å‡πà‡πÅ‡∏Å‡πâ‡∏ö‡∏ô‡πÑ‡∏≠‡πâ‡πÑ‡∏Ç‡πà (((‡∏Ç‡∏≤‡∏¢‡πÄ‡∏õ‡πá‡∏ô‡∏Ñ‡∏π‡πà)))(((‡∏Ñ‡∏π‡πà‡∏•‡∏∞55.-))) ‡∏Ç‡∏≠‡∏á‡πÅ‡∏ñ‡∏°‡∏°‡∏µ‡∏à‡∏≥‡∏ô‡∏ß‡∏ô‡∏à‡∏≥‡∏Å‡∏±‡∏î,‡∏ø55,‡∏£‡πâ‡∏≤‡∏ô‡πÅ‡∏ô‡∏∞‡∏ô‡∏≥,1100.0,4.9035,‡∏à‡∏±‡∏á‡∏´‡∏ß‡∏±‡∏î‡∏û‡∏£‡∏∞‡∏ô‡∏Ñ‡∏£‡∏®‡∏£‡∏µ‡∏≠‡∏¢‡∏∏‡∏ò‡∏¢‡∏≤,https://cf.shopee.co.th/file/6e58457362075981514b9dbb23dbb3d4_tn,https://shopee.co.th//(((‡∏ã‡∏∑‡πâ‡∏≠1‡∏Ñ‡∏π‡πà-‡∏ü‡∏£‡∏µ-1‡∏Ñ‡∏π‡πà)))üî•‡πÑ‡∏Å‡πà‡πÅ‡∏ï‡πà‡∏á‡∏™‡∏µ‡πÄ‡∏á‡∏¥‡∏ô-‡πÑ‡∏Å‡πà‡πÅ‡∏ï‡πà‡∏á‡∏™‡∏µ‡∏ó‡∏≠‡∏áüî•‡πÑ‡∏Å‡πà‡πÅ‡∏Å‡πâ‡∏ö‡∏ô‡πÑ‡∏≠‡πâ‡πÑ‡∏Ç‡πà-(((‡∏Ç‡∏≤‡∏¢‡πÄ‡∏õ‡πá‡∏ô‡∏Ñ‡∏π‡πà)))(((‡∏Ñ‡∏π‡πà‡∏•‡∏∞55.-)))-‡∏Ç‡∏≠‡∏á‡πÅ‡∏ñ‡∏°‡∏°‡∏µ‡∏à‡∏≥‡∏ô‡∏ß‡∏ô‡∏à‡∏≥‡∏Å‡∏±‡∏î-i.83973578.7751374779
24,üêî ‡πÑ‡∏Å‡πà‡∏•‡∏∑‡∏°‡∏ú‡∏±‡∏ß ‡πÑ‡∏Å‡∏™‡∏ß‡∏£‡∏£‡∏Ñ‡πå ‡∏´‡∏≠‡∏° ‡∏ô‡∏∏‡πà‡∏° ‡∏≠‡∏£‡πà‡∏≠‡∏¢ ‡πÑ‡∏î‡πâ‡∏Å‡∏¥‡∏ô‡∏Ñ‡∏≥‡πÄ‡∏î‡∏µ‡∏¢‡∏ß‡∏•‡∏∑‡∏°‡∏ú‡∏±‡∏ß‡∏ó‡∏µ‡πà‡∏°‡∏µ‡πÑ‡∏õ‡πÄ‡∏•‡∏¢ by ‡∏´‡∏°‡∏π‡∏≠‡∏¥‡∏ô‡πÄ‡∏ï‡∏≠‡∏£‡πå,‡∏ø29 - ‡∏ø69,general,24.0,4.6923,‡∏à‡∏±‡∏á‡∏´‡∏ß‡∏±‡∏î‡∏•‡∏≥‡∏û‡∏π‡∏ô,https://cf.shopee.co.th/file/5feb14cfb94449183177a730ab80ac1b_tn,https://shopee.co.th//üêî-‡πÑ‡∏Å‡πà‡∏•‡∏∑‡∏°‡∏ú‡∏±‡∏ß-‡πÑ‡∏Å‡∏™‡∏ß‡∏£‡∏£‡∏Ñ‡πå-‡∏´‡∏≠‡∏°-‡∏ô‡∏∏‡πà‡∏°-‡∏≠‡∏£‡πà‡∏≠‡∏¢-‡πÑ‡∏î‡πâ‡∏Å‡∏¥‡∏ô‡∏Ñ‡∏≥‡πÄ‡∏î‡∏µ‡∏¢‡∏ß‡∏•‡∏∑‡∏°‡∏ú‡∏±‡∏ß‡∏ó‡∏µ‡πà‡∏°‡∏µ‡πÑ‡∏õ‡πÄ‡∏•‡∏¢-by-‡∏´‡∏°‡∏π‡∏≠‡∏¥‡∏ô‡πÄ‡∏ï‡∏≠‡∏£‡πå-i.403466334.9532159668
25,‡πÄ‡∏≠‡πá‡∏ô‡∏Ç‡πâ‡∏≠‡πÑ‡∏Å‡πà‡∏Æ‡∏≤‡∏•‡πâ‡∏≤‡∏•‡∏™‡∏î‡∏Ç‡∏ô‡∏≤‡∏î800‡∏Å‡∏£‡∏±‡∏°‡∏û‡∏£‡πâ‡∏≠‡∏°‡∏™‡πà‡∏á,‡∏ø166,general,72.0,4.5385,‡∏à‡∏±‡∏á‡∏´‡∏ß‡∏±‡∏î‡∏Å‡∏£‡∏∏‡∏á‡πÄ‡∏ó‡∏û‡∏°‡∏´‡∏≤‡∏ô‡∏Ñ‡∏£,https://cf.shopee.co.th/file/93c714bd6f212e622413b735354474f2_tn,https://shopee.co.th//‡πÄ‡∏≠‡πá‡∏ô‡∏Ç‡πâ‡∏≠‡πÑ‡∏Å‡πà‡∏Æ‡∏≤‡∏•‡πâ‡∏≤‡∏•‡∏™‡∏î‡∏Ç‡∏ô‡∏≤‡∏î800‡∏Å‡∏£‡∏±‡∏°‡∏û‡∏£‡πâ‡∏≠‡∏°‡∏™‡πà‡∏á-i.19571206.7536314319
26,üíã‡∏Å‡∏ó‡∏°+‡∏õ‡∏£‡∏¥‡∏°‡∏ì‡∏ë‡∏• ‡∏™‡πà‡∏á‡πÄ‡∏ä‡πâ‡∏≤‡πÄ‡∏¢‡πá‡∏ô‡πÑ‡∏î‡πâüíã ‡πÑ‡∏Å‡πà‡∏à‡πâ‡∏≠ 5 ‡∏î‡∏≤‡∏ß ‡πÑ‡∏Å‡πà‡∏à‡πâ‡∏≠‡∏´‡πâ‡∏≤‡∏î‡∏≤‡∏ß ‡∏ï‡∏£‡∏≤ Five star,‡∏ø160,‡∏£‡πâ‡∏≤‡∏ô‡πÅ‡∏ô‡∏∞‡∏ô‡∏≥,210.0,4.9192,‡∏à‡∏±‡∏á‡∏´‡∏ß‡∏±‡∏î‡∏Å‡∏£‡∏∏‡∏á‡πÄ‡∏ó‡∏û‡∏°‡∏´‡∏≤‡∏ô‡∏Ñ‡∏£,https://cf.shopee.co.th/file/385cd8d2591f65c9a35df2c8cc3e8276_tn,https://shopee.co.th//üíã‡∏Å‡∏ó‡∏°-‡∏õ‡∏£‡∏¥‡∏°‡∏ì‡∏ë‡∏•-‡∏™‡πà‡∏á‡πÄ‡∏ä‡πâ‡∏≤‡πÄ‡∏¢‡πá‡∏ô‡πÑ‡∏î‡πâüíã-‡πÑ‡∏Å‡πà‡∏à‡πâ‡∏≠-5-‡∏î‡∏≤‡∏ß-‡πÑ‡∏Å‡πà‡∏à‡πâ‡∏≠‡∏´‡πâ‡∏≤‡∏î‡∏≤‡∏ß-‡∏ï‡∏£‡∏≤-Five-star-i.38444368.7929552707
27,‡πÑ‡∏Å‡πà‡∏õ‡πä‡∏≠‡∏õ‡∏£‡∏™‡∏™‡πÑ‡∏õ‡∏ã‡∏µ‡πà ‡∏ï‡∏£‡∏≤ ‡∏ã‡∏±‡∏ô‡πÄ‡πÄ‡∏ß‡∏•‡πÄ‡∏•‡πà‡∏¢‡πå 1000 ‡∏Å‡∏£‡∏±‡∏° (F),‡∏ø119,general,no sold,0.0,‡∏à‡∏±‡∏á‡∏´‡∏ß‡∏±‡∏î‡∏™‡∏°‡∏∏‡∏ó‡∏£‡∏õ‡∏£‡∏≤‡∏Å‡∏≤‡∏£,https://cf.shopee.co.th/file/88239de07a1377960f9ab0b318b769e0_tn,https://shopee.co.th//‡πÑ‡∏Å‡πà‡∏õ‡πä‡∏≠‡∏õ‡∏£‡∏™‡∏™‡πÑ‡∏õ‡∏ã‡∏µ‡πà-‡∏ï‡∏£‡∏≤-‡∏ã‡∏±‡∏ô‡πÄ‡πÄ‡∏ß‡∏•‡πÄ‡∏•‡πà‡∏¢‡πå-1000-‡∏Å‡∏£‡∏±‡∏°-(F)-i.322550756.7186774825
28,‡πÑ‡∏Å‡πà‡∏ó‡∏≠‡∏î‡∏Ñ‡∏≤‡∏£‡∏≤‡πÄ‡∏Å‡∏∞‡∏™‡πÑ‡∏ï‡∏•‡πå‡∏ç‡∏µ‡πà‡∏õ‡∏∏‡πà‡∏ô‡∏Ñ‡∏≤‡∏£‡πå‡∏Å‡∏¥‡∏•‡∏•‡πå ‡∏£‡∏™‡∏™‡πÑ‡∏õ‡∏ã‡∏µ‡πà ‡∏Ç‡∏ô‡∏≤‡∏î 1 ‡∏Å‡∏Å. (40-50 ‡∏ä‡∏¥‡πâ‡∏ô),‡∏ø130 - ‡∏ø145,‡∏£‡πâ‡∏≤‡∏ô‡πÅ‡∏ô‡∏∞‡∏ô‡∏≥,35.0,4.7222,‡∏à‡∏±‡∏á‡∏´‡∏ß‡∏±‡∏î‡∏ô‡∏ô‡∏ó‡∏ö‡∏∏‡∏£‡∏µ,https://cf.shopee.co.th/file/99a838f6e50a8a58e80c26d979177933_tn,https://shopee.co.th//‡πÑ‡∏Å‡πà‡∏ó‡∏≠‡∏î‡∏Ñ‡∏≤‡∏£‡∏≤‡πÄ‡∏Å‡∏∞‡∏™‡πÑ‡∏ï‡∏•‡πå‡∏ç‡∏µ‡πà‡∏õ‡∏∏‡πà‡∏ô‡∏Ñ‡∏≤‡∏£‡πå‡∏Å‡∏¥‡∏•‡∏•‡πå-‡∏£‡∏™‡∏™‡πÑ‡∏õ‡∏ã‡∏µ‡πà-‡∏Ç‡∏ô‡∏≤‡∏î-1-‡∏Å‡∏Å.-(40-50-‡∏ä‡∏¥‡πâ‡∏ô)-i.35173471.7162371418
29,"Surapon Foods - Tendo ‡πÑ‡∏Å‡πà‡∏ó‡∏≤‡πÄ‡∏£‡∏∞‡∏ã‡∏π‡πÄ‡∏Å‡∏∞(Tarezuke Chicken) ‡πÅ‡∏û‡πá‡∏Ñ‡πÉ‡∏´‡∏ç‡πà 1,000 ‡∏Å‡∏£‡∏±‡∏°/‡πÅ‡∏û‡πá‡∏Ñ",‡∏ø179,shopee mall,30.0,5.0,‡∏à‡∏±‡∏á‡∏´‡∏ß‡∏±‡∏î‡∏™‡∏°‡∏∏‡∏ó‡∏£‡∏õ‡∏£‡∏≤‡∏Å‡∏≤‡∏£,https://cf.shopee.co.th/file/0771c0b68b7a78be7f0e6a3f359e5315_tn,https://shopee.co.th//Surapon-Foods-Tendo-‡πÑ‡∏Å‡πà‡∏ó‡∏≤‡πÄ‡∏£‡∏∞‡∏ã‡∏π‡πÄ‡∏Å‡∏∞(Tarezuke-Chicken)-‡πÅ‡∏û‡πá‡∏Ñ‡πÉ‡∏´‡∏ç‡πà-1-000-‡∏Å‡∏£‡∏±‡∏°-‡πÅ‡∏û‡πá‡∏Ñ-i.85246884.6651745743
30,‡πÑ‡∏Å‡πà‡∏ô‡∏±‡∏Å‡πÄ‡∏Å‡πá‡∏ï1kg(‡πÄ‡∏Å‡∏£‡∏î‡∏™‡πà‡∏á‡∏≠‡∏≠‡∏Å)**‡∏Ñ‡∏∏‡∏ì‡∏†‡∏≤‡∏û‡πÄ‡∏¢‡∏µ‡πà‡∏¢‡∏°**,‡∏ø129,general,1100.0,4.9264,‡∏à‡∏±‡∏á‡∏´‡∏ß‡∏±‡∏î‡∏Å‡∏£‡∏∏‡∏á‡πÄ‡∏ó‡∏û‡∏°‡∏´‡∏≤‡∏ô‡∏Ñ‡∏£,https://cf.shopee.co.th/file/af5facb6d09e2a6c453870aade35925c_tn,https://shopee.co.th//‡πÑ‡∏Å‡πà‡∏ô‡∏±‡∏Å‡πÄ‡∏Å‡πá‡∏ï1kg(‡πÄ‡∏Å‡∏£‡∏î‡∏™‡πà‡∏á‡∏≠‡∏≠‡∏Å)**‡∏Ñ‡∏∏‡∏ì‡∏†‡∏≤‡∏û‡πÄ‡∏¢‡∏µ‡πà‡∏¢‡∏°**-i.78049439.5403724161
31,‡πÑ‡∏Å‡πà‡∏Ñ‡∏≤‡∏£‡∏≤‡πÄ‡∏Å‡∏∞ ‡∏™‡πÑ‡∏ï‡∏•‡πå‡∏ç‡∏µ‡πà‡∏õ‡∏∏‡πà‡∏ô‡πÄ‡∏ô‡∏∑‡πâ‡∏≠‡∏â‡πà‡∏≥ ‡πÅ‡∏û‡∏Ñ‡∏•‡∏∞ 1 ‡∏Å‡∏¥‡πÇ‡∏•!! (30+‡∏ä‡∏¥‡πâ‡∏ô),‡∏ø119,general,20.0,4.8,‡∏à‡∏±‡∏á‡∏´‡∏ß‡∏±‡∏î‡∏õ‡∏ó‡∏∏‡∏°‡∏ò‡∏≤‡∏ô‡∏µ,https://cf.shopee.co.th/file/3b9b683155a5fc3ea66c1fcf796e60da_tn,https://shopee.co.th//‡πÑ‡∏Å‡πà‡∏Ñ‡∏≤‡∏£‡∏≤‡πÄ‡∏Å‡∏∞-‡∏™‡πÑ‡∏ï‡∏•‡πå‡∏ç‡∏µ‡πà‡∏õ‡∏∏‡πà‡∏ô‡πÄ‡∏ô‡∏∑‡πâ‡∏≠‡∏â‡πà‡∏≥-‡πÅ‡∏û‡∏Ñ‡∏•‡∏∞-1-‡∏Å‡∏¥‡πÇ‡∏•!!-(30-‡∏ä‡∏¥‡πâ‡∏ô)-i.376140428.7485044239
32,Tyson ‡πÑ‡∏Å‡πà‡∏õ‡πä‡∏≠‡∏õ‡∏Ñ‡∏≠‡∏£‡πå‡∏ô Breaded Chicken Popcorn 500 g,‡∏ø126,shopee mall,121.0,4.8409,‡∏à‡∏±‡∏á‡∏´‡∏ß‡∏±‡∏î‡∏™‡∏°‡∏∏‡∏ó‡∏£‡∏õ‡∏£‡∏≤‡∏Å‡∏≤‡∏£,https://cf.shopee.co.th/file/aeb9b301bca42a5ff9775b37b61f6de1_tn,https://shopee.co.th//Tyson-‡πÑ‡∏Å‡πà‡∏õ‡πä‡∏≠‡∏õ‡∏Ñ‡∏≠‡∏£‡πå‡∏ô-Breaded-Chicken-Popcorn-500-g-i.242496057.6633486954
33,‡πÑ‡∏Å‡πà‡πÄ‡∏ä‡∏µ‡∏¢‡∏á‡∏£‡∏≠‡∏ö‡∏µ‡∏≠‡∏∞‡∏´‡πå ‡∏Ñ‡∏£‡∏∂‡πà‡∏á‡∏Å‡∏¥‡πÇ‡∏• 500‡∏Å‡∏£‡∏±‡∏° ‡∏Æ‡∏≤‡∏•‡∏≤‡∏•‡∏™‡∏î‡πÉ‡∏´‡∏°‡πà‡∏à‡∏≤‡∏Å‡πÇ‡∏£‡∏á‡∏á‡∏≤‡∏ô,‡∏ø94,general,24.0,5.0,‡∏à‡∏±‡∏á‡∏´‡∏ß‡∏±‡∏î‡∏û‡∏£‡∏∞‡∏ô‡∏Ñ‡∏£‡∏®‡∏£‡∏µ‡∏≠‡∏¢‡∏∏‡∏ò‡∏¢‡∏≤,https://cf.shopee.co.th/file/cbbbe2b0a600dc84a7bea215f4d518c9_tn,https://shopee.co.th//‡πÑ‡∏Å‡πà‡πÄ‡∏ä‡∏µ‡∏¢‡∏á‡∏£‡∏≠‡∏ö‡∏µ‡∏≠‡∏∞‡∏´‡πå-‡∏Ñ‡∏£‡∏∂‡πà‡∏á‡∏Å‡∏¥‡πÇ‡∏•-500‡∏Å‡∏£‡∏±‡∏°-‡∏Æ‡∏≤‡∏•‡∏≤‡∏•‡∏™‡∏î‡πÉ‡∏´‡∏°‡πà‡∏à‡∏≤‡∏Å‡πÇ‡∏£‡∏á‡∏á‡∏≤‡∏ô-i.146012398.6286815926
34,"‡∏™‡∏∞‡πÇ‡∏û‡∏Å‡πÑ‡∏Å‡πà‡∏ó‡∏≠‡∏î (Fried Chicken Thigh) ‡∏£‡∏™‡∏ä‡∏≤‡∏ï‡∏¥‡∏≠‡∏≠‡∏£‡∏¥‡∏à‡∏¥‡∏ô‡∏±‡∏•/‡∏™‡πÑ‡∏õ‡∏ã‡∏µ‡πà 1,000‡∏Å‡∏£‡∏±‡∏°/‡∏ñ‡∏∏‡∏á",‡∏ø130,general,30.0,4.6,‡∏à‡∏±‡∏á‡∏´‡∏ß‡∏±‡∏î‡∏Å‡∏£‡∏∏‡∏á‡πÄ‡∏ó‡∏û‡∏°‡∏´‡∏≤‡∏ô‡∏Ñ‡∏£,https://cf.shopee.co.th/file/74d55feaae09b940b8d7c4e05931b720_tn,https://shopee.co.th//‡∏™‡∏∞‡πÇ‡∏û‡∏Å‡πÑ‡∏Å‡πà‡∏ó‡∏≠‡∏î-(Fried-Chicken-Thigh)-‡∏£‡∏™‡∏ä‡∏≤‡∏ï‡∏¥‡∏≠‡∏≠‡∏£‡∏¥‡∏à‡∏¥‡∏ô‡∏±‡∏•-‡∏™‡πÑ‡∏õ‡∏ã‡∏µ‡πà-1-000‡∏Å‡∏£‡∏±‡∏°-‡∏ñ‡∏∏‡∏á-i.353827617.9514593211
35,‡πÑ‡∏Å‡πà‡πÄ‡∏î‡πâ‡∏á‡∏ô‡∏°‡∏™‡∏î‡∏õ‡∏¥‡πâ‡∏á‡∏à‡πâ‡∏≤‡∏≤‡∏≤‡∏≤üòãüçóüçóüòã‡∏≠‡∏£‡πà‡∏≠‡∏¢‡∏°‡∏≤‡∏Å‡πÜ‡πÅ‡∏Ñ‡πà‡∏â‡∏µ‡∏Å‡∏ã‡∏≠‡∏á‡πÄ‡∏ß‡∏ü‡∏Å‡πá‡∏û‡∏£‡πâ‡∏≠‡∏°‡πÄ‡∏™‡∏£‡∏¥‡∏ü‡∏Ñ‡∏ß‡∏≤‡∏°‡∏≠‡∏£‡πà‡∏≠‡∏¢‡∏á‡πà‡∏≤‡∏¢‡πÜ‡πÉ‡∏ô‡πÅ‡∏ö‡∏ö‡∏Ñ‡∏µ‡πÇ‡∏ï,‡∏ø99,‡∏£‡πâ‡∏≤‡∏ô‡πÅ‡∏ô‡∏∞‡∏ô‡∏≥,25.0,4.8,‡∏à‡∏±‡∏á‡∏´‡∏ß‡∏±‡∏î‡∏ö‡∏∏‡∏£‡∏µ‡∏£‡∏±‡∏°‡∏¢‡πå,https://cf.shopee.co.th/file/78730804dd69c653c8aebf4882477330_tn,https://shopee.co.th//‡πÑ‡∏Å‡πà‡πÄ‡∏î‡πâ‡∏á‡∏ô‡∏°‡∏™‡∏î‡∏õ‡∏¥‡πâ‡∏á‡∏à‡πâ‡∏≤‡∏≤‡∏≤‡∏≤üòãüçóüçóüòã‡∏≠‡∏£‡πà‡∏≠‡∏¢‡∏°‡∏≤‡∏Å‡πÜ‡πÅ‡∏Ñ‡πà‡∏â‡∏µ‡∏Å‡∏ã‡∏≠‡∏á‡πÄ‡∏ß‡∏ü‡∏Å‡πá‡∏û‡∏£‡πâ‡∏≠‡∏°‡πÄ‡∏™‡∏£‡∏¥‡∏ü‡∏Ñ‡∏ß‡∏≤‡∏°‡∏≠‡∏£‡πà‡∏≠‡∏¢‡∏á‡πà‡∏≤‡∏¢‡πÜ‡πÉ‡∏ô‡πÅ‡∏ö‡∏ö‡∏Ñ‡∏µ‡πÇ‡∏ï-i.261204974.9335704357
36,‡∏™‡∏∏‡πà‡∏°‡πÑ‡∏Å‡πà ‡∏ñ‡∏ß‡∏≤‡∏¢‡πÑ‡∏≠‡πâ‡πÑ‡∏Ç‡πà ‡∏á‡∏≤‡∏ô‡πÑ‡∏°‡πà‡πÑ‡∏ú‡πà‡∏™‡∏≤‡∏£ ‡∏ö‡πâ‡∏≤‡∏ô‡πÑ‡∏≠‡πâ‡πÑ‡∏Ç‡πà,‡∏ø45,‡∏£‡πâ‡∏≤‡∏ô‡πÅ‡∏ô‡∏∞‡∏ô‡∏≥,30.0,4.5,‡∏à‡∏±‡∏á‡∏´‡∏ß‡∏±‡∏î‡∏Å‡∏£‡∏∏‡∏á‡πÄ‡∏ó‡∏û‡∏°‡∏´‡∏≤‡∏ô‡∏Ñ‡∏£,https://cf.shopee.co.th/file/8965a90503334fa5bd06598a4d13167a_tn,https://shopee.co.th//‡∏™‡∏∏‡πà‡∏°‡πÑ‡∏Å‡πà-‡∏ñ‡∏ß‡∏≤‡∏¢‡πÑ‡∏≠‡πâ‡πÑ‡∏Ç‡πà-‡∏á‡∏≤‡∏ô‡πÑ‡∏°‡πà‡πÑ‡∏ú‡πà‡∏™‡∏≤‡∏£-‡∏ö‡πâ‡∏≤‡∏ô‡πÑ‡∏≠‡πâ‡πÑ‡∏Ç‡πà-i.36363593.4072636872
37,Torez ‡πÇ‡∏ó‡πÄ‡∏£‡∏™ ‡πÄ‡∏Å‡∏µ‡πä‡∏¢‡∏ß‡∏ó‡∏≠‡∏î‡∏Å‡∏£‡∏≠‡∏ö ‡∏£‡∏™‡∏ô‡πâ‡∏≥‡∏à‡∏¥‡πâ‡∏°‡πÑ‡∏Å‡πà/‡∏£‡∏™‡∏î‡∏±‡πâ‡∏á‡πÄ‡∏î‡∏¥‡∏° 40g  3‡∏´‡πà‡∏≠/6‡∏´‡πà‡∏≠/10‡πÅ‡∏ñ‡∏°2 ‡∏Ç‡∏ô‡∏° ‡πÄ‡∏Å‡∏µ‡πä‡∏¢‡∏ß‡∏ó‡∏≠‡∏î ‡∏ó‡∏≠‡∏î‡∏Å‡∏£‡∏≠‡∏ö ‡∏≠‡∏ö‡∏Å‡∏£‡∏≠‡∏ö ‡∏Ç‡∏≤‡∏¢‡∏î‡∏µ‡∏ó‡∏µ‡πà‡∏™‡∏∏‡∏î HALAL,‡∏ø60 - ‡∏ø200,‡∏£‡πâ‡∏≤‡∏ô‡πÅ‡∏ô‡∏∞‡∏ô‡∏≥,319.0,4.8548,‡∏à‡∏±‡∏á‡∏´‡∏ß‡∏±‡∏î‡∏Å‡∏£‡∏∏‡∏á‡πÄ‡∏ó‡∏û‡∏°‡∏´‡∏≤‡∏ô‡∏Ñ‡∏£,https://cf.shopee.co.th/file/4e0a9f7174b2758de0932ed0d2cf10d8_tn,https://shopee.co.th//Torez-‡πÇ‡∏ó‡πÄ‡∏£‡∏™-‡πÄ‡∏Å‡∏µ‡πä‡∏¢‡∏ß‡∏ó‡∏≠‡∏î‡∏Å‡∏£‡∏≠‡∏ö-‡∏£‡∏™‡∏ô‡πâ‡∏≥‡∏à‡∏¥‡πâ‡∏°‡πÑ‡∏Å‡πà-‡∏£‡∏™‡∏î‡∏±‡πâ‡∏á‡πÄ‡∏î‡∏¥‡∏°-40g-3‡∏´‡πà‡∏≠-6‡∏´‡πà‡∏≠-10‡πÅ‡∏ñ‡∏°2-‡∏Ç‡∏ô‡∏°-‡πÄ‡∏Å‡∏µ‡πä‡∏¢‡∏ß‡∏ó‡∏≠‡∏î-‡∏ó‡∏≠‡∏î‡∏Å‡∏£‡∏≠‡∏ö-‡∏≠‡∏ö‡∏Å‡∏£‡∏≠‡∏ö-‡∏Ç‡∏≤‡∏¢‡∏î‡∏µ‡∏ó‡∏µ‡πà‡∏™‡∏∏‡∏î-HALAL-i.58305255.4576656137
38,‡∏õ‡∏µ‡∏Å‡∏ö‡∏ô‡πÑ‡∏Å‡πà‡∏ö‡∏≠‡∏ô‡∏ä‡∏≠‡∏ô‚Äã ‡∏Å‡∏£‡∏≠‡∏ö‡∏≠‡∏£‡πà‡∏≠‡∏¢‚Äã,‡∏ø80 - ‡∏ø150,‡∏£‡πâ‡∏≤‡∏ô‡πÅ‡∏ô‡∏∞‡∏ô‡∏≥,85.0,4.8684,‡∏à‡∏±‡∏á‡∏´‡∏ß‡∏±‡∏î‡∏™‡∏°‡∏∏‡∏ó‡∏£‡∏õ‡∏£‡∏≤‡∏Å‡∏≤‡∏£,https://cf.shopee.co.th/file/f25f927158ca3640e7085399f19f0dbd_tn,https://shopee.co.th//‡∏õ‡∏µ‡∏Å‡∏ö‡∏ô‡πÑ‡∏Å‡πà‡∏ö‡∏≠‡∏ô‡∏ä‡∏≠‡∏ô‚Äã-‡∏Å‡∏£‡∏≠‡∏ö‡∏≠‡∏£‡πà‡∏≠‡∏¢‚Äã-i.22770647.3581726551
39,‡πÑ‡∏Å‡πà ‡∏£‡∏π‡∏õ‡∏õ‡∏±‡πâ‡∏ô‡πÑ‡∏Å‡πà ‡πÑ‡∏Å‡πà‡πÅ‡∏Å‡πâ‡∏ö‡∏ô ‡πÅ‡∏ö‡∏ö‡∏™‡∏ß‡∏¢,‡∏ø80 - ‡∏ø220,‡∏£‡πâ‡∏≤‡∏ô‡πÅ‡∏ô‡∏∞‡∏ô‡∏≥,1500.0,4.8771,‡∏à‡∏±‡∏á‡∏´‡∏ß‡∏±‡∏î‡∏Å‡∏£‡∏∏‡∏á‡πÄ‡∏ó‡∏û‡∏°‡∏´‡∏≤‡∏ô‡∏Ñ‡∏£,https://cf.shopee.co.th/file/843fa6f03776ba5d96e0e6f5d2e53962_tn,https://shopee.co.th//‡πÑ‡∏Å‡πà-‡∏£‡∏π‡∏õ‡∏õ‡∏±‡πâ‡∏ô‡πÑ‡∏Å‡πà-‡πÑ‡∏Å‡πà‡πÅ‡∏Å‡πâ‡∏ö‡∏ô-‡πÅ‡∏ö‡∏ö‡∏™‡∏ß‡∏¢-i.60437825.1306136564
40,‡∏Ç‡∏≤‡πÑ‡∏Å‡πà‡∏™‡∏±‡∏°‡∏°‡∏≤‡∏Å‡∏£‡πÉ‡∏ô‡∏ï‡∏≥‡∏ô‡∏≤‡∏ô‡∏´‡∏≠‡∏°‡∏≠‡∏£‡πà‡∏≠‡∏¢‡∏£‡∏™‡∏ä‡∏≤‡∏ï‡∏¥‡∏ó‡∏µ‡πà‡∏Ñ‡∏∏‡πâ‡∏ô‡∏•‡∏¥‡πâ‡∏ô‡∏´‡∏≠‡∏°‡πÄ‡∏ô‡∏¢,‡∏ø39 - ‡∏ø169,general,409.0,4.9265,‡∏à‡∏±‡∏á‡∏´‡∏ß‡∏±‡∏î‡∏Å‡∏£‡∏∏‡∏á‡πÄ‡∏ó‡∏û‡∏°‡∏´‡∏≤‡∏ô‡∏Ñ‡∏£,https://cf.shopee.co.th/file/c9461f933aa201ce447ddec4a0f225d3_tn,https://shopee.co.th//‡∏Ç‡∏≤‡πÑ‡∏Å‡πà‡∏™‡∏±‡∏°‡∏°‡∏≤‡∏Å‡∏£‡πÉ‡∏ô‡∏ï‡∏≥‡∏ô‡∏≤‡∏ô‡∏´‡∏≠‡∏°‡∏≠‡∏£‡πà‡∏≠‡∏¢‡∏£‡∏™‡∏ä‡∏≤‡∏ï‡∏¥‡∏ó‡∏µ‡πà‡∏Ñ‡∏∏‡πâ‡∏ô‡∏•‡∏¥‡πâ‡∏ô‡∏´‡∏≠‡∏°‡πÄ‡∏ô‡∏¢-i.8437328.7443145865
41,‡∏™‡πà‡∏á‡∏ü‡∏£‡∏µ‡πÑ‡∏°‡πà‡πÉ‡∏ä‡πâ‡πÇ‡∏Ñ‡πâ‡∏î üìå [155 ‡∏Å‡∏£‡∏±‡∏°] ‡∏≠‡∏Å‡πÑ‡∏Å‡πà ‡πÑ‡∏Å‡πà‡∏ù‡∏≠‡∏¢ ‡πÑ‡∏Å‡πà‡∏´‡∏¢‡∏≠‡∏á ‡∏≠‡∏ö‡∏Å‡∏£‡∏≠‡∏ö‡πÑ‡∏°‡πà‡∏°‡∏µ‡∏ô‡πâ‡∏≥‡∏°‡∏±‡∏ô‡∏Ñ‡πà‡∏∞ ‡∏´‡∏°‡∏π‡∏ù‡∏≠‡∏¢ ‡∏ï‡∏£‡∏≤ ‡∏Ñ‡∏£‡∏±‡∏ß‡πÄ‡∏à‡πã‡∏á üì∫‡∏ä‡∏≤‡∏£‡πå‡∏Ñ ‡πÅ‡∏ó‡∏á‡∏Ñ‡πå ‡πÑ‡∏ó‡∏¢‡πÅ‡∏•‡∏ô‡∏î‡πå,‡∏ø99,general,1400.0,4.8786,‡∏à‡∏±‡∏á‡∏´‡∏ß‡∏±‡∏î‡∏•‡∏≥‡∏õ‡∏≤‡∏á,https://cf.shopee.co.th/file/a2fcefc931d2a7884e431866538b0988_tn,https://shopee.co.th//‡∏™‡πà‡∏á‡∏ü‡∏£‡∏µ‡πÑ‡∏°‡πà‡πÉ‡∏ä‡πâ‡πÇ‡∏Ñ‡πâ‡∏î-üìå-155-‡∏Å‡∏£‡∏±‡∏°-‡∏≠‡∏Å‡πÑ‡∏Å‡πà-‡πÑ‡∏Å‡πà‡∏ù‡∏≠‡∏¢-‡πÑ‡∏Å‡πà‡∏´‡∏¢‡∏≠‡∏á-‡∏≠‡∏ö‡∏Å‡∏£‡∏≠‡∏ö‡πÑ‡∏°‡πà‡∏°‡∏µ‡∏ô‡πâ‡∏≥‡∏°‡∏±‡∏ô‡∏Ñ‡πà‡∏∞-‡∏´‡∏°‡∏π‡∏ù‡∏≠‡∏¢-‡∏ï‡∏£‡∏≤-‡∏Ñ‡∏£‡∏±‡∏ß‡πÄ‡∏à‡πã‡∏á-üì∫‡∏ä‡∏≤‡∏£‡πå‡∏Ñ-‡πÅ‡∏ó‡∏á‡∏Ñ‡πå-‡πÑ‡∏ó‡∏¢‡πÅ‡∏•‡∏ô‡∏î‡πå-i.31988755.2378007003
42,‡πÑ‡∏Å‡πà‡πÅ‡∏Å‡πâ‡∏ö‡∏ô ‡∏™‡∏π‡∏á 9 ‡∏ã‡∏°. ‡∏™‡∏µ‡∏Ç‡∏≤‡∏ß ‡∏£‡∏π‡∏õ‡∏õ‡∏±‡πâ‡∏ô‡πÑ‡∏Å‡πà ‡πÑ‡∏ß‡πâ‡∏™‡∏≥‡∏´‡∏£‡∏±‡∏ö‡∏ß‡∏≤‡∏á‡∏ö‡∏π‡∏ä‡∏≤ ‡∏ó‡∏±‡πâ‡∏á‡∏´‡∏ô‡πâ‡∏≤‡∏£‡∏ñ‡∏¢‡∏ô‡∏ï‡πå ‡πÅ‡∏•‡∏∞‡∏´‡∏¥‡πâ‡∏á‡∏Ç‡∏ô‡∏≤‡∏î‡πÄ‡∏•‡πá‡∏Å‡πÑ‡∏î‡πâ ‡∏à‡∏≥‡∏´‡∏ô‡πà‡∏≤‡∏¢‡∏£‡∏≤‡∏Ñ‡∏≤‡∏ñ‡∏π‡∏Å‡πÄ‡∏Å‡πá‡∏ö‡πÄ‡∏á‡∏¥‡∏ô‡∏õ‡∏•‡∏≤‡∏¢‡∏ó‡∏≤‡∏á‡πÑ‡∏î‡πâ,‡∏ø18,general,no sold,0.0,‡∏à‡∏±‡∏á‡∏´‡∏ß‡∏±‡∏î‡∏™‡∏∏‡∏£‡∏≤‡∏©‡∏é‡∏£‡πå‡∏ò‡∏≤‡∏ô‡∏µ,https://cf.shopee.co.th/file/99b994fb1a4cc5ed69206e2da0c9ac8b_tn,https://shopee.co.th//‡πÑ‡∏Å‡πà‡πÅ‡∏Å‡πâ‡∏ö‡∏ô-‡∏™‡∏π‡∏á-9-‡∏ã‡∏°.-‡∏™‡∏µ‡∏Ç‡∏≤‡∏ß-‡∏£‡∏π‡∏õ‡∏õ‡∏±‡πâ‡∏ô‡πÑ‡∏Å‡πà-‡πÑ‡∏ß‡πâ‡∏™‡∏≥‡∏´‡∏£‡∏±‡∏ö‡∏ß‡∏≤‡∏á‡∏ö‡∏π‡∏ä‡∏≤-‡∏ó‡∏±‡πâ‡∏á‡∏´‡∏ô‡πâ‡∏≤‡∏£‡∏ñ‡∏¢‡∏ô‡∏ï‡πå-‡πÅ‡∏•‡∏∞‡∏´‡∏¥‡πâ‡∏á‡∏Ç‡∏ô‡∏≤‡∏î‡πÄ‡∏•‡πá‡∏Å‡πÑ‡∏î‡πâ-‡∏à‡∏≥‡∏´‡∏ô‡πà‡∏≤‡∏¢‡∏£‡∏≤‡∏Ñ‡∏≤‡∏ñ‡∏π‡∏Å‡πÄ‡∏Å‡πá‡∏ö‡πÄ‡∏á‡∏¥‡∏ô‡∏õ‡∏•‡∏≤‡∏¢‡∏ó‡∏≤‡∏á‡πÑ‡∏î‡πâ-i.298055882.7764072826
43,‡∏´‡∏≠‡∏°‡πÄ‡∏à‡∏µ‡∏¢‡∏ß ‡∏™‡∏π‡∏ï‡∏£‡πÑ‡∏Å‡πà‡∏ó‡∏≠‡∏î‡∏´‡∏≤‡∏î‡πÉ‡∏´‡∏ç‡πà ‡∏´‡∏≠‡∏° ‡∏Å‡∏£‡∏≠‡∏ö ‡∏≠‡∏£‡πà‡∏≠‡∏¢ ‡πÉ‡∏™‡πà‡πÑ‡∏Å‡πà‡∏ó‡∏≠‡∏î ‡∏´‡∏°‡∏π‡∏ó‡∏≠‡∏î ‡∏Å‡πã‡∏ß‡∏¢‡∏à‡∏±‡πä‡∏ö ‡∏Ç‡∏ô‡∏≤‡∏î 80 ‡∏Å‡∏£‡∏±‡∏°,‡∏ø18,‡∏£‡πâ‡∏≤‡∏ô‡πÅ‡∏ô‡∏∞‡∏ô‡∏≥,653.0,4.9274,‡∏à‡∏±‡∏á‡∏´‡∏ß‡∏±‡∏î‡∏Å‡∏≤‡∏¨‡∏™‡∏¥‡∏ô‡∏ò‡∏∏‡πå,https://cf.shopee.co.th/file/db7938aebb17f3ce486da028c2210fcf_tn,https://shopee.co.th//‡∏´‡∏≠‡∏°‡πÄ‡∏à‡∏µ‡∏¢‡∏ß-‡∏™‡∏π‡∏ï‡∏£‡πÑ‡∏Å‡πà‡∏ó‡∏≠‡∏î‡∏´‡∏≤‡∏î‡πÉ‡∏´‡∏ç‡πà-‡∏´‡∏≠‡∏°-‡∏Å‡∏£‡∏≠‡∏ö-‡∏≠‡∏£‡πà‡∏≠‡∏¢-‡πÉ‡∏™‡πà‡πÑ‡∏Å‡πà‡∏ó‡∏≠‡∏î-‡∏´‡∏°‡∏π‡∏ó‡∏≠‡∏î-‡∏Å‡πã‡∏ß‡∏¢‡∏à‡∏±‡πä‡∏ö-‡∏Ç‡∏ô‡∏≤‡∏î-80-‡∏Å‡∏£‡∏±‡∏°-i.40909909.9904870548
44,‡∏õ‡∏∏‡πâ‡∏°‡∏õ‡∏∏‡πâ‡∏¢‡∏û‡∏£‡πâ‡∏≠‡∏°‡∏ó‡∏≤‡∏ô ‡πÄ‡∏°‡∏ô‡∏π ‡πÅ‡∏Å‡∏á‡∏°‡∏±‡∏™‡∏°‡∏±‡πà‡∏ô‡πÑ‡∏Å‡πà ‡∏Ç‡∏ô‡∏≤‡∏î 120 ‡∏Å‡∏£‡∏±‡∏°,‡∏ø28,shopee mall,920.0,4.8768,‡∏à‡∏±‡∏á‡∏´‡∏ß‡∏±‡∏î‡∏Å‡∏£‡∏∏‡∏á‡πÄ‡∏ó‡∏û‡∏°‡∏´‡∏≤‡∏ô‡∏Ñ‡∏£,https://cf.shopee.co.th/file/ee2416fd3253b831de96887dc86d0b9a_tn,https://shopee.co.th//‡∏õ‡∏∏‡πâ‡∏°‡∏õ‡∏∏‡πâ‡∏¢‡∏û‡∏£‡πâ‡∏≠‡∏°‡∏ó‡∏≤‡∏ô-‡πÄ‡∏°‡∏ô‡∏π-‡πÅ‡∏Å‡∏á‡∏°‡∏±‡∏™‡∏°‡∏±‡πà‡∏ô‡πÑ‡∏Å‡πà-‡∏Ç‡∏ô‡∏≤‡∏î-120-‡∏Å‡∏£‡∏±‡∏°-i.127643526.1990829987
45,‡∏à‡πâ‡∏≠‡∏õ‡∏π ‡∏à‡πâ‡∏≠‡πÑ‡∏Å‡πà ‡∏Ç‡πâ‡∏≠‡∏Å‡∏∏‡πâ‡∏á  ‡∏™‡∏∞‡∏≠‡∏≤‡∏î ‡∏™‡∏î ‡πÉ‡∏´‡∏°‡πà ‡∏ñ‡∏π‡∏Å‡∏´‡∏•‡∏±‡∏Å‡∏≠‡∏ô‡∏≤‡∏°‡∏±‡∏¢ 500‡∏Å‡∏£‡∏±‡∏°,‡∏ø49,‡∏£‡πâ‡∏≤‡∏ô‡πÅ‡∏ô‡∏∞‡∏ô‡∏≥,54.0,4.4286,‡∏à‡∏±‡∏á‡∏´‡∏ß‡∏±‡∏î‡∏û‡∏£‡∏∞‡∏ô‡∏Ñ‡∏£‡∏®‡∏£‡∏µ‡∏≠‡∏¢‡∏∏‡∏ò‡∏¢‡∏≤,https://cf.shopee.co.th/file/09dccde168afaec835e4828f01c0c92a_tn,https://shopee.co.th//‡∏à‡πâ‡∏≠‡∏õ‡∏π-‡∏à‡πâ‡∏≠‡πÑ‡∏Å‡πà-‡∏Ç‡πâ‡∏≠‡∏Å‡∏∏‡πâ‡∏á-‡∏™‡∏∞‡∏≠‡∏≤‡∏î-‡∏™‡∏î-‡πÉ‡∏´‡∏°‡πà-‡∏ñ‡∏π‡∏Å‡∏´‡∏•‡∏±‡∏Å‡∏≠‡∏ô‡∏≤‡∏°‡∏±‡∏¢-500‡∏Å‡∏£‡∏±‡∏°-i.212204732.9313670292
46,‚Äã‡∏ä‡∏∏‡∏î‚Äã‡πÑ‡∏´‡∏ß‡πâ‚Äã‡πÅ‡∏Å‡πâ‡∏ö‡∏ô‡πÑ‡∏≠‡πâ‚Äã‡πÑ‡∏Ç‡πà‚Äã‡∏Ñ‡∏£‡∏ö‡∏ä‡∏∏‡∏î‚Äã‡∏´‡∏ô‡∏±‡∏á‡∏™‡∏ï‡∏¥‡πä‡∏Å‚Äã‡∏•‡∏π‡∏Å‚Äã‡πÅ‡∏Å‡πâ‡∏ß9‡∏•‡∏π‡∏Å‚Äã‡∏ä‡∏∏‡∏î‚Äã‡∏ó‡∏´‡∏≤‡∏£‡∏•‡∏≤‡∏¢‡∏û‡∏£‡∏≤‡∏á‚Äã‡∏à‡∏¥‡πã‡∏ß‚Äã‡∏£‡∏≠‡∏á‡πÄ‡∏ó‡πâ‡∏≤‡∏à‡∏¥‡πã‡∏ß‚Äã‡∏¢‡πà‡∏≤‡∏°‡∏à‡∏¥‡πã‡∏ß‚Äã‡∏ò‡∏π‡∏õ‚Äã‡∏´‡∏ß‡∏¢‚Äã‡πÑ‡∏≠‡πâ‚Äã‡πÑ‡∏Ç‡πà‚Äã5‚Äã‡πÅ‡∏ó‡πà‡∏á‚Äã,‡∏ø189,general,24.0,4.75,‡∏à‡∏±‡∏á‡∏´‡∏ß‡∏±‡∏î‡∏ô‡∏Ñ‡∏£‡∏®‡∏£‡∏µ‡∏ò‡∏£‡∏£‡∏°‡∏£‡∏≤‡∏ä,https://cf.shopee.co.th/file/8d1506ff7c6e101ef25c0d05d0d33627_tn,https://shopee.co.th//‚Äã‡∏ä‡∏∏‡∏î‚Äã‡πÑ‡∏´‡∏ß‡πâ‚Äã‡πÅ‡∏Å‡πâ‡∏ö‡∏ô‡πÑ‡∏≠‡πâ‚Äã‡πÑ‡∏Ç‡πà‚Äã‡∏Ñ‡∏£‡∏ö‡∏ä‡∏∏‡∏î‚Äã‡∏´‡∏ô‡∏±‡∏á‡∏™‡∏ï‡∏¥‡πä‡∏Å‚Äã‡∏•‡∏π‡∏Å‚Äã‡πÅ‡∏Å‡πâ‡∏ß9‡∏•‡∏π‡∏Å‚Äã‡∏ä‡∏∏‡∏î‚Äã‡∏ó‡∏´‡∏≤‡∏£‡∏•‡∏≤‡∏¢‡∏û‡∏£‡∏≤‡∏á‚Äã‡∏à‡∏¥‡πã‡∏ß‚Äã‡∏£‡∏≠‡∏á‡πÄ‡∏ó‡πâ‡∏≤‡∏à‡∏¥‡πã‡∏ß‚Äã‡∏¢‡πà‡∏≤‡∏°‡∏à‡∏¥‡πã‡∏ß‚Äã‡∏ò‡∏π‡∏õ‚Äã‡∏´‡∏ß‡∏¢‚Äã‡πÑ‡∏≠‡πâ‚Äã‡πÑ‡∏Ç‡πà‚Äã5‚Äã‡πÅ‡∏ó‡πà‡∏á‚Äã-i.373243730.5684880073
47,Tyson ‡πÑ‡∏Å‡πà‡∏õ‡πä‡∏≠‡∏õ‡∏Ñ‡∏≠‡∏£‡πå‡∏ô ‡∏£‡∏™‡∏Æ‡∏≠‡∏ï‡πÅ‡∏≠‡∏ô‡∏î‡πå‡∏™‡πÑ‡∏õ‡∏ã‡∏µ‡πà Hot&Spicy chicken popcorn 500 g,‡∏ø134,shopee mall,567.0,4.9246,‡∏à‡∏±‡∏á‡∏´‡∏ß‡∏±‡∏î‡∏™‡∏°‡∏∏‡∏ó‡∏£‡∏õ‡∏£‡∏≤‡∏Å‡∏≤‡∏£,https://cf.shopee.co.th/file/9fa317ae334db2501f1656af1b5ac9bd_tn,https://shopee.co.th//Tyson-‡πÑ‡∏Å‡πà‡∏õ‡πä‡∏≠‡∏õ‡∏Ñ‡∏≠‡∏£‡πå‡∏ô-‡∏£‡∏™‡∏Æ‡∏≠‡∏ï‡πÅ‡∏≠‡∏ô‡∏î‡πå‡∏™‡πÑ‡∏õ‡∏ã‡∏µ‡πà-Hot-Spicy-chicken-popcorn-500-g-i.242496057.7633603847
48,‡πÑ‡∏Å‡πà‡∏ï‡∏≤‡πÑ‡∏Ç‡πà‡∏Ñ‡∏π‡πà‡πÄ‡∏á‡∏¥‡∏ô‡∏Ñ‡∏π‡πà‡∏ó‡∏≠‡∏á ‡πÑ‡∏Å‡πà‡πÅ‡∏Å‡πâ‡∏ö‡∏ô ‡πÑ‡∏Å‡πà‡πÑ‡∏´‡∏ß‡πâ‡∏ö‡∏π‡∏ä‡∏≤,‡∏ø59,‡∏£‡πâ‡∏≤‡∏ô‡πÅ‡∏ô‡∏∞‡∏ô‡∏≥,2.0,5.0,‡∏à‡∏±‡∏á‡∏´‡∏ß‡∏±‡∏î‡∏™‡∏°‡∏∏‡∏ó‡∏£‡∏õ‡∏£‡∏≤‡∏Å‡∏≤‡∏£,https://cf.shopee.co.th/file/d3513ea2a5dd8423c6d516920b54e1be_tn,https://shopee.co.th//‡πÑ‡∏Å‡πà‡∏ï‡∏≤‡πÑ‡∏Ç‡πà‡∏Ñ‡∏π‡πà‡πÄ‡∏á‡∏¥‡∏ô‡∏Ñ‡∏π‡πà‡∏ó‡∏≠‡∏á-‡πÑ‡∏Å‡πà‡πÅ‡∏Å‡πâ‡∏ö‡∏ô-‡πÑ‡∏Å‡πà‡πÑ‡∏´‡∏ß‡πâ‡∏ö‡∏π‡∏ä‡∏≤-i.166704504.3453669552
49,"‡∏Ç‡∏≤‡∏ö‡∏≤‡∏ï‡∏£ ‡∏Ç‡∏≤‡∏ö‡∏≤‡∏ï‡∏£‡πÑ‡∏°‡πâ‡∏õ‡∏£‡∏∞‡∏î‡∏π‡πà 240‡∏£‡∏¥‡πâ‡∏ß /‡πÑ‡∏°‡πâ‡πÑ‡∏ú‡πà‡∏™‡∏µ‡∏™‡∏∏‡∏Å8"" 190‡∏£‡∏¥‡πâ‡∏ß ‡∏á‡∏≤‡∏ô‡∏õ‡∏£‡∏≤‡∏ì‡∏µ‡∏ï ‡∏Å‡∏ß‡πâ‡∏≤‡∏á 9"" ‡∏™‡∏π‡∏á 5.5"" ‡πÉ‡∏™‡πà‡∏Å‡∏±‡∏ö‡∏ö‡∏≤‡∏ï‡∏£8‡∏ô‡∏¥‡πâ‡∏ß 9‡∏ô‡∏¥‡πâ‡∏ß‡πÑ‡∏î‡πâ‡∏Ñ‡πà‡∏∞","‡∏ø1,290",‡∏£‡πâ‡∏≤‡∏ô‡πÅ‡∏ô‡∏∞‡∏ô‡∏≥,36.0,4.95,‡∏à‡∏±‡∏á‡∏´‡∏ß‡∏±‡∏î‡∏™‡∏Å‡∏•‡∏ô‡∏Ñ‡∏£,https://cf.shopee.co.th/file/a53ed3d79f152e42f8f02fa2e02d7c55_tn,https://shopee.co.th//‡∏Ç‡∏≤‡∏ö‡∏≤‡∏ï‡∏£-‡∏Ç‡∏≤‡∏ö‡∏≤‡∏ï‡∏£‡πÑ‡∏°‡πâ‡∏õ‡∏£‡∏∞‡∏î‡∏π‡πà-240‡∏£‡∏¥‡πâ‡∏ß-‡πÑ‡∏°‡πâ‡πÑ‡∏ú‡πà‡∏™‡∏µ‡∏™‡∏∏‡∏Å8-190‡∏£‡∏¥‡πâ‡∏ß-‡∏á‡∏≤‡∏ô‡∏õ‡∏£‡∏≤‡∏ì‡∏µ‡∏ï-‡∏Å‡∏ß‡πâ‡∏≤‡∏á-9-‡∏™‡∏π‡∏á-5.5-‡πÉ‡∏™‡πà‡∏Å‡∏±‡∏ö‡∏ö‡∏≤‡∏ï‡∏£8‡∏ô‡∏¥‡πâ‡∏ß-9‡∏ô‡∏¥‡πâ‡∏ß‡πÑ‡∏î‡πâ‡∏Ñ‡πà‡∏∞-i.8155194.6933815459
50,‡πÑ‡∏Å‡πà‡πÅ‡∏Å‡πâ‡∏ß ‡πÑ‡∏Å‡πà ‡πÑ‡∏≠‡πâ‡πÑ‡∏Ç‡πàüß®‡∏£‡∏∏‡πà‡∏ô‡πÄ‡∏£‡∏µ‡∏¢‡∏Å‡∏ó‡∏£‡∏±‡∏û‡∏¢‡πå ‡∏Ç‡∏ô‡∏≤‡∏î 8-9 cm. ‡∏£‡∏≤‡∏Ñ‡∏≤‡∏ï‡πà‡∏≠‡∏ï‡∏±‡∏ßüß®‡∏™‡∏µ‡πÑ‡∏Å‡πà‡∏à‡∏£‡∏¥‡∏á ‡πÑ‡∏Å‡πà‡πÅ‡∏Å‡πâ‡∏ö‡∏ô ‡∏Ç‡∏≠‡∏á‡πÑ‡∏´‡∏ß‡πâ‡πÑ‡∏≠‡πâ‡πÑ‡∏Ç‡πà ‡∏£‡∏≤‡∏Ñ‡∏≤‡∏™‡πà‡∏á ‡∏Ç‡∏≠‡∏á‡πÅ‡∏ó‡πâ ‡∏™‡πà‡∏á‡∏î‡πà‡∏ß‡∏ô‡πÉ‡∏´‡πâ,‡∏ø89 - ‡∏ø90,‡∏£‡πâ‡∏≤‡∏ô‡πÅ‡∏ô‡∏∞‡∏ô‡∏≥,2300.0,4.9573,‡∏à‡∏±‡∏á‡∏´‡∏ß‡∏±‡∏î‡∏û‡∏±‡∏á‡∏á‡∏≤,https://cf.shopee.co.th/file/f5d3b78c3da58fbe8220d0a8baca78a3_tn,https://shopee.co.th//‡πÑ‡∏Å‡πà‡πÅ‡∏Å‡πâ‡∏ß-‡πÑ‡∏Å‡πà-‡πÑ‡∏≠‡πâ‡πÑ‡∏Ç‡πàüß®‡∏£‡∏∏‡πà‡∏ô‡πÄ‡∏£‡∏µ‡∏¢‡∏Å‡∏ó‡∏£‡∏±‡∏û‡∏¢‡πå-‡∏Ç‡∏ô‡∏≤‡∏î-8-9-cm.-‡∏£‡∏≤‡∏Ñ‡∏≤‡∏ï‡πà‡∏≠‡∏ï‡∏±‡∏ßüß®‡∏™‡∏µ‡πÑ‡∏Å‡πà‡∏à‡∏£‡∏¥‡∏á-‡πÑ‡∏Å‡πà‡πÅ‡∏Å‡πâ‡∏ö‡∏ô-‡∏Ç‡∏≠‡∏á‡πÑ‡∏´‡∏ß‡πâ‡πÑ‡∏≠‡πâ‡πÑ‡∏Ç‡πà-‡∏£‡∏≤‡∏Ñ‡∏≤‡∏™‡πà‡∏á-‡∏Ç‡∏≠‡∏á‡πÅ‡∏ó‡πâ-‡∏™‡πà‡∏á‡∏î‡πà‡∏ß‡∏ô‡πÉ‡∏´‡πâ-i.110450883.4156368079
51,‡πÑ‡∏Å‡πà ‡∏£‡∏π‡∏õ‡∏õ‡∏±‡πâ‡∏ô‡πÑ‡∏Å‡πà ‡πÑ‡∏Å‡πà‡πÅ‡∏Å‡πâ‡∏ö‡∏ô ‡πÅ‡∏ö‡∏ö‡∏™‡∏ß‡∏¢,‡∏ø80 - ‡∏ø220,‡∏£‡πâ‡∏≤‡∏ô‡πÅ‡∏ô‡∏∞‡∏ô‡∏≥,1500.0,4.8771,‡∏à‡∏±‡∏á‡∏´‡∏ß‡∏±‡∏î‡∏Å‡∏£‡∏∏‡∏á‡πÄ‡∏ó‡∏û‡∏°‡∏´‡∏≤‡∏ô‡∏Ñ‡∏£,https://cf.shopee.co.th/file/843fa6f03776ba5d96e0e6f5d2e53962_tn,https://shopee.co.th//‡πÑ‡∏Å‡πà-‡∏£‡∏π‡∏õ‡∏õ‡∏±‡πâ‡∏ô‡πÑ‡∏Å‡πà-‡πÑ‡∏Å‡πà‡πÅ‡∏Å‡πâ‡∏ö‡∏ô-‡πÅ‡∏ö‡∏ö‡∏™‡∏ß‡∏¢-i.60437825.1306136564
52,‡πÑ‡∏Å‡πà ‡πÑ‡∏Å‡πà‡πÅ‡∏Å‡πâ‡∏ö‡∏ô ‡∏á‡∏≤‡∏ô‡∏î‡∏¥‡∏ô‡∏ç‡∏µ‡πà‡∏õ‡∏∏‡πà‡∏ô,‡∏ø56 - ‡∏ø96,‡∏£‡πâ‡∏≤‡∏ô‡πÅ‡∏ô‡∏∞‡∏ô‡∏≥,140.0,4.9762,‡∏à‡∏±‡∏á‡∏´‡∏ß‡∏±‡∏î‡∏Å‡∏£‡∏∏‡∏á‡πÄ‡∏ó‡∏û‡∏°‡∏´‡∏≤‡∏ô‡∏Ñ‡∏£,https://cf.shopee.co.th/file/d65cebd4887e2d716dd269763e420fff_tn,https://shopee.co.th//‡πÑ‡∏Å‡πà-‡πÑ‡∏Å‡πà‡πÅ‡∏Å‡πâ‡∏ö‡∏ô-‡∏á‡∏≤‡∏ô‡∏î‡∏¥‡∏ô‡∏ç‡∏µ‡πà‡∏õ‡∏∏‡πà‡∏ô-i.60437825.3450339054
53,‚òëÔ∏è‡∏û‡∏£‡πâ‡∏≠‡∏°‡∏™‡πà‡∏áü¶Ä‡∏≠‡πà‡∏≠‡∏á‡∏õ‡∏π ‡∏°‡∏±‡∏ô‡∏Å‡∏∏‡πâ‡∏á by Chillichic‚Äã ‡πÉ‡∏ä‡πâ‡∏°‡∏±‡∏ô‡∏õ‡∏π‡∏ô‡∏≤98% ‡∏Ç‡∏ô‡∏≤‡∏î120g ‡πÑ‡∏°‡πà‡∏ú‡∏™‡∏°‡πÅ‡∏õ‡πâ‡∏á ‡πÑ‡∏°‡πà‡πÉ‡∏™‡πà‡∏™‡∏≤‡∏£‡∏Å‡∏±‡∏ô‡∏ö‡∏π‡∏î #‡∏≠‡πà‡∏≠‡∏á‡∏õ‡∏π,‡∏ø134,‡∏£‡πâ‡∏≤‡∏ô‡πÅ‡∏ô‡∏∞‡∏ô‡∏≥,757.0,4.7713,‡∏à‡∏±‡∏á‡∏´‡∏ß‡∏±‡∏î‡∏Å‡∏£‡∏∏‡∏á‡πÄ‡∏ó‡∏û‡∏°‡∏´‡∏≤‡∏ô‡∏Ñ‡∏£,https://cf.shopee.co.th/file/deabb2405b2fd51f171401f2bc3e362e_tn,https://shopee.co.th//‚òëÔ∏è‡∏û‡∏£‡πâ‡∏≠‡∏°‡∏™‡πà‡∏áü¶Ä‡∏≠‡πà‡∏≠‡∏á‡∏õ‡∏π-‡∏°‡∏±‡∏ô‡∏Å‡∏∏‡πâ‡∏á-by-Chillichic‚Äã-‡πÉ‡∏ä‡πâ‡∏°‡∏±‡∏ô‡∏õ‡∏π‡∏ô‡∏≤98-‡∏Ç‡∏ô‡∏≤‡∏î120g-‡πÑ‡∏°‡πà‡∏ú‡∏™‡∏°‡πÅ‡∏õ‡πâ‡∏á-‡πÑ‡∏°‡πà‡πÉ‡∏™‡πà‡∏™‡∏≤‡∏£‡∏Å‡∏±‡∏ô‡∏ö‡∏π‡∏î-‡∏≠‡πà‡∏≠‡∏á‡∏õ‡∏π-i.87009832.9317827186
54,‡πÑ‡∏Å‡πà‡πÅ‡∏Å‡πâ‡∏ö‡∏ô ‡πÑ‡∏Å‡πà‡∏ô‡∏≥‡πÇ‡∏ä‡∏Ñ ‡∏Ñ‡∏ß‡∏≤‡∏°‡∏™‡∏π‡∏á 7 ‡∏ô‡∏¥‡πâ‡∏ß ‡∏Ñ‡∏π‡πà‡∏•‡πà‡∏∞99‡∏ö‡∏≤‡∏ó ‡∏™‡∏µ‡∏™‡∏ß‡∏¢‡∏™‡∏î (‡∏î‡∏π‡∏£‡∏π‡∏õ‡πÄ‡∏û‡∏¥‡πà‡∏°‡πÄ‡∏ï‡∏¥‡∏°‡∏ó‡∏±‡∏Å‡πÅ‡∏ä‡∏ó‡πÑ‡∏î‡πâ‡∏à‡πâ‡∏≤),‡∏ø99,general,62.0,4.9583,‡∏à‡∏±‡∏á‡∏´‡∏ß‡∏±‡∏î‡∏ô‡∏Ñ‡∏£‡∏£‡∏≤‡∏ä‡∏™‡∏µ‡∏°‡∏≤,https://cf.shopee.co.th/file/968b0b6efb4a31d026660564a7547fe7_tn,https://shopee.co.th//‡πÑ‡∏Å‡πà‡πÅ‡∏Å‡πâ‡∏ö‡∏ô-‡πÑ‡∏Å‡πà‡∏ô‡∏≥‡πÇ‡∏ä‡∏Ñ-‡∏Ñ‡∏ß‡∏≤‡∏°‡∏™‡∏π‡∏á-7-‡∏ô‡∏¥‡πâ‡∏ß-‡∏Ñ‡∏π‡πà‡∏•‡πà‡∏∞99‡∏ö‡∏≤‡∏ó-‡∏™‡∏µ‡∏™‡∏ß‡∏¢‡∏™‡∏î-(‡∏î‡∏π‡∏£‡∏π‡∏õ‡πÄ‡∏û‡∏¥‡πà‡∏°‡πÄ‡∏ï‡∏¥‡∏°‡∏ó‡∏±‡∏Å‡πÅ‡∏ä‡∏ó‡πÑ‡∏î‡πâ‡∏à‡πâ‡∏≤)-i.213017172.7060459068
55,‡∏õ‡∏µ‡∏Å‡∏ö‡∏ô‡πÑ‡∏Å‡πà‡∏ö‡∏≠‡∏ô‡∏ä‡∏≠‡∏ô‚Äã ‡∏Å‡∏£‡∏≠‡∏ö‡∏≠‡∏£‡πà‡∏≠‡∏¢‚Äã,‡∏ø80 - ‡∏ø150,‡∏£‡πâ‡∏≤‡∏ô‡πÅ‡∏ô‡∏∞‡∏ô‡∏≥,85.0,4.8684,‡∏à‡∏±‡∏á‡∏´‡∏ß‡∏±‡∏î‡∏™‡∏°‡∏∏‡∏ó‡∏£‡∏õ‡∏£‡∏≤‡∏Å‡∏≤‡∏£,https://cf.shopee.co.th/file/f25f927158ca3640e7085399f19f0dbd_tn,https://shopee.co.th//‡∏õ‡∏µ‡∏Å‡∏ö‡∏ô‡πÑ‡∏Å‡πà‡∏ö‡∏≠‡∏ô‡∏ä‡∏≠‡∏ô‚Äã-‡∏Å‡∏£‡∏≠‡∏ö‡∏≠‡∏£‡πà‡∏≠‡∏¢‚Äã-i.22770647.3581726551
56,‡πÑ‡∏Å‡πà‡∏Ñ‡∏≤‡∏£‡∏≤‡πÄ‡∏Å‡∏∞1kg**‡∏Ñ‡∏∏‡∏ì‡∏†‡∏≤‡∏û‡πÄ‡∏¢‡∏µ‡πà‡∏¢‡∏°**,‡∏ø129,general,723.0,4.9075,‡∏à‡∏±‡∏á‡∏´‡∏ß‡∏±‡∏î‡∏Å‡∏£‡∏∏‡∏á‡πÄ‡∏ó‡∏û‡∏°‡∏´‡∏≤‡∏ô‡∏Ñ‡∏£,https://cf.shopee.co.th/file/6e6ba0c9700d08b06bd43c4dee6a0834_tn,https://shopee.co.th//‡πÑ‡∏Å‡πà‡∏Ñ‡∏≤‡∏£‡∏≤‡πÄ‡∏Å‡∏∞1kg**‡∏Ñ‡∏∏‡∏ì‡∏†‡∏≤‡∏û‡πÄ‡∏¢‡∏µ‡πà‡∏¢‡∏°**-i.78049439.6503665389
57,‡πÑ‡∏Å‡πà‡∏ó‡∏≥‡∏à‡∏≤‡∏Å‡∏Ç‡∏ô‡∏à‡∏£‡∏¥‡∏áüíØ  ‡πÑ‡∏Å‡πà‡πÑ‡∏´‡∏ß‡πâ‡πÑ‡∏≠‡πâ‡πÑ‡∏Ç‡πà ‡∏ï‡∏±‡∏ß‡∏•‡∏∞ 89.-üêì‡πÉ‡∏ß‡πâ‡∏ñ‡∏ß‡∏≤‡∏¢‡πÑ‡∏≠‡πâ‡πÑ‡∏Ç‡πà ‡∏ß‡∏±‡∏î‡πÄ‡∏à‡∏î‡∏µ‡∏¢‡πå ) ‡∏Ç‡∏ô‡∏™‡∏ß‡∏¢‡∏ü‡∏π ‡πÄ‡∏´‡∏°‡∏∑‡∏≠‡∏ô‡πÉ‡∏ô‡∏†‡∏≤‡∏û ‡∏ñ‡πà‡∏≤‡∏¢‡∏à‡∏≤‡∏Å‡∏á‡∏≤‡∏ô‡∏à‡∏£‡∏¥‡∏á‡∏Ñ‡∏∞,‡∏ø89,general,64.0,4.8182,‡∏à‡∏±‡∏á‡∏´‡∏ß‡∏±‡∏î‡∏ô‡∏Ñ‡∏£‡∏õ‡∏ê‡∏°,https://cf.shopee.co.th/file/5f5100de1e55385e56db7bade2de9cf8_tn,https://shopee.co.th//‡πÑ‡∏Å‡πà‡∏ó‡∏≥‡∏à‡∏≤‡∏Å‡∏Ç‡∏ô‡∏à‡∏£‡∏¥‡∏áüíØ-‡πÑ‡∏Å‡πà‡πÑ‡∏´‡∏ß‡πâ‡πÑ‡∏≠‡πâ‡πÑ‡∏Ç‡πà-‡∏ï‡∏±‡∏ß‡∏•‡∏∞-89.-üêì‡πÉ‡∏ß‡πâ‡∏ñ‡∏ß‡∏≤‡∏¢‡πÑ‡∏≠‡πâ‡πÑ‡∏Ç‡πà-‡∏ß‡∏±‡∏î‡πÄ‡∏à‡∏î‡∏µ‡∏¢‡πå-)-‡∏Ç‡∏ô‡∏™‡∏ß‡∏¢‡∏ü‡∏π-‡πÄ‡∏´‡∏°‡∏∑‡∏≠‡∏ô‡πÉ‡∏ô‡∏†‡∏≤‡∏û-‡∏ñ‡πà‡∏≤‡∏¢‡∏à‡∏≤‡∏Å‡∏á‡∏≤‡∏ô‡∏à‡∏£‡∏¥‡∏á‡∏Ñ‡∏∞-i.301265599.6471781465
58,‡∏™‡∏∏‡πà‡∏°‡πÑ‡∏Å‡πà ‡∏ñ‡∏ß‡∏≤‡∏¢‡πÑ‡∏≠‡πâ‡πÑ‡∏Ç‡πà ‡πÑ‡∏°‡πâ‡πÑ‡∏ú‡πà‡∏™‡∏≤‡∏£,‡∏ø49,‡∏£‡πâ‡∏≤‡∏ô‡πÅ‡∏ô‡∏∞‡∏ô‡∏≥,660.0,4.8923,‡∏à‡∏±‡∏á‡∏´‡∏ß‡∏±‡∏î‡∏û‡∏¥‡∏©‡∏ì‡∏∏‡πÇ‡∏•‡∏Å,https://cf.shopee.co.th/file/9e63c5e48c8931379cbf238abab74389_tn,https://shopee.co.th//‡∏™‡∏∏‡πà‡∏°‡πÑ‡∏Å‡πà-‡∏ñ‡∏ß‡∏≤‡∏¢‡πÑ‡∏≠‡πâ‡πÑ‡∏Ç‡πà-‡πÑ‡∏°‡πâ‡πÑ‡∏ú‡πà‡∏™‡∏≤‡∏£-i.196146882.4860144599
59,‡πÑ‡∏Å‡πà‡πÄ‡∏ó‡∏≠‡∏£‡∏¥‡∏¢‡∏≤‡∏Å‡∏¥ ‡πÅ‡∏û‡πá‡∏Ñ‡∏•‡∏∞1kg  (10+‡∏ä‡∏¥‡πâ‡∏ô) (‡∏≠‡∏£‡πà‡∏≠‡∏¢‡∏°‡πä‡∏≤‡∏Å‡∏Å‡∏Å) üêî,‡∏ø139,general,10.0,5.0,‡∏à‡∏±‡∏á‡∏´‡∏ß‡∏±‡∏î‡∏õ‡∏ó‡∏∏‡∏°‡∏ò‡∏≤‡∏ô‡∏µ,https://cf.shopee.co.th/file/799f9a8eeb203b80c9fdccab165fb711_tn,https://shopee.co.th//‡πÑ‡∏Å‡πà‡πÄ‡∏ó‡∏≠‡∏£‡∏¥‡∏¢‡∏≤‡∏Å‡∏¥-‡πÅ‡∏û‡πá‡∏Ñ‡∏•‡∏∞1kg-(10-‡∏ä‡∏¥‡πâ‡∏ô)-(‡∏≠‡∏£‡πà‡∏≠‡∏¢‡∏°‡πä‡∏≤‡∏Å‡∏Å‡∏Å)-üêî-i.376140428.3285176907
60,‡πÑ‡∏Å‡πà‡∏î‡∏≥‡πÅ‡∏ó‡πâ‚Äã 100% ‡∏™‡∏î‡∏™‡∏∞‡∏≠‡∏≤‡∏î ‡∏ñ‡∏π‡∏Å‡∏´‡∏•‡∏±‡∏Å‡∏≠‡∏ô‡∏≤‡∏°‡∏±‡∏¢ ‡∏™‡πà‡∏á‡πÅ‡∏•‡πâ‡∏ß‡∏Å‡∏ß‡πà‡∏≤‚Äã120‡∏ï‡∏±‡∏ß‚Äã ‡∏Ç‡∏ô‡∏≤‡∏î‚Äã400/630/800 ‡∏Å‡∏£‡∏±‡∏°‚Äã+‡πÄ‡∏Ñ‡∏£‡∏∑‡πà‡∏≠‡∏á‡πÉ‡∏ô ‡∏Ñ‡∏£‡∏ö‡∏ó‡∏±‡πâ‡∏á‡∏ï‡∏±‡∏ß‡πÉ‡∏ä‡πâ‡πÑ‡∏´‡∏ß‡πâ‡πÑ‡∏î‡πâüôèüôèüôè,‡∏ø245 - ‡∏ø479,general,188.0,4.75,‡∏à‡∏±‡∏á‡∏´‡∏ß‡∏±‡∏î‡∏Å‡∏£‡∏∏‡∏á‡πÄ‡∏ó‡∏û‡∏°‡∏´‡∏≤‡∏ô‡∏Ñ‡∏£,https://cf.shopee.co.th/file/d4fb107c3cdd69767377c0e3df22b0b9_tn,https://shopee.co.th//‡πÑ‡∏Å‡πà‡∏î‡∏≥‡πÅ‡∏ó‡πâ‚Äã-100-‡∏™‡∏î‡∏™‡∏∞‡∏≠‡∏≤‡∏î-‡∏ñ‡∏π‡∏Å‡∏´‡∏•‡∏±‡∏Å‡∏≠‡∏ô‡∏≤‡∏°‡∏±‡∏¢-‡∏™‡πà‡∏á‡πÅ‡∏•‡πâ‡∏ß‡∏Å‡∏ß‡πà‡∏≤‚Äã120‡∏ï‡∏±‡∏ß‚Äã-‡∏Ç‡∏ô‡∏≤‡∏î‚Äã400-630-800-‡∏Å‡∏£‡∏±‡∏°‚Äã-‡πÄ‡∏Ñ‡∏£‡∏∑‡πà‡∏≠‡∏á‡πÉ‡∏ô-‡∏Ñ‡∏£‡∏ö‡∏ó‡∏±‡πâ‡∏á‡∏ï‡∏±‡∏ß‡πÉ‡∏ä‡πâ‡πÑ‡∏´‡∏ß‡πâ‡πÑ‡∏î‡πâüôèüôèüôè-i.29333006.7139443473
61,‡∏õ‡∏∏‡πâ‡∏°‡∏õ‡∏∏‡πâ‡∏¢‡∏û‡∏£‡πâ‡∏≠‡∏°‡∏ó‡∏≤‡∏ô ‡πÄ‡∏°‡∏ô‡∏π‡πÑ‡∏Å‡πà‡∏à‡∏¥‡πâ‡∏°‡πÅ‡∏à‡πà‡∏ß ‡∏Ç‡∏ô‡∏≤‡∏î 85 ‡∏Å‡∏£‡∏±‡∏°,‡∏ø30,general,2400.0,4.8596,‡∏à‡∏±‡∏á‡∏´‡∏ß‡∏±‡∏î‡∏™‡∏°‡∏∏‡∏ó‡∏£‡∏õ‡∏£‡∏≤‡∏Å‡∏≤‡∏£,https://cf.shopee.co.th/file/3b5a4d61eb5f0d70af892e6c1c4c0f62_tn,https://shopee.co.th//‡∏õ‡∏∏‡πâ‡∏°‡∏õ‡∏∏‡πâ‡∏¢‡∏û‡∏£‡πâ‡∏≠‡∏°‡∏ó‡∏≤‡∏ô-‡πÄ‡∏°‡∏ô‡∏π‡πÑ‡∏Å‡πà‡∏à‡∏¥‡πâ‡∏°‡πÅ‡∏à‡πà‡∏ß-‡∏Ç‡∏ô‡∏≤‡∏î-85-‡∏Å‡∏£‡∏±‡∏°-i.138020609.6115075764
62,üî• ‡∏Å‡∏£‡∏∏‡∏á‡πÄ‡∏ó‡∏û ‡πÅ‡∏•‡∏∞‡∏ô‡∏ô‡∏ó‡∏ö‡∏∏‡∏£‡∏µ ‡∏Ç‡∏≠‡∏á‡∏ñ‡∏∂‡∏á‡∏†‡∏≤‡∏¢‡πÉ‡∏ô‡∏ß‡∏±‡∏ô ‡πÄ‡∏•‡∏∑‡∏≠‡∏Å‡∏Ç‡∏ô‡∏™‡πà‡∏á Seller Own Fleet üî• ‡πÇ‡∏ö‡πÇ‡∏•‡∏ô‡πà‡∏≤‡πÑ‡∏Å‡πà‡∏û‡∏£‡∏¥‡∏Å‡∏™‡πÑ‡∏•‡∏î‡πå ‡πÅ‡∏´‡∏•‡∏°‡∏ó‡∏≠‡∏á,‡∏ø100,‡∏£‡πâ‡∏≤‡∏ô‡πÅ‡∏ô‡∏∞‡∏ô‡∏≥,31.0,4.7647,‡∏à‡∏±‡∏á‡∏´‡∏ß‡∏±‡∏î‡∏Å‡∏£‡∏∏‡∏á‡πÄ‡∏ó‡∏û‡∏°‡∏´‡∏≤‡∏ô‡∏Ñ‡∏£,https://cf.shopee.co.th/file/dc6476777ed6ca3b0b06f159816d8983_tn,https://shopee.co.th//üî•-‡∏Å‡∏£‡∏∏‡∏á‡πÄ‡∏ó‡∏û-‡πÅ‡∏•‡∏∞‡∏ô‡∏ô‡∏ó‡∏ö‡∏∏‡∏£‡∏µ-‡∏Ç‡∏≠‡∏á‡∏ñ‡∏∂‡∏á‡∏†‡∏≤‡∏¢‡πÉ‡∏ô‡∏ß‡∏±‡∏ô-‡πÄ‡∏•‡∏∑‡∏≠‡∏Å‡∏Ç‡∏ô‡∏™‡πà‡∏á-Seller-Own-Fleet-üî•-‡πÇ‡∏ö‡πÇ‡∏•‡∏ô‡πà‡∏≤‡πÑ‡∏Å‡πà‡∏û‡∏£‡∏¥‡∏Å‡∏™‡πÑ‡∏•‡∏î‡πå-‡πÅ‡∏´‡∏•‡∏°‡∏ó‡∏≠‡∏á-i.259174001.7249214535
63,‡∏Ç‡∏≤‡πÑ‡∏Å‡πà‡∏™‡∏±‡∏°‡∏°‡∏≤‡∏Å‡∏£‡πÉ‡∏ô‡∏ï‡∏≥‡∏ô‡∏≤‡∏ô‡∏´‡∏≠‡∏°‡πÄ‡∏ô‡∏¢‡∏£‡∏™‡∏î‡∏±‡πâ‡∏á‡πÄ‡∏î‡∏¥‡∏°,‡∏ø39 - ‡∏ø169,general,454.0,4.9189,‡∏à‡∏±‡∏á‡∏´‡∏ß‡∏±‡∏î‡∏Å‡∏£‡∏∏‡∏á‡πÄ‡∏ó‡∏û‡∏°‡∏´‡∏≤‡∏ô‡∏Ñ‡∏£,https://cf.shopee.co.th/file/2d6f4789c672c54bfdfc7b237984a0b9_tn,https://shopee.co.th//‡∏Ç‡∏≤‡πÑ‡∏Å‡πà‡∏™‡∏±‡∏°‡∏°‡∏≤‡∏Å‡∏£‡πÉ‡∏ô‡∏ï‡∏≥‡∏ô‡∏≤‡∏ô‡∏´‡∏≠‡∏°‡πÄ‡∏ô‡∏¢‡∏£‡∏™‡∏î‡∏±‡πâ‡∏á‡πÄ‡∏î‡∏¥‡∏°-i.8437328.7043379323
64,‡∏õ‡∏µ‡∏Å‡πÑ‡∏Å‡πà‡∏ö‡∏ô ‡∏£‡∏™‡∏ö‡∏≤‡∏£‡πå‡∏ö‡∏µ‡∏Ñ‡∏¥‡∏ß ‡∏ï‡∏£‡∏≤‡∏ã‡∏±‡∏ô‡πÅ‡∏ß‡∏•‡πÄ‡∏•‡πà‡∏¢‡πå ‡∏Ç‡∏ô‡∏≤‡∏î 1000 ‡∏Å‡∏£‡∏±‡∏°,‡∏ø150 - ‡∏ø190,general,26.0,5.0,‡∏à‡∏±‡∏á‡∏´‡∏ß‡∏±‡∏î‡∏ô‡∏Ñ‡∏£‡∏£‡∏≤‡∏ä‡∏™‡∏µ‡∏°‡∏≤,https://cf.shopee.co.th/file/b4704b8b40c88c3f16d5b6b2479997e7_tn,https://shopee.co.th//‡∏õ‡∏µ‡∏Å‡πÑ‡∏Å‡πà‡∏ö‡∏ô-‡∏£‡∏™‡∏ö‡∏≤‡∏£‡πå‡∏ö‡∏µ‡∏Ñ‡∏¥‡∏ß-‡∏ï‡∏£‡∏≤‡∏ã‡∏±‡∏ô‡πÅ‡∏ß‡∏•‡πÄ‡∏•‡πà‡∏¢‡πå-‡∏Ç‡∏ô‡∏≤‡∏î-1000-‡∏Å‡∏£‡∏±‡∏°-i.55593340.4244201032
65,AFM ‡πÑ‡∏™‡πâ‡∏Å‡∏£‡∏≠‡∏Å‡πÑ‡∏Å‡πà‡∏£‡∏°‡∏Ñ‡∏ß‡∏±‡∏ô‡∏´‡∏ô‡∏±‡∏á‡∏Å‡∏£‡∏≠‡∏ö‡∏™‡∏≠‡∏î‡πÑ‡∏™‡πâ‡∏ä‡∏µ‡∏™ ‡πÑ‡∏™‡πâ‡∏Å‡∏£‡∏≠‡∏Åafm ‡πÑ‡∏™‡πâ‡∏Å‡∏£‡∏≠‡∏Å‡∏ä‡∏µ‡∏™ ‡πÑ‡∏™‡πâ‡∏Å‡∏£‡∏≠‡∏Å‡∏´‡∏ô‡∏±‡∏á‡∏Å‡∏£‡∏≠‡∏ö‡∏ä‡∏µ‡∏™ 500 ‡∏Å‡∏£‡∏±‡∏° ‡∏™‡∏¥‡∏ô‡∏Ñ‡πâ‡∏≤‡∏°‡∏µ‡∏Æ‡∏≤‡∏•‡∏≤‡∏• Halal Food,‡∏ø119,‡∏£‡πâ‡∏≤‡∏ô‡πÅ‡∏ô‡∏∞‡∏ô‡∏≥,429.0,4.7778,‡∏à‡∏±‡∏á‡∏´‡∏ß‡∏±‡∏î‡∏õ‡∏ó‡∏∏‡∏°‡∏ò‡∏≤‡∏ô‡∏µ,https://cf.shopee.co.th/file/374bce63b27ee0c7aaf379b3dd8f9e36_tn,https://shopee.co.th//AFM-‡πÑ‡∏™‡πâ‡∏Å‡∏£‡∏≠‡∏Å‡πÑ‡∏Å‡πà‡∏£‡∏°‡∏Ñ‡∏ß‡∏±‡∏ô‡∏´‡∏ô‡∏±‡∏á‡∏Å‡∏£‡∏≠‡∏ö‡∏™‡∏≠‡∏î‡πÑ‡∏™‡πâ‡∏ä‡∏µ‡∏™-‡πÑ‡∏™‡πâ‡∏Å‡∏£‡∏≠‡∏Åafm-‡πÑ‡∏™‡πâ‡∏Å‡∏£‡∏≠‡∏Å‡∏ä‡∏µ‡∏™-‡πÑ‡∏™‡πâ‡∏Å‡∏£‡∏≠‡∏Å‡∏´‡∏ô‡∏±‡∏á‡∏Å‡∏£‡∏≠‡∏ö‡∏ä‡∏µ‡∏™-500-‡∏Å‡∏£‡∏±‡∏°-‡∏™‡∏¥‡∏ô‡∏Ñ‡πâ‡∏≤‡∏°‡∏µ‡∏Æ‡∏≤‡∏•‡∏≤‡∏•-Halal-Food-i.256671805.5634948122
66,‡πÑ‡∏Å‡πà‡∏õ‡∏π‡∏ô‡∏õ‡∏±‡πâ‡∏ô‡∏ö‡∏π‡∏ä‡∏≤/‡πÅ‡∏Å‡πâ‡∏ö‡∏ô‡πÑ‡∏≠‡πâ‡πÑ‡∏Ç‡πà ‡∏Ñ‡∏•‡∏∞‡∏™‡∏µ ‡πÅ‡∏ñ‡∏°‡∏ò‡∏π‡∏õ‡πÑ‡∏≠‡πâ‡πÑ‡∏Ç‡πà ‡∏£‡∏≤‡∏Ñ‡∏≤/‡∏ï‡∏±‡∏ß ‡∏£‡∏±‡∏ö‡∏õ‡∏£‡∏™‡∏¥‡∏ô‡∏Ñ‡πâ‡∏≤‡πÅ‡∏ï‡∏Å‡∏´‡∏±‡∏Å COD ‡πÄ‡∏Å‡πá‡∏ö‡πÄ‡∏á‡∏¥‡∏ô‡∏õ‡∏•‡∏≤‡∏¢‡∏ó‡∏≤‡∏á,‡∏ø29,‡∏£‡πâ‡∏≤‡∏ô‡πÅ‡∏ô‡∏∞‡∏ô‡∏≥,2400.0,4.8282,‡∏à‡∏±‡∏á‡∏´‡∏ß‡∏±‡∏î‡∏ô‡∏Ñ‡∏£‡∏®‡∏£‡∏µ‡∏ò‡∏£‡∏£‡∏°‡∏£‡∏≤‡∏ä,https://cf.shopee.co.th/file/43332534c9c88a1211ac5ca212c2b188_tn,https://shopee.co.th//‡πÑ‡∏Å‡πà‡∏õ‡∏π‡∏ô‡∏õ‡∏±‡πâ‡∏ô‡∏ö‡∏π‡∏ä‡∏≤-‡πÅ‡∏Å‡πâ‡∏ö‡∏ô‡πÑ‡∏≠‡πâ‡πÑ‡∏Ç‡πà-‡∏Ñ‡∏•‡∏∞‡∏™‡∏µ-‡πÅ‡∏ñ‡∏°‡∏ò‡∏π‡∏õ‡πÑ‡∏≠‡πâ‡πÑ‡∏Ç‡πà-‡∏£‡∏≤‡∏Ñ‡∏≤-‡∏ï‡∏±‡∏ß-‡∏£‡∏±‡∏ö‡∏õ‡∏£‡∏™‡∏¥‡∏ô‡∏Ñ‡πâ‡∏≤‡πÅ‡∏ï‡∏Å‡∏´‡∏±‡∏Å-COD-‡πÄ‡∏Å‡πá‡∏ö‡πÄ‡∏á‡∏¥‡∏ô‡∏õ‡∏•‡∏≤‡∏¢‡∏ó‡∏≤‡∏á-i.155954119.6841501883
67,‡πÄ‡∏ö‡∏Ñ‡πà‡∏≠‡∏ô‡πÑ‡∏Å‡πà‡∏™‡∏≤‡∏°‡∏ä‡∏±‡πâ‡∏ô ‡∏Æ‡∏≤‡∏•‡πâ‡∏≤‡∏• ‡∏Ç‡∏ô‡∏≤‡∏î 500 ‡∏Å‡∏£‡∏±‡∏°,‡∏ø123,general,59.0,4.8235,‡∏à‡∏±‡∏á‡∏´‡∏ß‡∏±‡∏î‡∏Å‡∏£‡∏∏‡∏á‡πÄ‡∏ó‡∏û‡∏°‡∏´‡∏≤‡∏ô‡∏Ñ‡∏£,https://cf.shopee.co.th/file/e6918f3b9ba08f0b2fd2795f00640d31_tn,https://shopee.co.th//‡πÄ‡∏ö‡∏Ñ‡πà‡∏≠‡∏ô‡πÑ‡∏Å‡πà‡∏™‡∏≤‡∏°‡∏ä‡∏±‡πâ‡∏ô-‡∏Æ‡∏≤‡∏•‡πâ‡∏≤‡∏•-‡∏Ç‡∏ô‡∏≤‡∏î-500-‡∏Å‡∏£‡∏±‡∏°-i.19571206.6938354739
68,"üìå‡πÇ‡∏õ‡∏£3.3üìå ‡πÑ‡∏≠‡πâ‡πÑ‡∏Ç‡πà ‡∏£‡∏∏‡πà‡∏ô""‡∏°‡∏±‡πà‡∏á‡∏°‡∏µ‡∏®‡∏£‡∏µ‡∏™‡∏∏‡∏Ç ‡πÑ‡∏Å‡πà‡∏Ñ‡∏π‡πà ‡∏™‡∏µ‡∏ó‡∏≠‡∏á ‡∏Ç‡∏ô‡∏≤‡∏î1‡∏ô‡∏¥‡πâ‡∏ß ‡∏£‡∏≤‡∏Ñ‡∏≤‡∏û‡∏£‡πâ‡∏≠‡∏°‡∏ö‡∏π‡∏ä‡∏≤19‡∏ö‡∏≤‡∏ó",‡∏ø9,‡∏£‡πâ‡∏≤‡∏ô‡πÅ‡∏ô‡∏∞‡∏ô‡∏≥,3400.0,4.8671,‡∏à‡∏±‡∏á‡∏´‡∏ß‡∏±‡∏î‡∏ô‡∏Ñ‡∏£‡∏õ‡∏ê‡∏°,https://cf.shopee.co.th/file/400dcb8ba5b69873a06ce6a39fa1a748_tn,https://shopee.co.th//üìå‡πÇ‡∏õ‡∏£3.3üìå-‡πÑ‡∏≠‡πâ‡πÑ‡∏Ç‡πà-‡∏£‡∏∏‡πà‡∏ô-‡∏°‡∏±‡πà‡∏á‡∏°‡∏µ‡∏®‡∏£‡∏µ‡∏™‡∏∏‡∏Ç-‡πÑ‡∏Å‡πà‡∏Ñ‡∏π‡πà-‡∏™‡∏µ‡∏ó‡∏≠‡∏á-‡∏Ç‡∏ô‡∏≤‡∏î1‡∏ô‡∏¥‡πâ‡∏ß-‡∏£‡∏≤‡∏Ñ‡∏≤‡∏û‡∏£‡πâ‡∏≠‡∏°‡∏ö‡∏π‡∏ä‡∏≤19‡∏ö‡∏≤‡∏ó-i.231806391.6947504704
69,‡∏Ç‡∏≤‡πÄ‡∏õ‡πá‡∏î ‡∏Ç‡∏≤‡πÑ‡∏Å‡πà‡∏õ‡∏£‡∏∏‡∏á‡∏£‡∏™‡πÑ‡∏£‡πâ‡∏Å‡∏£‡∏∞‡∏î‡∏π‡∏Å ‡∏Å‡∏£‡∏∏‡∏ö‡∏Å‡∏£‡∏≠‡∏ö‡∏≠‡∏£‡πà‡∏≠‡∏¢  ‡∏´‡∏≠‡∏°‡πÄ‡∏Ñ‡∏£‡∏∑‡πà‡∏≠‡∏á‡πÄ‡∏ó‡∏®,‡∏ø95 - ‡∏ø115,‡∏£‡πâ‡∏≤‡∏ô‡πÅ‡∏ô‡∏∞‡∏ô‡∏≥,86.0,4.8333,‡∏à‡∏±‡∏á‡∏´‡∏ß‡∏±‡∏î‡∏™‡∏°‡∏∏‡∏ó‡∏£‡∏õ‡∏£‡∏≤‡∏Å‡∏≤‡∏£,https://cf.shopee.co.th/file/f2bee51973976eb2b4bb921f41391244_tn,https://shopee.co.th//‡∏Ç‡∏≤‡πÄ‡∏õ‡πá‡∏î-‡∏Ç‡∏≤‡πÑ‡∏Å‡πà‡∏õ‡∏£‡∏∏‡∏á‡∏£‡∏™‡πÑ‡∏£‡πâ‡∏Å‡∏£‡∏∞‡∏î‡∏π‡∏Å-‡∏Å‡∏£‡∏∏‡∏ö‡∏Å‡∏£‡∏≠‡∏ö‡∏≠‡∏£‡πà‡∏≠‡∏¢-‡∏´‡∏≠‡∏°‡πÄ‡∏Ñ‡∏£‡∏∑‡πà‡∏≠‡∏á‡πÄ‡∏ó‡∏®-i.41177111.2921291332
70,‡∏ô‡∏±‡∏Å‡πÄ‡∏Å‡πá‡∏ï‡πÑ‡∏Å‡πà ‡∏ã‡∏±‡∏ô‡πÄ‡∏ß‡∏•‡πÄ‡∏•‡πà‡∏¢‡πå 1000 ‡∏Å‡∏£‡∏±‡∏° ‡∏ó‡∏≠‡∏î ‡∏Å‡∏£‡∏≠‡∏ö‡∏ô‡∏≠‡∏Å‡∏ô‡∏∏‡πà‡∏°‡πÉ‡∏ô ‡∏´‡∏≠‡∏° ‡∏≠‡∏£‡πà‡∏≠‡∏¢,‡∏ø149,general,77.0,5.0,‡∏à‡∏±‡∏á‡∏´‡∏ß‡∏±‡∏î‡∏ô‡∏Ñ‡∏£‡∏£‡∏≤‡∏ä‡∏™‡∏µ‡∏°‡∏≤,https://cf.shopee.co.th/file/256edd8b4bed6118088175c24338da57_tn,https://shopee.co.th//‡∏ô‡∏±‡∏Å‡πÄ‡∏Å‡πá‡∏ï‡πÑ‡∏Å‡πà-‡∏ã‡∏±‡∏ô‡πÄ‡∏ß‡∏•‡πÄ‡∏•‡πà‡∏¢‡πå-1000-‡∏Å‡∏£‡∏±‡∏°-‡∏ó‡∏≠‡∏î-‡∏Å‡∏£‡∏≠‡∏ö‡∏ô‡∏≠‡∏Å‡∏ô‡∏∏‡πà‡∏°‡πÉ‡∏ô-‡∏´‡∏≠‡∏°-‡∏≠‡∏£‡πà‡∏≠‡∏¢-i.55593340.3934138673
71,‡∏û‡∏£‡πâ‡∏≠‡∏°‡∏ó‡∏≤‡∏ô* ‡∏õ‡∏µ‡∏Å‡πÑ‡∏Å‡πà‡πÅ‡∏î‡∏î‡πÄ‡∏î‡∏µ‡∏¢‡∏ß ‡∏≠‡∏ö‡∏•‡∏°‡∏£‡πâ‡∏≠‡∏ô ‡∏ô‡∏∏‡πà‡∏° ‡∏≠‡∏£‡πà‡∏≠‡∏¢,‡∏ø150 - ‡∏ø155,general,42.0,4.9,‡∏à‡∏±‡∏á‡∏´‡∏ß‡∏±‡∏î‡∏Å‡∏£‡∏∏‡∏á‡πÄ‡∏ó‡∏û‡∏°‡∏´‡∏≤‡∏ô‡∏Ñ‡∏£,https://cf.shopee.co.th/file/b811c8c38293d39538659b6ed43d477d_tn,https://shopee.co.th//‡∏û‡∏£‡πâ‡∏≠‡∏°‡∏ó‡∏≤‡∏ô*-‡∏õ‡∏µ‡∏Å‡πÑ‡∏Å‡πà‡πÅ‡∏î‡∏î‡πÄ‡∏î‡∏µ‡∏¢‡∏ß-‡∏≠‡∏ö‡∏•‡∏°‡∏£‡πâ‡∏≠‡∏ô-‡∏ô‡∏∏‡πà‡∏°-‡∏≠‡∏£‡πà‡∏≠‡∏¢-i.272617475.6872433983
72,Surapon Foods ‡πÄ‡∏Å‡∏µ‡πä‡∏¢‡∏ß‡∏ã‡πà‡∏≤‡πÑ‡∏Å‡πà(Chicken Gyoza) ‡πÅ‡∏û‡πá‡∏Ñ‡πÉ‡∏´‡∏ç‡πà 30 ‡∏ä‡∏¥‡πâ‡∏ô/‡πÅ‡∏û‡πá‡∏Ñ,‡∏ø139,shopee mall,28.0,5.0,‡∏à‡∏±‡∏á‡∏´‡∏ß‡∏±‡∏î‡∏™‡∏°‡∏∏‡∏ó‡∏£‡∏õ‡∏£‡∏≤‡∏Å‡∏≤‡∏£,https://cf.shopee.co.th/file/48eddab9d7b9b783990365fb16add361_tn,https://shopee.co.th//Surapon-Foods-‡πÄ‡∏Å‡∏µ‡πä‡∏¢‡∏ß‡∏ã‡πà‡∏≤‡πÑ‡∏Å‡πà(Chicken-Gyoza)-‡πÅ‡∏û‡πá‡∏Ñ‡πÉ‡∏´‡∏ç‡πà-30-‡∏ä‡∏¥‡πâ‡∏ô-‡πÅ‡∏û‡πá‡∏Ñ-i.85246884.6551894336
73,‡∏Ç‡∏ô‡∏°‡∏õ‡∏±‡∏á‡∏õ‡∏¥‡πä‡∏ö‡∏Å‡∏¥‡πÄ‡∏•‡∏ô ‡∏Ç‡∏≤‡πÑ‡∏Å‡πà‡∏£‡∏™‡∏î‡∏±‡πâ‡∏á‡πÄ‡∏î‡∏¥‡∏° (‡∏£‡∏™‡πÄ‡∏Ñ‡πá‡∏°) 1.5 ‡∏Å‡∏Å 1 ‡∏õ‡∏¥‡πä‡∏õ ‡πÇ‡∏£‡∏á‡∏á‡∏≤‡∏ô‡∏Ç‡∏≤‡∏¢‡∏ï‡∏£‡∏á,‡∏ø115,‡∏£‡πâ‡∏≤‡∏ô‡πÅ‡∏ô‡∏∞‡∏ô‡∏≥,576.0,4.8952,‡∏à‡∏±‡∏á‡∏´‡∏ß‡∏±‡∏î‡∏Å‡∏£‡∏∏‡∏á‡πÄ‡∏ó‡∏û‡∏°‡∏´‡∏≤‡∏ô‡∏Ñ‡∏£,https://cf.shopee.co.th/file/9416cf2e9f7908bd963acaddd7b789c8_tn,https://shopee.co.th//‡∏Ç‡∏ô‡∏°‡∏õ‡∏±‡∏á‡∏õ‡∏¥‡πä‡∏ö‡∏Å‡∏¥‡πÄ‡∏•‡∏ô-‡∏Ç‡∏≤‡πÑ‡∏Å‡πà‡∏£‡∏™‡∏î‡∏±‡πâ‡∏á‡πÄ‡∏î‡∏¥‡∏°-(‡∏£‡∏™‡πÄ‡∏Ñ‡πá‡∏°)-1.5-‡∏Å‡∏Å-1-‡∏õ‡∏¥‡πä‡∏õ-‡πÇ‡∏£‡∏á‡∏á‡∏≤‡∏ô‡∏Ç‡∏≤‡∏¢‡∏ï‡∏£‡∏á-i.34898806.3747358657
74,‡πÑ‡∏™‡πâ‡∏Å‡∏£‡∏≠‡∏Å‡∏≠‡∏µ‡∏™‡∏≤‡∏ô‡πÑ‡∏Å‡πàÿ≠ŸÑÿßŸÑ ‡∏Æ‡∏≤‡∏•‡∏≤‡∏•100%,‡∏ø114 - ‡∏ø218,general,1200.0,4.7949,‡∏à‡∏±‡∏á‡∏´‡∏ß‡∏±‡∏î‡∏Å‡∏£‡∏∏‡∏á‡πÄ‡∏ó‡∏û‡∏°‡∏´‡∏≤‡∏ô‡∏Ñ‡∏£,https://cf.shopee.co.th/file/4255f307b0c6067d8b8f8c199dfb0dc5_tn,https://shopee.co.th//‡πÑ‡∏™‡πâ‡∏Å‡∏£‡∏≠‡∏Å‡∏≠‡∏µ‡∏™‡∏≤‡∏ô‡πÑ‡∏Å‡πàÿ≠ŸÑÿßŸÑ-‡∏Æ‡∏≤‡∏•‡∏≤‡∏•100--i.12736091.913199977
75,Tyson ‡∏ô‡∏±‡∏Å‡πÄ‡∏Å‡πá‡∏ï‡πÑ‡∏Å‡πà‡∏°‡∏¥‡∏ô‡∏¥ Chicken mini nuggets (500 g),‡∏ø116,shopee mall,504.0,4.9634,‡∏à‡∏±‡∏á‡∏´‡∏ß‡∏±‡∏î‡∏™‡∏°‡∏∏‡∏ó‡∏£‡∏õ‡∏£‡∏≤‡∏Å‡∏≤‡∏£,https://cf.shopee.co.th/file/c56ae74a69b65351da4899cdae5bd1d1_tn,https://shopee.co.th//Tyson-‡∏ô‡∏±‡∏Å‡πÄ‡∏Å‡πá‡∏ï‡πÑ‡∏Å‡πà‡∏°‡∏¥‡∏ô‡∏¥-Chicken-mini-nuggets-(500-g)-i.242496057.4633491011
76,‡∏°‡∏π‡∏•‡πÑ‡∏Å‡πà‡∏≠‡∏±‡∏î‡πÄ‡∏°‡πá‡∏î‡∏≠‡∏¢‡πà‡∏≤‡∏á‡∏î‡∏µ,‡∏ø16,‡∏£‡πâ‡∏≤‡∏ô‡πÅ‡∏ô‡∏∞‡∏ô‡∏≥,319.0,4.9242,‡∏à‡∏±‡∏á‡∏´‡∏ß‡∏±‡∏î‡∏Å‡∏£‡∏∏‡∏á‡πÄ‡∏ó‡∏û‡∏°‡∏´‡∏≤‡∏ô‡∏Ñ‡∏£,https://cf.shopee.co.th/file/757ee0647b9e29e14d38fafe46a08929_tn,https://shopee.co.th//‡∏°‡∏π‡∏•‡πÑ‡∏Å‡πà‡∏≠‡∏±‡∏î‡πÄ‡∏°‡πá‡∏î‡∏≠‡∏¢‡πà‡∏≤‡∏á‡∏î‡∏µ-i.88950597.2949129745
77,‡∏≠‡∏ß‡∏ô‡∏•‡πâ‡∏≠‡∏°‡πÑ‡∏Å‡πà‡∏™‡∏π‡∏á 2 ‡∏°. ‡∏¢‡∏≤‡∏ß‡∏õ‡∏£‡∏∞‡∏°‡∏≤‡∏ì 15.00‡πÄ‡∏°‡∏ï‡∏£. 120 ‡∏ö‡∏≤‡∏ó,‡∏ø120,general,1800.0,4.6506,‡∏à‡∏±‡∏á‡∏´‡∏ß‡∏±‡∏î‡∏ö‡∏∏‡∏£‡∏µ‡∏£‡∏±‡∏°‡∏¢‡πå,https://cf.shopee.co.th/file/f8fd83e18fb509687892fd142222928e_tn,https://shopee.co.th//‡∏≠‡∏ß‡∏ô‡∏•‡πâ‡∏≠‡∏°‡πÑ‡∏Å‡πà‡∏™‡∏π‡∏á-2-‡∏°.-‡∏¢‡∏≤‡∏ß‡∏õ‡∏£‡∏∞‡∏°‡∏≤‡∏ì-15.00‡πÄ‡∏°‡∏ï‡∏£.-120-‡∏ö‡∏≤‡∏ó-i.73063032.2371617319
78,‡∏´‡∏ô‡∏±‡∏á‡πÑ‡∏Å‡πà‡∏Å‡∏£‡∏≠‡∏ö ‡∏´‡∏ô‡∏±‡∏á‡πÑ‡∏Å‡πà‡∏ó‡∏≠‡∏î ‡∏Å‡∏≤‡∏Å‡πÑ‡∏Å‡πà ‡πÅ‡∏Ñ‡∏õ‡πÑ‡∏Å‡πà ‡∏Ç‡∏≠‡∏á‡∏ù‡∏≤‡∏Å‡πÇ‡∏Ñ‡∏£‡∏≤‡∏ä,‡∏ø145 - ‡∏ø290,general,290.0,4.8812,‡∏à‡∏±‡∏á‡∏´‡∏ß‡∏±‡∏î‡∏ô‡∏Ñ‡∏£‡∏£‡∏≤‡∏ä‡∏™‡∏µ‡∏°‡∏≤,https://cf.shopee.co.th/file/ab225626a866afef1929063863ac2fab_tn,https://shopee.co.th//‡∏´‡∏ô‡∏±‡∏á‡πÑ‡∏Å‡πà‡∏Å‡∏£‡∏≠‡∏ö-‡∏´‡∏ô‡∏±‡∏á‡πÑ‡∏Å‡πà‡∏ó‡∏≠‡∏î-‡∏Å‡∏≤‡∏Å‡πÑ‡∏Å‡πà-‡πÅ‡∏Ñ‡∏õ‡πÑ‡∏Å‡πà-‡∏Ç‡∏≠‡∏á‡∏ù‡∏≤‡∏Å‡πÇ‡∏Ñ‡∏£‡∏≤‡∏ä-i.118773169.5338943962
79,‡πÑ‡∏Å‡πà‡∏õ‡πä‡∏≠‡∏õ‡∏£‡∏™‡∏î‡∏±‡πâ‡∏á‡πÄ‡∏î‡∏¥‡∏° ‡∏ï‡∏£‡∏≤ ‡∏ã‡∏±‡∏ô‡πÄ‡πÄ‡∏ß‡∏•‡πÄ‡∏•‡πà‡∏¢‡πå 1000 ‡∏Å‡∏£‡∏±‡∏° (F),‡∏ø119,general,no sold,0.0,‡∏à‡∏±‡∏á‡∏´‡∏ß‡∏±‡∏î‡∏™‡∏°‡∏∏‡∏ó‡∏£‡∏õ‡∏£‡∏≤‡∏Å‡∏≤‡∏£,https://cf.shopee.co.th/file/128df4cdd6ecb8a7ff8f7a4e4a6787af_tn,https://shopee.co.th//‡πÑ‡∏Å‡πà‡∏õ‡πä‡∏≠‡∏õ‡∏£‡∏™‡∏î‡∏±‡πâ‡∏á‡πÄ‡∏î‡∏¥‡∏°-‡∏ï‡∏£‡∏≤-‡∏ã‡∏±‡∏ô‡πÄ‡πÄ‡∏ß‡∏•‡πÄ‡∏•‡πà‡∏¢‡πå-1000-‡∏Å‡∏£‡∏±‡∏°-(F)-i.322550756.7586770026
80,Tyson ‡πÑ‡∏Å‡πà‡∏°‡∏¥‡∏ô‡∏¥‡∏™‡πÄ‡∏ï‡πá‡∏Å Roasted chicken mini steak 500 g,‡∏ø143,shopee mall,426.0,4.9,‡∏à‡∏±‡∏á‡∏´‡∏ß‡∏±‡∏î‡∏™‡∏°‡∏∏‡∏ó‡∏£‡∏õ‡∏£‡∏≤‡∏Å‡∏≤‡∏£,https://cf.shopee.co.th/file/d555224d5b2dedb278fcca2b415c8d93_tn,https://shopee.co.th//Tyson-‡πÑ‡∏Å‡πà‡∏°‡∏¥‡∏ô‡∏¥‡∏™‡πÄ‡∏ï‡πá‡∏Å-Roasted-chicken-mini-steak-500-g-i.242496057.7133606364
81,‡πÑ‡∏Å‡πà‡∏õ‡πä‡∏≠‡∏õ1kg. üí•‡∏Ñ‡πà‡∏≤‡∏™‡πà‡∏á99‡∏ø‡∏Ñ‡∏•‡∏∞‡πÑ‡∏î‡πâ‡∏ó‡∏±‡πâ‡∏á‡∏£‡πâ‡∏≤‡∏ô‚ùóÔ∏è ‚úÖ‡∏™‡πà‡∏á‡∏Ç‡∏≠‡∏á‡∏ó‡∏∏‡∏Å‡∏ß‡∏±‡∏ô‚ùÑÔ∏è‡∏£‡∏≤‡∏Ñ‡∏≤‡∏ñ‡∏π‡∏Å ‡∏™‡πà‡∏á‡∏ó‡∏∏‡∏Å‡∏à‡∏±‡∏á‡∏´‡∏ß‡∏±‡∏î‡∏ó‡∏±‡πà‡∏ß‡πÑ‡∏ó‡∏¢‚ö°Ô∏è,‡∏ø125,general,93.0,4.9487,‡∏à‡∏±‡∏á‡∏´‡∏ß‡∏±‡∏î‡∏û‡∏£‡∏∞‡∏ô‡∏Ñ‡∏£‡∏®‡∏£‡∏µ‡∏≠‡∏¢‡∏∏‡∏ò‡∏¢‡∏≤,https://cf.shopee.co.th/file/27947cd8c5c20259c8e5ce92d9e3745e_tn,https://shopee.co.th//‡πÑ‡∏Å‡πà‡∏õ‡πä‡∏≠‡∏õ1kg.-üí•‡∏Ñ‡πà‡∏≤‡∏™‡πà‡∏á99‡∏ø‡∏Ñ‡∏•‡∏∞‡πÑ‡∏î‡πâ‡∏ó‡∏±‡πâ‡∏á‡∏£‡πâ‡∏≤‡∏ô‚ùóÔ∏è-‚úÖ‡∏™‡πà‡∏á‡∏Ç‡∏≠‡∏á‡∏ó‡∏∏‡∏Å‡∏ß‡∏±‡∏ô‚ùÑÔ∏è‡∏£‡∏≤‡∏Ñ‡∏≤‡∏ñ‡∏π‡∏Å-‡∏™‡πà‡∏á‡∏ó‡∏∏‡∏Å‡∏à‡∏±‡∏á‡∏´‡∏ß‡∏±‡∏î‡∏ó‡∏±‡πà‡∏ß‡πÑ‡∏ó‡∏¢‚ö°Ô∏è-i.64528500.7551509101
82,‡πÅ‡∏ã‡πà‡∏ö‡πÄ‡∏Å‡∏¥‡∏ô‡πÉ‡∏Ñ‡∏£ ‚Äò‡πÄ‡∏≠‡πá‡∏ô‡∏Ç‡πâ‡∏≠‡πÑ‡∏Å‡πà‚Äô ‡∏ï‡πâ‡∏°‡∏ô‡πâ‡∏≥‡∏õ‡∏•‡∏≤‡∏ö‡∏£‡∏£‡∏à‡∏∏‡∏™‡∏π‡∏ç‡∏ç‡∏≤‡∏Å‡∏≤‡∏® (200 ‡∏Å‡∏£‡∏±‡∏°),‡∏ø120,general,71.0,4.9545,‡∏à‡∏±‡∏á‡∏´‡∏ß‡∏±‡∏î‡∏Å‡∏£‡∏∏‡∏á‡πÄ‡∏ó‡∏û‡∏°‡∏´‡∏≤‡∏ô‡∏Ñ‡∏£,https://cf.shopee.co.th/file/c058b5efb982b83b37ae7eb3d573eb5e_tn,https://shopee.co.th//‡πÅ‡∏ã‡πà‡∏ö‡πÄ‡∏Å‡∏¥‡∏ô‡πÉ‡∏Ñ‡∏£-‚Äò‡πÄ‡∏≠‡πá‡∏ô‡∏Ç‡πâ‡∏≠‡πÑ‡∏Å‡πà‚Äô-‡∏ï‡πâ‡∏°‡∏ô‡πâ‡∏≥‡∏õ‡∏•‡∏≤‡∏ö‡∏£‡∏£‡∏à‡∏∏‡∏™‡∏π‡∏ç‡∏ç‡∏≤‡∏Å‡∏≤‡∏®-(200-‡∏Å‡∏£‡∏±‡∏°)-i.324740199.3758466287
83,‡∏•‡∏π‡∏Å‡∏ä‡∏¥‡πâ‡∏ô‡πÑ‡∏Å‡πà‡∏´‡∏∏‡πà‡∏ô‡∏î‡∏µ‡∏Ñ‡∏µ‡πÇ‡∏ï ‡πÅ‡∏û‡∏Ñ 500 ‡∏Å‡∏£‡∏±‡∏°,‡∏ø98,‡∏£‡πâ‡∏≤‡∏ô‡πÅ‡∏ô‡∏∞‡∏ô‡∏≥,938.0,4.8771,‡∏à‡∏±‡∏á‡∏´‡∏ß‡∏±‡∏î‡∏ö‡∏∏‡∏£‡∏µ‡∏£‡∏±‡∏°‡∏¢‡πå,https://cf.shopee.co.th/file/a551a4043f4af7d9e52b3d007cda9bd6_tn,https://shopee.co.th//‡∏•‡∏π‡∏Å‡∏ä‡∏¥‡πâ‡∏ô‡πÑ‡∏Å‡πà‡∏´‡∏∏‡πà‡∏ô‡∏î‡∏µ‡∏Ñ‡∏µ‡πÇ‡∏ï-‡πÅ‡∏û‡∏Ñ-500-‡∏Å‡∏£‡∏±‡∏°-i.261204974.7135231139
84,Tyson ‡∏™‡πÄ‡∏ï‡πá‡∏Å‡πÑ‡∏Å‡πà‡∏õ‡∏£‡∏∏‡∏á‡∏£‡∏™ ‡∏™‡∏π‡∏ï‡∏£‡∏ï‡πâ‡∏ô‡∏ï‡∏≥‡∏£‡∏±‡∏ö Roasted chicken steak 450 g,‡∏ø143,shopee mall,553.0,4.878,‡∏à‡∏±‡∏á‡∏´‡∏ß‡∏±‡∏î‡∏™‡∏°‡∏∏‡∏ó‡∏£‡∏õ‡∏£‡∏≤‡∏Å‡∏≤‡∏£,https://cf.shopee.co.th/file/a8a05ad8400ae62c69ce6b06ac9864b6_tn,https://shopee.co.th//Tyson-‡∏™‡πÄ‡∏ï‡πá‡∏Å‡πÑ‡∏Å‡πà‡∏õ‡∏£‡∏∏‡∏á‡∏£‡∏™-‡∏™‡∏π‡∏ï‡∏£‡∏ï‡πâ‡∏ô‡∏ï‡∏≥‡∏£‡∏±‡∏ö-Roasted-chicken-steak-450-g-i.242496057.6733606752
85,‡∏°‡∏¥‡∏ô‡∏¥‡πÑ‡∏Å‡πà‡∏õ‡πä‡∏≠‡∏ö üêî 1 ‡∏Å‡∏¥‡πÇ‡∏•‡∏Å‡∏£‡∏±‡∏° ‡∏Æ‡∏≤‡∏•‡∏≤‡∏• ÿ≠ŸÑÿßŸÑ,‡∏ø139,‡∏£‡πâ‡∏≤‡∏ô‡πÅ‡∏ô‡∏∞‡∏ô‡∏≥,23.0,4.9286,‡∏à‡∏±‡∏á‡∏´‡∏ß‡∏±‡∏î‡∏Å‡∏£‡∏∏‡∏á‡πÄ‡∏ó‡∏û‡∏°‡∏´‡∏≤‡∏ô‡∏Ñ‡∏£,https://cf.shopee.co.th/file/5e7ca5f108fcc1611a5e661e9fe20c0e_tn,https://shopee.co.th//‡∏°‡∏¥‡∏ô‡∏¥‡πÑ‡∏Å‡πà‡∏õ‡πä‡∏≠‡∏ö-üêî-1-‡∏Å‡∏¥‡πÇ‡∏•‡∏Å‡∏£‡∏±‡∏°-‡∏Æ‡∏≤‡∏•‡∏≤‡∏•-ÿ≠ŸÑÿßŸÑ-i.93971416.8814981656
86,‡∏´‡∏ô‡∏±‡∏á‡πÑ‡∏Å‡πà‡∏ó‡∏≠‡∏î ‡πÑ‡∏Å‡πã‡πÑ‡∏Å‡πà ‡∏£‡∏™‡∏î‡∏±‡πâ‡∏á‡πÄ‡∏î‡∏¥‡∏° ‡∏°‡∏µ‡∏Æ‡∏≤‡∏•‡∏≤‡∏• / 3 ‡∏ã‡∏≠‡∏á,‡∏ø100,general,132.0,4.9118,‡∏à‡∏±‡∏á‡∏´‡∏ß‡∏±‡∏î‡∏Å‡∏£‡∏∏‡∏á‡πÄ‡∏ó‡∏û‡∏°‡∏´‡∏≤‡∏ô‡∏Ñ‡∏£,https://cf.shopee.co.th/file/05be748006f9f16c146d0784b052eeb5_tn,https://shopee.co.th//‡∏´‡∏ô‡∏±‡∏á‡πÑ‡∏Å‡πà‡∏ó‡∏≠‡∏î-‡πÑ‡∏Å‡πã‡πÑ‡∏Å‡πà-‡∏£‡∏™‡∏î‡∏±‡πâ‡∏á‡πÄ‡∏î‡∏¥‡∏°-‡∏°‡∏µ‡∏Æ‡∏≤‡∏•‡∏≤‡∏•-3-‡∏ã‡∏≠‡∏á-i.65713477.4536931696
87,üíã‡∏Å‡∏ó‡∏°.+‡∏õ‡∏£‡∏¥‡∏°‡∏ì‡∏ë‡∏•‡∏™‡πà‡∏á‡πÄ‡∏ä‡πâ‡∏≤‡πÄ‡∏¢‡πá‡∏ô‡∏ñ‡∏∂‡∏áüíã AFM ‡πÑ‡∏™‡πâ‡∏Å‡∏£‡∏≠‡∏Å‡πÑ‡∏Å‡πà‡∏à‡∏±‡∏°‡πÇ‡∏ö‡πâ‡∏ó‡∏≠‡∏á‡∏ä‡∏µ‡∏™‡∏™‡∏≠‡∏î‡πÑ‡∏™‡πâ 1000 ‡∏Å‡∏£‡∏±‡∏° 15 ‡∏ä‡∏¥‡πâ‡∏ô,‡∏ø115,‡∏£‡πâ‡∏≤‡∏ô‡πÅ‡∏ô‡∏∞‡∏ô‡∏≥,595.0,4.9328,‡∏à‡∏±‡∏á‡∏´‡∏ß‡∏±‡∏î‡∏Å‡∏£‡∏∏‡∏á‡πÄ‡∏ó‡∏û‡∏°‡∏´‡∏≤‡∏ô‡∏Ñ‡∏£,https://cf.shopee.co.th/file/9318d28d83cf866d3034b8e311b6c6e4_tn,https://shopee.co.th//üíã‡∏Å‡∏ó‡∏°.-‡∏õ‡∏£‡∏¥‡∏°‡∏ì‡∏ë‡∏•‡∏™‡πà‡∏á‡πÄ‡∏ä‡πâ‡∏≤‡πÄ‡∏¢‡πá‡∏ô‡∏ñ‡∏∂‡∏áüíã-AFM-‡πÑ‡∏™‡πâ‡∏Å‡∏£‡∏≠‡∏Å‡πÑ‡∏Å‡πà‡∏à‡∏±‡∏°‡πÇ‡∏ö‡πâ‡∏ó‡∏≠‡∏á‡∏ä‡∏µ‡∏™‡∏™‡∏≠‡∏î‡πÑ‡∏™‡πâ-1000-‡∏Å‡∏£‡∏±‡∏°-15-‡∏ä‡∏¥‡πâ‡∏ô-i.38444368.3831525256
88,‡∏ô‡∏±‡∏Å‡πÄ‡∏Å‡πá‡∏ï‡πÑ‡∏Å‡πà 1000 ‡∏Å‡∏£‡∏±‡∏°  Sun Valley,‡∏ø110,general,172.0,4.6575,‡∏à‡∏±‡∏á‡∏´‡∏ß‡∏±‡∏î‡∏•‡∏û‡∏ö‡∏∏‡∏£‡∏µ,https://cf.shopee.co.th/file/529bc3d24332a409a9a63bef2e772ad4_tn,https://shopee.co.th//‡∏ô‡∏±‡∏Å‡πÄ‡∏Å‡πá‡∏ï‡πÑ‡∏Å‡πà-1000-‡∏Å‡∏£‡∏±‡∏°-Sun-Valley-i.22776440.6945566394
89,‡πÑ‡∏Å‡πà‡∏õ‡πä‡∏≠‡∏õ‡∏£‡∏™‡∏î‡∏±‡πâ‡∏á‡πÄ‡∏î‡∏¥‡∏° ‡∏ï‡∏£‡∏≤ ‡∏ã‡∏±‡∏ô‡πÅ‡∏ß‡∏•‡πÄ‡∏•‡πà‡∏¢‡πå 1000 ‡∏Å‡∏£‡∏±‡∏°  ‚ùó‡∏Å‡∏£‡∏∏‡∏ì‡∏≤‡∏≠‡πà‡∏≤‡∏ô‡∏Å‡πà‡∏≠‡∏ô‡∏™‡∏±‡πà‡∏á‚ùó,‡∏ø120,‡∏£‡πâ‡∏≤‡∏ô‡πÅ‡∏ô‡∏∞‡∏ô‡∏≥,22.0,4.9,‡∏à‡∏±‡∏á‡∏´‡∏ß‡∏±‡∏î‡∏Å‡∏£‡∏∏‡∏á‡πÄ‡∏ó‡∏û‡∏°‡∏´‡∏≤‡∏ô‡∏Ñ‡∏£,https://cf.shopee.co.th/file/37e9d288dd731be01270273070325ee6_tn,https://shopee.co.th//‡πÑ‡∏Å‡πà‡∏õ‡πä‡∏≠‡∏õ‡∏£‡∏™‡∏î‡∏±‡πâ‡∏á‡πÄ‡∏î‡∏¥‡∏°-‡∏ï‡∏£‡∏≤-‡∏ã‡∏±‡∏ô‡πÅ‡∏ß‡∏•‡πÄ‡∏•‡πà‡∏¢‡πå-1000-‡∏Å‡∏£‡∏±‡∏°-‚ùó‡∏Å‡∏£‡∏∏‡∏ì‡∏≤‡∏≠‡πà‡∏≤‡∏ô‡∏Å‡πà‡∏≠‡∏ô‡∏™‡∏±‡πà‡∏á‚ùó-i.28348277.7660489142
90,‡πÑ‡∏Å‡πà‡πÄ‡∏ä‡∏µ‡∏¢‡∏á‡∏≠‡∏ô‡∏≤‡∏°‡∏±‡∏¢‡∏û‡∏£‡∏µ‡πÄ‡∏°‡∏µ‡πà‡∏¢‡∏°‡πÄ‡∏Å‡∏£‡∏îA ‡∏ï‡∏£‡∏≤‡∏ü‡∏≤‡∏£‡πå‡∏°‡∏™‡∏∏‡∏Ç ‡∏Ç‡∏ô‡∏≤‡∏î 1 ‡∏Å‡∏Å.,‡∏ø240,‡∏£‡πâ‡∏≤‡∏ô‡πÅ‡∏ô‡∏∞‡∏ô‡∏≥,20.0,5.0,‡∏à‡∏±‡∏á‡∏´‡∏ß‡∏±‡∏î‡∏ô‡∏ô‡∏ó‡∏ö‡∏∏‡∏£‡∏µ,https://cf.shopee.co.th/file/b2a1e2ba6bad340a915e498cb3ec151a_tn,https://shopee.co.th//‡πÑ‡∏Å‡πà‡πÄ‡∏ä‡∏µ‡∏¢‡∏á‡∏≠‡∏ô‡∏≤‡∏°‡∏±‡∏¢‡∏û‡∏£‡∏µ‡πÄ‡∏°‡∏µ‡πà‡∏¢‡∏°‡πÄ‡∏Å‡∏£‡∏îA-‡∏ï‡∏£‡∏≤‡∏ü‡∏≤‡∏£‡πå‡∏°‡∏™‡∏∏‡∏Ç-‡∏Ç‡∏ô‡∏≤‡∏î-1-‡∏Å‡∏Å.-i.35173471.3632327374
91,‚ùó‡∏Å‡∏ó‡∏°.+‡∏õ‡∏£‡∏¥‡∏°‡∏ì‡∏ë‡∏•‡∏™‡πà‡∏á‡πÄ‡∏ä‡πâ‡∏≤‡πÄ‡∏¢‡πá‡∏ô‡∏ñ‡∏∂‡∏á‚ùóSuperchef ‡∏ä‡∏π‡πÄ‡∏õ‡∏≠‡∏£‡πå‡πÄ‡∏ä‡∏ü ‡πÑ‡∏™‡πâ‡∏Å‡∏£‡∏≠‡∏Å‡πÑ‡∏Å‡πà‡∏´‡∏ô‡∏±‡∏á‡∏Å‡∏£‡∏≠‡∏ö ‡πÑ‡∏™‡πâ‡∏Å‡∏£‡∏≠‡∏Å‡πÑ‡∏Å‡πà‡∏≠‡∏£‡πà‡∏≠‡∏¢,‡∏ø75,‡∏£‡πâ‡∏≤‡∏ô‡πÅ‡∏ô‡∏∞‡∏ô‡∏≥,103.0,4.9,‡∏à‡∏±‡∏á‡∏´‡∏ß‡∏±‡∏î‡∏Å‡∏£‡∏∏‡∏á‡πÄ‡∏ó‡∏û‡∏°‡∏´‡∏≤‡∏ô‡∏Ñ‡∏£,https://cf.shopee.co.th/file/7217c9e2af4d223db4310fe943eee2c8_tn,https://shopee.co.th//‚ùó‡∏Å‡∏ó‡∏°.-‡∏õ‡∏£‡∏¥‡∏°‡∏ì‡∏ë‡∏•‡∏™‡πà‡∏á‡πÄ‡∏ä‡πâ‡∏≤‡πÄ‡∏¢‡πá‡∏ô‡∏ñ‡∏∂‡∏á‚ùóSuperchef-‡∏ä‡∏π‡πÄ‡∏õ‡∏≠‡∏£‡πå‡πÄ‡∏ä‡∏ü-‡πÑ‡∏™‡πâ‡∏Å‡∏£‡∏≠‡∏Å‡πÑ‡∏Å‡πà‡∏´‡∏ô‡∏±‡∏á‡∏Å‡∏£‡∏≠‡∏ö-‡πÑ‡∏™‡πâ‡∏Å‡∏£‡∏≠‡∏Å‡πÑ‡∏Å‡πà‡∏≠‡∏£‡πà‡∏≠‡∏¢-i.38444368.4629074884
92,‡∏´‡∏≠‡∏°‡πÄ‡∏à‡∏µ‡∏¢‡∏ß ‡∏™‡∏π‡∏ï‡∏£‡πÑ‡∏Å‡πà‡∏ó‡∏≠‡∏î‡∏´‡∏≤‡∏î‡πÉ‡∏´‡∏ç‡πà ‡∏´‡∏≠‡∏° ‡∏Å‡∏£‡∏≠‡∏ö ‡∏≠‡∏£‡πà‡∏≠‡∏¢ ‡πÉ‡∏™‡πà‡πÑ‡∏Å‡πà‡∏ó‡∏≠‡∏î ‡∏´‡∏°‡∏π‡∏ó‡∏≠‡∏î ‡∏Å‡πã‡∏ß‡∏¢‡∏à‡∏±‡πä‡∏ö ‡∏Ç‡∏ô‡∏≤‡∏î ((500))‡∏Å‡∏£‡∏±‡∏°,‡∏ø81,‡∏£‡πâ‡∏≤‡∏ô‡πÅ‡∏ô‡∏∞‡∏ô‡∏≥,172.0,4.8358,‡∏à‡∏±‡∏á‡∏´‡∏ß‡∏±‡∏î‡∏Å‡∏≤‡∏¨‡∏™‡∏¥‡∏ô‡∏ò‡∏∏‡πå,https://cf.shopee.co.th/file/befda451554866c71216db3e7685e86e_tn,https://shopee.co.th//‡∏´‡∏≠‡∏°‡πÄ‡∏à‡∏µ‡∏¢‡∏ß-‡∏™‡∏π‡∏ï‡∏£‡πÑ‡∏Å‡πà‡∏ó‡∏≠‡∏î‡∏´‡∏≤‡∏î‡πÉ‡∏´‡∏ç‡πà-‡∏´‡∏≠‡∏°-‡∏Å‡∏£‡∏≠‡∏ö-‡∏≠‡∏£‡πà‡∏≠‡∏¢-‡πÉ‡∏™‡πà‡πÑ‡∏Å‡πà‡∏ó‡∏≠‡∏î-‡∏´‡∏°‡∏π‡∏ó‡∏≠‡∏î-‡∏Å‡πã‡∏ß‡∏¢‡∏à‡∏±‡πä‡∏ö-‡∏Ç‡∏ô‡∏≤‡∏î-((500))‡∏Å‡∏£‡∏±‡∏°-i.40909909.7844884137
93,‡πÑ‡∏Å‡πà‡∏°‡∏á‡∏Ñ‡∏• ‡πÑ‡∏Å‡πà‡πÄ‡∏á‡∏¥‡∏ô‡πÑ‡∏Å‡πà‡∏ó‡∏≠‡∏á ‡∏ô‡∏≥‡πÑ‡∏õ‡∏ñ‡∏ß‡∏≤‡∏¢‡πÑ‡∏≠‡πâ‡πÑ‡∏Ç‡πà ‡∏´‡∏£‡∏∑‡∏≠ ‡∏ï‡∏±‡πâ‡∏á‡πÄ‡∏õ‡πá‡∏ô‡∏™‡∏¥‡∏£‡∏¥‡∏°‡∏á‡∏Ñ‡∏• (‡∏Ç‡∏≤‡∏¢‡πÄ‡∏õ‡πá‡∏ô‡∏Ñ‡∏π‡πà),‡∏ø29,general,407.0,4.72,‡∏à‡∏±‡∏á‡∏´‡∏ß‡∏±‡∏î‡∏Å‡∏£‡∏∏‡∏á‡πÄ‡∏ó‡∏û‡∏°‡∏´‡∏≤‡∏ô‡∏Ñ‡∏£,https://cf.shopee.co.th/file/7b4f6e742f7873f9f6dd581893de20cf_tn,https://shopee.co.th//‡πÑ‡∏Å‡πà‡∏°‡∏á‡∏Ñ‡∏•-‡πÑ‡∏Å‡πà‡πÄ‡∏á‡∏¥‡∏ô‡πÑ‡∏Å‡πà‡∏ó‡∏≠‡∏á-‡∏ô‡∏≥‡πÑ‡∏õ‡∏ñ‡∏ß‡∏≤‡∏¢‡πÑ‡∏≠‡πâ‡πÑ‡∏Ç‡πà-‡∏´‡∏£‡∏∑‡∏≠-‡∏ï‡∏±‡πâ‡∏á‡πÄ‡∏õ‡πá‡∏ô‡∏™‡∏¥‡∏£‡∏¥‡∏°‡∏á‡∏Ñ‡∏•-(‡∏Ç‡∏≤‡∏¢‡πÄ‡∏õ‡πá‡∏ô‡∏Ñ‡∏π‡πà)-i.269854167.4255604316
94,(‡∏°‡∏µ‡∏ï‡∏±‡∏ß‡πÄ‡∏•‡∏∑‡∏≠‡∏Å‡∏Ç‡∏ô‡∏≤‡∏î) ‡∏≠‡∏ß‡∏ô‡∏•‡πâ‡∏≠‡∏°‡πÑ‡∏Å‡πà ‡∏¢‡∏≤‡∏ß‡∏õ‡∏£‡∏∞‡∏°‡∏≤‡∏ì 15.00‡πÄ‡∏°‡∏ï‡∏£ ‡∏ï‡∏£‡∏≤ 2.5 ‡∏ô‡∏¥‡πâ‡∏ß 380D/12,‡∏ø100 - ‡∏ø140,general,726.0,4.7067,‡∏à‡∏±‡∏á‡∏´‡∏ß‡∏±‡∏î‡πÄ‡∏û‡∏ä‡∏£‡∏ö‡∏π‡∏£‡∏ì‡πå,https://cf.shopee.co.th/file/892e55d40445f6787bec6bf3f9b53e49_tn,https://shopee.co.th//(‡∏°‡∏µ‡∏ï‡∏±‡∏ß‡πÄ‡∏•‡∏∑‡∏≠‡∏Å‡∏Ç‡∏ô‡∏≤‡∏î)-‡∏≠‡∏ß‡∏ô‡∏•‡πâ‡∏≠‡∏°‡πÑ‡∏Å‡πà-‡∏¢‡∏≤‡∏ß‡∏õ‡∏£‡∏∞‡∏°‡∏≤‡∏ì-15.00‡πÄ‡∏°‡∏ï‡∏£-‡∏ï‡∏£‡∏≤-2.5-‡∏ô‡∏¥‡πâ‡∏ß-380D-12-i.63385720.4873337100
95,üê•‡∏ô‡πâ‡∏≥‡∏´‡∏°‡∏±‡∏Å‡∏ä‡∏µ‡∏ß‡∏†‡∏≤‡∏û‡∏°‡∏π‡∏•‡πÑ‡∏Å‡πà ‡∏´‡∏°‡∏±‡∏Å‡∏Ç‡πâ‡∏≤‡∏°‡∏õ‡∏µ ‡∏ô‡πâ‡∏≥‡∏´‡∏°‡∏±‡∏Å‡∏Ç‡∏µ‡πâ‡πÑ‡∏Å‡πà ‡πÑ‡∏£‡πâ‡∏Å‡∏•‡∏¥‡πà‡∏ô ‡πÄ‡∏Ç‡πâ‡∏°‡∏Ç‡πâ‡∏ô üëç,‡∏ø149,general,21.0,4.875,‡∏à‡∏±‡∏á‡∏´‡∏ß‡∏±‡∏î‡∏ô‡∏ô‡∏ó‡∏ö‡∏∏‡∏£‡∏µ,https://cf.shopee.co.th/file/61fd39cdf5820e044a43b288efd9a8eb_tn,https://shopee.co.th//üê•‡∏ô‡πâ‡∏≥‡∏´‡∏°‡∏±‡∏Å‡∏ä‡∏µ‡∏ß‡∏†‡∏≤‡∏û‡∏°‡∏π‡∏•‡πÑ‡∏Å‡πà-‡∏´‡∏°‡∏±‡∏Å‡∏Ç‡πâ‡∏≤‡∏°‡∏õ‡∏µ-‡∏ô‡πâ‡∏≥‡∏´‡∏°‡∏±‡∏Å‡∏Ç‡∏µ‡πâ‡πÑ‡∏Å‡πà-‡πÑ‡∏£‡πâ‡∏Å‡∏•‡∏¥‡πà‡∏ô-‡πÄ‡∏Ç‡πâ‡∏°‡∏Ç‡πâ‡∏ô-üëç-i.13842061.7681368430
96,‡πÑ‡∏™‡πâ‡∏Å‡∏£‡∏≠‡∏Å‡πÑ‡∏Å‡πà ‡∏ó‡∏≠‡∏î‡∏á‡πà‡∏≤‡∏¢ ‡πÅ‡∏™‡∏ô‡∏≠‡∏£‡πà‡∏≠‡∏¢ 1000 ‡∏Å‡∏£‡∏±‡∏°,‡∏ø75,general,285.0,4.7913,‡∏à‡∏±‡∏á‡∏´‡∏ß‡∏±‡∏î‡∏ô‡∏Ñ‡∏£‡∏£‡∏≤‡∏ä‡∏™‡∏µ‡∏°‡∏≤,https://cf.shopee.co.th/file/ff4354abb7401d35e2eeedbc3c9985de_tn,https://shopee.co.th//‡πÑ‡∏™‡πâ‡∏Å‡∏£‡∏≠‡∏Å‡πÑ‡∏Å‡πà-‡∏ó‡∏≠‡∏î‡∏á‡πà‡∏≤‡∏¢-‡πÅ‡∏™‡∏ô‡∏≠‡∏£‡πà‡∏≠‡∏¢-1000-‡∏Å‡∏£‡∏±‡∏°-i.55593340.4933893985
97,Black Canyon ‡∏õ‡∏µ‡∏Å‡πÑ‡∏Å‡πà‡∏ö‡∏≤‡∏£‡πå‡∏ö‡∏µ‡∏Ñ‡∏¥‡∏ß+‡πÇ‡∏Ñ‡πâ‡∏Å [ShopeePay] ‡∏™‡πà‡∏ß‡∏ô‡∏•‡∏î ‡∏ø54,‡∏ø1,shopee mall,125.0,0.0,‡∏à‡∏±‡∏á‡∏´‡∏ß‡∏±‡∏î‡∏Å‡∏£‡∏∏‡∏á‡πÄ‡∏ó‡∏û‡∏°‡∏´‡∏≤‡∏ô‡∏Ñ‡∏£,https://cf.shopee.co.th/file/0d6950e72e6690739627e186a3f76cdd_tn,https://shopee.co.th//Black-Canyon-‡∏õ‡∏µ‡∏Å‡πÑ‡∏Å‡πà‡∏ö‡∏≤‡∏£‡πå‡∏ö‡∏µ‡∏Ñ‡∏¥‡∏ß-‡πÇ‡∏Ñ‡πâ‡∏Å-ShopeePay-‡∏™‡πà‡∏ß‡∏ô‡∏•‡∏î-‡∏ø54-i.175825579.11000721272
98,‚ùó‡∏Å‡∏ó‡∏°.+‡∏õ‡∏£‡∏¥‡∏°‡∏ì‡∏ë‡∏•‡∏™‡πà‡∏á‡πÄ‡∏ä‡πâ‡∏≤‡πÄ‡∏¢‡πá‡∏ô‡∏ñ‡∏∂‡∏á‚ùóGF Foods ‡πÑ‡∏™‡πâ‡∏Å‡∏£‡∏≠‡∏Å‡∏ä‡∏¥‡∏Å‡πÄ‡∏Å‡πâ‡∏ô‡πÅ‡∏ü‡∏£‡∏á‡∏Ñ‡πå‡∏´‡∏ô‡∏±‡∏á‡∏Å‡∏£‡∏≠‡∏ö(‡πÑ‡∏Å‡πà‡∏≠‡∏£‡πà‡∏≠‡∏¢) 500 ‡∏Å‡∏£‡∏±‡∏°,‡∏ø68,‡∏£‡πâ‡∏≤‡∏ô‡πÅ‡∏ô‡∏∞‡∏ô‡∏≥,150.0,4.8955,‡∏à‡∏±‡∏á‡∏´‡∏ß‡∏±‡∏î‡∏Å‡∏£‡∏∏‡∏á‡πÄ‡∏ó‡∏û‡∏°‡∏´‡∏≤‡∏ô‡∏Ñ‡∏£,https://cf.shopee.co.th/file/b23c90fb82154d7c0b8b7b57fd052d54_tn,https://shopee.co.th//‚ùó‡∏Å‡∏ó‡∏°.-‡∏õ‡∏£‡∏¥‡∏°‡∏ì‡∏ë‡∏•‡∏™‡πà‡∏á‡πÄ‡∏ä‡πâ‡∏≤‡πÄ‡∏¢‡πá‡∏ô‡∏ñ‡∏∂‡∏á‚ùóGF-Foods-‡πÑ‡∏™‡πâ‡∏Å‡∏£‡∏≠‡∏Å‡∏ä‡∏¥‡∏Å‡πÄ‡∏Å‡πâ‡∏ô‡πÅ‡∏ü‡∏£‡∏á‡∏Ñ‡πå‡∏´‡∏ô‡∏±‡∏á‡∏Å‡∏£‡∏≠‡∏ö(‡πÑ‡∏Å‡πà‡∏≠‡∏£‡πà‡∏≠‡∏¢)-500-‡∏Å‡∏£‡∏±‡∏°-i.38444368.5529273122
99,** ‡∏™‡∏¥‡∏ô‡∏Ñ‡πâ‡∏≤‡∏û‡∏£‡πâ‡∏≠‡∏°‡∏™‡πà‡∏á ‡∏Ç‡∏≤‡πÑ‡∏Å‡πà ‡∏™‡∏±‡∏°‡∏°‡∏≤‡∏Å‡∏£ ‡∏ï‡πâ‡∏ô‡∏ï‡∏≥‡∏´‡∏£‡∏±‡∏ö‡∏Ñ‡∏ß‡∏≤‡∏°‡∏≠‡∏£‡πà‡∏≠‡∏¢ ‡∏Ç‡∏ô‡∏≤‡∏î‡πÉ‡∏´‡∏ç‡πà,‡∏ø159,‡∏£‡πâ‡∏≤‡∏ô‡πÅ‡∏ô‡∏∞‡∏ô‡∏≥,223.0,4.9551,‡∏à‡∏±‡∏á‡∏´‡∏ß‡∏±‡∏î‡∏Å‡∏£‡∏∏‡∏á‡πÄ‡∏ó‡∏û‡∏°‡∏´‡∏≤‡∏ô‡∏Ñ‡∏£,https://cf.shopee.co.th/file/906de2d388d29123d9a2a2899e368acb_tn,https://shopee.co.th//**-‡∏™‡∏¥‡∏ô‡∏Ñ‡πâ‡∏≤‡∏û‡∏£‡πâ‡∏≠‡∏°‡∏™‡πà‡∏á-‡∏Ç‡∏≤‡πÑ‡∏Å‡πà-‡∏™‡∏±‡∏°‡∏°‡∏≤‡∏Å‡∏£-‡∏ï‡πâ‡∏ô‡∏ï‡∏≥‡∏´‡∏£‡∏±‡∏ö‡∏Ñ‡∏ß‡∏≤‡∏°‡∏≠‡∏£‡πà‡∏≠‡∏¢-‡∏Ç‡∏ô‡∏≤‡∏î‡πÉ‡∏´‡∏ç‡πà-i.29529777.7635802716
100,‡πÑ‡∏Å‡πà‡πÄ‡∏ä‡∏µ‡∏¢‡∏á‡∏£‡∏≠‡∏ö‡∏µ‡∏≠‡πä‡∏∞‡∏´‡πå ‡πÅ‡∏ö‡∏ö‡∏ã‡∏µ‡∏ô ‡∏ô‡πâ‡∏≥‡∏´‡∏ô‡∏±‡∏Å 500 ‡∏Å‡∏£‡∏±‡∏°,‡∏ø107,general,21.0,4.6667,‡∏à‡∏±‡∏á‡∏´‡∏ß‡∏±‡∏î‡∏Å‡∏£‡∏∏‡∏á‡πÄ‡∏ó‡∏û‡∏°‡∏´‡∏≤‡∏ô‡∏Ñ‡∏£,https://cf.shopee.co.th/file/b3dbe8a88fbdf9f6ed8a2c29e5d857ab_tn,https://shopee.co.th//‡πÑ‡∏Å‡πà‡πÄ‡∏ä‡∏µ‡∏¢‡∏á‡∏£‡∏≠‡∏ö‡∏µ‡∏≠‡πä‡∏∞‡∏´‡πå-‡πÅ‡∏ö‡∏ö‡∏ã‡∏µ‡∏ô-‡∏ô‡πâ‡∏≥‡∏´‡∏ô‡∏±‡∏Å-500-‡∏Å‡∏£‡∏±‡∏°-i.63324784.6174563544
