num,name,price,type,sold,from,img_src,url
1,üî•3 ‡∏ñ‡∏∏‡∏á‡∏™‡πà‡∏á‡∏î‡πà‡∏ß‡∏ô‡∏ü‡∏£‡∏µ‚ÄºÔ∏èüî• ‡∏≠‡∏Å‡πÑ‡∏Å‡πà‡πÄ‡∏ã‡πÄ‡∏ß‡πà‡∏ô 1 ‡∏Å‡∏¥‡πÇ‡∏• ‡∏≠‡∏Å‡πÑ‡∏Å‡πà‡∏ô‡∏∏‡πà‡∏° ‡∏≠‡∏Å‡πÑ‡∏Å‡πà‡∏™‡∏£‡πâ‡∏≤‡∏á‡∏Å‡∏•‡πâ‡∏≤‡∏°‡πÄ‡∏ô‡∏∑‡πâ‡∏≠ ‡∏£‡∏≤‡∏Ñ‡∏≤‡∏ñ‡∏π‡∏Å ‡∏≠‡∏∏‡πà‡∏ô‡∏£‡πâ‡∏≠‡∏ô‡∏û‡∏£‡πâ‡∏≠‡∏°‡∏ó‡∏≤‡∏ô ‡πÑ‡∏°‡πà‡πÉ‡∏™‡πà‡∏ß‡∏±‡∏ï‡∏ñ‡∏∏‡∏Å‡∏±‡∏ô‡πÄ‡∏™‡∏µ‡∏¢üëçüëç,‡∏ø120 - ‡∏ø140,‡∏£‡πâ‡∏≤‡∏ô‡πÅ‡∏ô‡∏∞‡∏ô‡∏≥,‡∏Ç‡∏≤‡∏¢‡πÅ‡∏•‡πâ‡∏ß 1.4‡∏û‡∏±‡∏ô ‡∏ä‡∏¥‡πâ‡∏ô,‡∏à‡∏±‡∏á‡∏´‡∏ß‡∏±‡∏î‡∏Å‡∏£‡∏∏‡∏á‡πÄ‡∏ó‡∏û‡∏°‡∏´‡∏≤‡∏ô‡∏Ñ‡∏£,https://cf.shopee.co.th/file/36554269dfcd4297abd1d52538c50261_tn,https://shopee.co.th//üî•3-‡∏ñ‡∏∏‡∏á‡∏™‡πà‡∏á‡∏î‡πà‡∏ß‡∏ô‡∏ü‡∏£‡∏µ‚ÄºÔ∏èüî•-‡∏≠‡∏Å‡πÑ‡∏Å‡πà‡πÄ‡∏ã‡πÄ‡∏ß‡πà‡∏ô-1-‡∏Å‡∏¥‡πÇ‡∏•-‡∏≠‡∏Å‡πÑ‡∏Å‡πà‡∏ô‡∏∏‡πà‡∏°-‡∏≠‡∏Å‡πÑ‡∏Å‡πà‡∏™‡∏£‡πâ‡∏≤‡∏á‡∏Å‡∏•‡πâ‡∏≤‡∏°‡πÄ‡∏ô‡∏∑‡πâ‡∏≠-‡∏£‡∏≤‡∏Ñ‡∏≤‡∏ñ‡∏π‡∏Å-‡∏≠‡∏∏‡πà‡∏ô‡∏£‡πâ‡∏≠‡∏ô‡∏û‡∏£‡πâ‡∏≠‡∏°‡∏ó‡∏≤‡∏ô-‡πÑ‡∏°‡πà‡πÉ‡∏™‡πà‡∏ß‡∏±‡∏ï‡∏ñ‡∏∏‡∏Å‡∏±‡∏ô‡πÄ‡∏™‡∏µ‡∏¢üëçüëç-i.11961350.8603563523
2,Tyson ‡∏≠‡∏Å‡πÑ‡∏Å‡πà‡∏ô‡∏∂‡πà‡∏á‡∏™‡πÑ‡∏•‡∏î‡πå Steamed chicken sliced 500 g,‡∏ø104,shopee mall,‡∏Ç‡∏≤‡∏¢‡πÅ‡∏•‡πâ‡∏ß 89 ‡∏ä‡∏¥‡πâ‡∏ô,‡∏à‡∏±‡∏á‡∏´‡∏ß‡∏±‡∏î‡∏™‡∏°‡∏∏‡∏ó‡∏£‡∏õ‡∏£‡∏≤‡∏Å‡∏≤‡∏£,https://cf.shopee.co.th/file/111c6021b5822a7ec617d6e313ee43f4_tn,https://shopee.co.th//Tyson-‡∏≠‡∏Å‡πÑ‡∏Å‡πà‡∏ô‡∏∂‡πà‡∏á‡∏™‡πÑ‡∏•‡∏î‡πå-Steamed-chicken-sliced-500-g-i.242496057.6433607056
3,‡πÅ‡∏´‡∏ô‡∏°‡πÄ‡∏ô‡∏∑‡∏≠‡∏á‡∏ß‡∏µ‡∏ó‡∏µ10‡πÑ‡∏°‡πâüî•‡∏Ç‡∏≠‡∏á‡πÉ‡∏´‡∏°‡πà‡∏ó‡∏∏‡∏Å‡∏ß‡∏±‡∏ô‡∏£‡∏±‡∏ö‡∏õ‡∏£‡∏∞‡∏Å‡∏±‡∏ô!!‡∏£‡∏ñ‡πÄ‡∏¢‡πá‡∏ô‡∏ó‡∏±‡∏Å‡πÅ‡∏ä‡∏óüìå‡∏Å‡∏£‡∏∏‡∏ì‡∏≤‡∏≠‡πà‡∏≤‡∏ô‡∏£‡∏≤‡∏¢‡∏•‡∏∞‡πÄ‡∏≠‡∏µ‡∏¢‡∏î‡πÉ‡∏´‡πâ‡∏Ñ‡∏£‡∏ö‡∏ñ‡πâ‡∏ß‡∏ô‡∏Å‡πà‡∏≠‡∏ô‡∏™‡∏±‡πà‡∏á‡∏ã‡∏∑‡πâ‡∏≠üìå,‡∏ø290,‡∏£‡πâ‡∏≤‡∏ô‡πÅ‡∏ô‡∏∞‡∏ô‡∏≥,‡∏Ç‡∏≤‡∏¢‡πÅ‡∏•‡πâ‡∏ß 1‡∏û‡∏±‡∏ô ‡∏ä‡∏¥‡πâ‡∏ô,‡∏à‡∏±‡∏á‡∏´‡∏ß‡∏±‡∏î‡∏Ç‡∏≠‡∏ô‡πÅ‡∏Å‡πà‡∏ô,https://cf.shopee.co.th/file/60a1e548b6747ca186c49d94348a3888_tn,https://shopee.co.th//‡πÅ‡∏´‡∏ô‡∏°‡πÄ‡∏ô‡∏∑‡∏≠‡∏á‡∏ß‡∏µ‡∏ó‡∏µ10‡πÑ‡∏°‡πâüî•‡∏Ç‡∏≠‡∏á‡πÉ‡∏´‡∏°‡πà‡∏ó‡∏∏‡∏Å‡∏ß‡∏±‡∏ô‡∏£‡∏±‡∏ö‡∏õ‡∏£‡∏∞‡∏Å‡∏±‡∏ô!!‡∏£‡∏ñ‡πÄ‡∏¢‡πá‡∏ô‡∏ó‡∏±‡∏Å‡πÅ‡∏ä‡∏óüìå‡∏Å‡∏£‡∏∏‡∏ì‡∏≤‡∏≠‡πà‡∏≤‡∏ô‡∏£‡∏≤‡∏¢‡∏•‡∏∞‡πÄ‡∏≠‡∏µ‡∏¢‡∏î‡πÉ‡∏´‡πâ‡∏Ñ‡∏£‡∏ö‡∏ñ‡πâ‡∏ß‡∏ô‡∏Å‡πà‡∏≠‡∏ô‡∏™‡∏±‡πà‡∏á‡∏ã‡∏∑‡πâ‡∏≠üìå-i.1743191.6576539525
4,Tyson ‡πÑ‡∏Å‡πà‡∏õ‡πä‡∏≠‡∏õ‡∏Ñ‡∏≠‡∏£‡πå‡∏ô Breaded Chicken Popcorn 500 g,‡∏ø126,shopee mall,‡∏Ç‡∏≤‡∏¢‡πÅ‡∏•‡πâ‡∏ß 118 ‡∏ä‡∏¥‡πâ‡∏ô,‡∏à‡∏±‡∏á‡∏´‡∏ß‡∏±‡∏î‡∏™‡∏°‡∏∏‡∏ó‡∏£‡∏õ‡∏£‡∏≤‡∏Å‡∏≤‡∏£,https://cf.shopee.co.th/file/aeb9b301bca42a5ff9775b37b61f6de1_tn,https://shopee.co.th//Tyson-‡πÑ‡∏Å‡πà‡∏õ‡πä‡∏≠‡∏õ‡∏Ñ‡∏≠‡∏£‡πå‡∏ô-Breaded-Chicken-Popcorn-500-g-i.242496057.6633486954
5,üî•3 ‡∏ñ‡∏∏‡∏á ‡∏™‡πà‡∏á‡∏î‡πà‡∏ß‡∏ô‡∏ü‡∏£‡∏µ‚ÄºÔ∏èüî• ‡πÑ‡∏Å‡πà‡∏õ‡∏£‡∏∏‡∏á‡∏£‡∏™‡πÅ‡∏ä‡πà‡πÅ‡∏Ç‡πá‡∏á ‡∏≠‡∏∏‡πà‡∏ô‡∏£‡πâ‡∏≠‡∏ô‡∏û‡∏£‡πâ‡∏≠‡∏°‡∏ó‡∏≤‡∏ô ‡∏™‡πÄ‡∏ï‡πä‡∏Å ‡∏ä‡∏¥‡∏Å‡πÄ‡∏Å‡πâ‡∏ô‡∏£‡∏¥‡∏ö‡∏™‡πå ‡∏õ‡∏µ‡∏Å‡πÑ‡∏Å‡πà‡∏ô‡∏¥‡∏ß‡∏≠‡∏≠‡∏•‡∏µ‡∏ô  ‡πÑ‡∏Å‡πà‡πÄ‡∏ã‡πÄ‡∏ß‡πà‡∏ô‚ÄºÔ∏è,‡∏ø85 - ‡∏ø190,‡∏£‡πâ‡∏≤‡∏ô‡πÅ‡∏ô‡∏∞‡∏ô‡∏≥,‡∏Ç‡∏≤‡∏¢‡πÅ‡∏•‡πâ‡∏ß 639 ‡∏ä‡∏¥‡πâ‡∏ô,‡∏à‡∏±‡∏á‡∏´‡∏ß‡∏±‡∏î‡∏Å‡∏£‡∏∏‡∏á‡πÄ‡∏ó‡∏û‡∏°‡∏´‡∏≤‡∏ô‡∏Ñ‡∏£,https://cf.shopee.co.th/file/715461bd726eae64825c278c4f44934c_tn,https://shopee.co.th//üî•3-‡∏ñ‡∏∏‡∏á-‡∏™‡πà‡∏á‡∏î‡πà‡∏ß‡∏ô‡∏ü‡∏£‡∏µ‚ÄºÔ∏èüî•-‡πÑ‡∏Å‡πà‡∏õ‡∏£‡∏∏‡∏á‡∏£‡∏™‡πÅ‡∏ä‡πà‡πÅ‡∏Ç‡πá‡∏á-‡∏≠‡∏∏‡πà‡∏ô‡∏£‡πâ‡∏≠‡∏ô‡∏û‡∏£‡πâ‡∏≠‡∏°‡∏ó‡∏≤‡∏ô-‡∏™‡πÄ‡∏ï‡πä‡∏Å-‡∏ä‡∏¥‡∏Å‡πÄ‡∏Å‡πâ‡∏ô‡∏£‡∏¥‡∏ö‡∏™‡πå-‡∏õ‡∏µ‡∏Å‡πÑ‡∏Å‡πà‡∏ô‡∏¥‡∏ß‡∏≠‡∏≠‡∏•‡∏µ‡∏ô-‡πÑ‡∏Å‡πà‡πÄ‡∏ã‡πÄ‡∏ß‡πà‡∏ô‚ÄºÔ∏è-i.11961350.9103556599
6,‚ÄºÔ∏è4‡πÅ‡∏û‡∏Ñ100‡∏ø‚ÄºÔ∏è ‡πÑ‡∏™‡πâ‡∏Å‡∏£‡∏≠‡∏Å‡πÑ‡∏Å‡πà ‡∏°‡∏µ‡∏Æ‡∏≤‡∏•‡∏≤‡∏ôüêî ‡πÑ‡∏™‡πâ‡∏Å‡∏£‡∏≠‡∏Å‡∏≠‡∏¢‡πà‡∏≤‡∏á‡∏î‡∏µ,‡∏ø25,general,‡∏Ç‡∏≤‡∏¢‡πÅ‡∏•‡πâ‡∏ß 1.5‡∏û‡∏±‡∏ô ‡∏ä‡∏¥‡πâ‡∏ô,‡∏à‡∏±‡∏á‡∏´‡∏ß‡∏±‡∏î‡∏ô‡∏ô‡∏ó‡∏ö‡∏∏‡∏£‡∏µ,https://cf.shopee.co.th/file/d1f97bce4c4e9f715f83a6df353b48d3_tn,https://shopee.co.th//‚ÄºÔ∏è4‡πÅ‡∏û‡∏Ñ100‡∏ø‚ÄºÔ∏è-‡πÑ‡∏™‡πâ‡∏Å‡∏£‡∏≠‡∏Å‡πÑ‡∏Å‡πà-‡∏°‡∏µ‡∏Æ‡∏≤‡∏•‡∏≤‡∏ôüêî-‡πÑ‡∏™‡πâ‡∏Å‡∏£‡∏≠‡∏Å‡∏≠‡∏¢‡πà‡∏≤‡∏á‡∏î‡∏µ-i.39731714.9518561998
7,‡∏Ñ‡∏µ‡πÇ‡∏ï‡∏£‡∏≠‡∏î‡πÅ‡∏•‡πâ‡∏ß ‡∏Ç‡∏≤‡∏¢‡∏î‡∏µ! ‡∏ú‡∏á‡∏õ‡∏£‡∏∏‡∏á‡∏Ñ‡∏µ‡πÇ‡∏ï‡∏£‡∏™‡πÑ‡∏Å‡πà ‡πÉ‡∏™‡πà‡∏ô‡∏¥‡∏î‡∏´‡∏ô‡πà‡∏≠‡∏¢‡∏≠‡∏£‡πà‡∏≠‡∏¢‡πÑ‡∏õ‡∏´‡∏°‡∏î ‡∏Å‡∏£‡∏∞‡∏õ‡∏∏‡∏Å65‡∏Å‡∏£‡∏±‡∏° ‡πÑ‡∏°‡πà‡πÅ‡∏õ‡πâ‡∏á ‡πÑ‡∏°‡πà‡∏ô‡πâ‡∏≥‡∏ï‡∏≤‡∏• ‡πÑ‡∏°‡πà‡∏ú‡∏á‡∏ä‡∏π‡∏£‡∏™ ‡πÉ‡∏ä‡πâ‡∏õ‡∏£‡∏∏‡∏á‡∏≠‡∏≤‡∏´‡∏≤‡∏£‡∏Ñ‡∏µ‡πÇ‡∏ï,‡∏ø75,‡∏£‡πâ‡∏≤‡∏ô‡πÅ‡∏ô‡∏∞‡∏ô‡∏≥,‡∏Ç‡∏≤‡∏¢‡πÅ‡∏•‡πâ‡∏ß 555 ‡∏ä‡∏¥‡πâ‡∏ô,‡∏à‡∏±‡∏á‡∏´‡∏ß‡∏±‡∏î‡∏Å‡∏£‡∏∏‡∏á‡πÄ‡∏ó‡∏û‡∏°‡∏´‡∏≤‡∏ô‡∏Ñ‡∏£,https://cf.shopee.co.th/file/e4f692cc8ca1b5f0413beaf7df91e93d_tn,https://shopee.co.th//‡∏Ñ‡∏µ‡πÇ‡∏ï‡∏£‡∏≠‡∏î‡πÅ‡∏•‡πâ‡∏ß-‡∏Ç‡∏≤‡∏¢‡∏î‡∏µ!-‡∏ú‡∏á‡∏õ‡∏£‡∏∏‡∏á‡∏Ñ‡∏µ‡πÇ‡∏ï‡∏£‡∏™‡πÑ‡∏Å‡πà-‡πÉ‡∏™‡πà‡∏ô‡∏¥‡∏î‡∏´‡∏ô‡πà‡∏≠‡∏¢‡∏≠‡∏£‡πà‡∏≠‡∏¢‡πÑ‡∏õ‡∏´‡∏°‡∏î-‡∏Å‡∏£‡∏∞‡∏õ‡∏∏‡∏Å65‡∏Å‡∏£‡∏±‡∏°-‡πÑ‡∏°‡πà‡πÅ‡∏õ‡πâ‡∏á-‡πÑ‡∏°‡πà‡∏ô‡πâ‡∏≥‡∏ï‡∏≤‡∏•-‡πÑ‡∏°‡πà‡∏ú‡∏á‡∏ä‡∏π‡∏£‡∏™-‡πÉ‡∏ä‡πâ‡∏õ‡∏£‡∏∏‡∏á‡∏≠‡∏≤‡∏´‡∏≤‡∏£‡∏Ñ‡∏µ‡πÇ‡∏ï-i.86079309.7058803529
8,‚ùó‡∏Å‡∏ó‡∏°.+‡∏õ‡∏£‡∏¥‡∏°‡∏ì‡∏ë‡∏•‡∏™‡πà‡∏á‡πÄ‡∏ä‡πâ‡∏≤‡πÄ‡∏¢‡πá‡∏ô‡∏ñ‡∏∂‡∏á‚ùó‡πÑ‡∏Å‡πà‡∏Å‡∏£‡∏≠‡∏ö ‡πÑ‡∏Å‡πà‡∏õ‡πá‡∏≠‡∏õ ‡∏ã‡∏π‡πÄ‡∏õ‡∏≠‡∏£‡πå‡πÄ‡∏ä‡∏ü SUPER CHEF 1 ‡∏Å‡∏Å,‡∏ø150,‡∏£‡πâ‡∏≤‡∏ô‡πÅ‡∏ô‡∏∞‡∏ô‡∏≥,‡∏Ç‡∏≤‡∏¢‡πÅ‡∏•‡πâ‡∏ß 114 ‡∏ä‡∏¥‡πâ‡∏ô,‡∏à‡∏±‡∏á‡∏´‡∏ß‡∏±‡∏î‡∏Å‡∏£‡∏∏‡∏á‡πÄ‡∏ó‡∏û‡∏°‡∏´‡∏≤‡∏ô‡∏Ñ‡∏£,https://cf.shopee.co.th/file/d1616d96ce10de79aa1b31653648fb0a_tn,https://shopee.co.th//‚ùó‡∏Å‡∏ó‡∏°.-‡∏õ‡∏£‡∏¥‡∏°‡∏ì‡∏ë‡∏•‡∏™‡πà‡∏á‡πÄ‡∏ä‡πâ‡∏≤‡πÄ‡∏¢‡πá‡∏ô‡∏ñ‡∏∂‡∏á‚ùó‡πÑ‡∏Å‡πà‡∏Å‡∏£‡∏≠‡∏ö-‡πÑ‡∏Å‡πà‡∏õ‡πá‡∏≠‡∏õ-‡∏ã‡∏π‡πÄ‡∏õ‡∏≠‡∏£‡πå‡πÄ‡∏ä‡∏ü-SUPER-CHEF-1-‡∏Å‡∏Å-i.38444368.6529557840
9,‡πÇ‡∏£‡∏ã‡πà‡∏≤‡∏û‡∏£‡πâ‡∏≠‡∏°‡πÄ‡∏°‡∏ô‡∏π‡πÑ‡∏Å‡πà‡∏ú‡∏±‡∏î‡∏Å‡∏∞‡πÄ‡∏û‡∏£‡∏≤ ‡∏Ç‡∏ô‡∏≤‡∏î 85 ‡∏Å‡∏£‡∏±‡∏°,‡∏ø29,shopee mall,‡∏Ç‡∏≤‡∏¢‡πÅ‡∏•‡πâ‡∏ß 1.5‡∏û‡∏±‡∏ô ‡∏ä‡∏¥‡πâ‡∏ô,‡∏à‡∏±‡∏á‡∏´‡∏ß‡∏±‡∏î‡∏™‡∏°‡∏∏‡∏ó‡∏£‡∏õ‡∏£‡∏≤‡∏Å‡∏≤‡∏£,https://cf.shopee.co.th/file/94b27eb59940d4eccbf10b643c6ffb10_tn,https://shopee.co.th//‡πÇ‡∏£‡∏ã‡πà‡∏≤‡∏û‡∏£‡πâ‡∏≠‡∏°‡πÄ‡∏°‡∏ô‡∏π‡πÑ‡∏Å‡πà‡∏ú‡∏±‡∏î‡∏Å‡∏∞‡πÄ‡∏û‡∏£‡∏≤-‡∏Ç‡∏ô‡∏≤‡∏î-85-‡∏Å‡∏£‡∏±‡∏°-i.68742851.1338249876
10,‡πÇ‡∏£‡∏ã‡πà‡∏≤‡∏û‡∏£‡πâ‡∏≠‡∏° ‡πÄ‡∏≠‡πá‡∏Å‡∏ã‡πå‡∏ï‡∏£‡πâ‡∏≤ ‡πÄ‡∏°‡∏ô‡∏π‡∏™‡πÄ‡∏ï‡πá‡∏Å‡πÑ‡∏Å‡πà‡∏ô‡πâ‡∏≥‡πÅ‡∏î‡∏á ‡∏Ç‡∏ô‡∏≤‡∏î 180 ‡∏Å‡∏£‡∏±‡∏°,‡∏ø59,shopee mall,‡∏Ç‡∏≤‡∏¢‡πÅ‡∏•‡πâ‡∏ß 2.6‡∏û‡∏±‡∏ô ‡∏ä‡∏¥‡πâ‡∏ô,‡∏à‡∏±‡∏á‡∏´‡∏ß‡∏±‡∏î‡∏™‡∏°‡∏∏‡∏ó‡∏£‡∏õ‡∏£‡∏≤‡∏Å‡∏≤‡∏£,https://cf.shopee.co.th/file/76492d0bd60ece36a920d6bc61859794_tn,https://shopee.co.th//‡πÇ‡∏£‡∏ã‡πà‡∏≤‡∏û‡∏£‡πâ‡∏≠‡∏°-‡πÄ‡∏≠‡πá‡∏Å‡∏ã‡πå‡∏ï‡∏£‡πâ‡∏≤-‡πÄ‡∏°‡∏ô‡∏π‡∏™‡πÄ‡∏ï‡πá‡∏Å‡πÑ‡∏Å‡πà‡∏ô‡πâ‡∏≥‡πÅ‡∏î‡∏á-‡∏Ç‡∏ô‡∏≤‡∏î-180-‡∏Å‡∏£‡∏±‡∏°-i.68742851.6432060753
11,Tyson ‡πÑ‡∏Å‡πà‡∏õ‡πä‡∏≠‡∏õ‡∏Ñ‡∏≠‡∏£‡πå‡∏ô ‡∏£‡∏™‡∏Æ‡∏≠‡∏ï‡πÅ‡∏≠‡∏ô‡∏î‡πå‡∏™‡πÑ‡∏õ‡∏ã‡∏µ‡πà Hot&Spicy chicken popcorn 500 g,‡∏ø134,shopee mall,‡∏Ç‡∏≤‡∏¢‡πÅ‡∏•‡πâ‡∏ß 553 ‡∏ä‡∏¥‡πâ‡∏ô,‡∏à‡∏±‡∏á‡∏´‡∏ß‡∏±‡∏î‡∏™‡∏°‡∏∏‡∏ó‡∏£‡∏õ‡∏£‡∏≤‡∏Å‡∏≤‡∏£,https://cf.shopee.co.th/file/9fa317ae334db2501f1656af1b5ac9bd_tn,https://shopee.co.th//Tyson-‡πÑ‡∏Å‡πà‡∏õ‡πä‡∏≠‡∏õ‡∏Ñ‡∏≠‡∏£‡πå‡∏ô-‡∏£‡∏™‡∏Æ‡∏≠‡∏ï‡πÅ‡∏≠‡∏ô‡∏î‡πå‡∏™‡πÑ‡∏õ‡∏ã‡∏µ‡πà-Hot-Spicy-chicken-popcorn-500-g-i.242496057.7633603847
12,‡πÑ‡∏Å‡πà‡∏ö‡∏¥‡πä‡∏Å‡∏õ‡πä‡∏≠‡∏ö ‡∏£‡∏™ Hot & Spicy ‡∏Ç‡∏ô‡∏≤‡∏î 1 ‡∏Å‡∏Å. (60-65 ‡∏ä‡∏¥‡πâ‡∏ô),‡∏ø150 - ‡∏ø165,‡∏£‡πâ‡∏≤‡∏ô‡πÅ‡∏ô‡∏∞‡∏ô‡∏≥,‡∏Ç‡∏≤‡∏¢‡πÅ‡∏•‡πâ‡∏ß 100 ‡∏ä‡∏¥‡πâ‡∏ô,‡∏à‡∏±‡∏á‡∏´‡∏ß‡∏±‡∏î‡∏ô‡∏ô‡∏ó‡∏ö‡∏∏‡∏£‡∏µ,https://cf.shopee.co.th/file/3a9df0061a6081edfe1a690a374f2020_tn,https://shopee.co.th//‡πÑ‡∏Å‡πà‡∏ö‡∏¥‡πä‡∏Å‡∏õ‡πä‡∏≠‡∏ö-‡∏£‡∏™-Hot-Spicy-‡∏Ç‡∏ô‡∏≤‡∏î-1-‡∏Å‡∏Å.-(60-65-‡∏ä‡∏¥‡πâ‡∏ô)-i.35173471.3942966772
13,üêî ‡πÑ‡∏Å‡πà‡∏•‡∏∑‡∏°‡∏ú‡∏±‡∏ß ‡πÑ‡∏Å‡∏™‡∏ß‡∏£‡∏£‡∏Ñ‡πå ‡∏´‡∏≠‡∏° ‡∏ô‡∏∏‡πà‡∏° ‡∏≠‡∏£‡πà‡∏≠‡∏¢ ‡πÑ‡∏î‡πâ‡∏Å‡∏¥‡∏ô‡∏Ñ‡∏≥‡πÄ‡∏î‡∏µ‡∏¢‡∏ß‡∏•‡∏∑‡∏°‡∏ú‡∏±‡∏ß‡∏ó‡∏µ‡πà‡∏°‡∏µ‡πÑ‡∏õ‡πÄ‡∏•‡∏¢ by ‡∏´‡∏°‡∏π‡∏≠‡∏¥‡∏ô‡πÄ‡∏ï‡∏≠‡∏£‡πå,‡∏ø29 - ‡∏ø69,general,‡∏Ç‡∏≤‡∏¢‡πÅ‡∏•‡πâ‡∏ß 23 ‡∏ä‡∏¥‡πâ‡∏ô,‡∏à‡∏±‡∏á‡∏´‡∏ß‡∏±‡∏î‡∏•‡∏≥‡∏û‡∏π‡∏ô,https://cf.shopee.co.th/file/5feb14cfb94449183177a730ab80ac1b_tn,https://shopee.co.th//üêî-‡πÑ‡∏Å‡πà‡∏•‡∏∑‡∏°‡∏ú‡∏±‡∏ß-‡πÑ‡∏Å‡∏™‡∏ß‡∏£‡∏£‡∏Ñ‡πå-‡∏´‡∏≠‡∏°-‡∏ô‡∏∏‡πà‡∏°-‡∏≠‡∏£‡πà‡∏≠‡∏¢-‡πÑ‡∏î‡πâ‡∏Å‡∏¥‡∏ô‡∏Ñ‡∏≥‡πÄ‡∏î‡∏µ‡∏¢‡∏ß‡∏•‡∏∑‡∏°‡∏ú‡∏±‡∏ß‡∏ó‡∏µ‡πà‡∏°‡∏µ‡πÑ‡∏õ‡πÄ‡∏•‡∏¢-by-‡∏´‡∏°‡∏π‡∏≠‡∏¥‡∏ô‡πÄ‡∏ï‡∏≠‡∏£‡πå-i.403466334.9532159668
14,‡∏ô‡∏¥‡∏ß‡∏≠‡∏≠‡∏£‡πå‡∏•‡∏µ‡∏ô‡∏™‡πåüçó‡∏ú‡∏á‡∏´‡∏°‡∏±‡∏Å‡πÑ‡∏Å‡πà 4‡∏™‡∏π‡∏ï‡∏£ üçó‡∏ô‡∏¥‡∏ß‡∏≠‡∏≠‡∏£‡πå‡∏•‡∏µ‡∏ô‡∏™‡πå ‡∏ö‡∏≤‡∏£‡∏ö‡∏µ‡∏Ñ‡∏¥‡∏ß ‡∏Å‡∏£‡∏∞‡πÄ‡∏ó‡∏µ‡∏¢‡∏°‡∏û‡∏£‡∏¥‡∏Å‡πÑ‡∏ó‡∏¢üçó,‡∏ø70 - ‡∏ø120,general,‡∏Ç‡∏≤‡∏¢‡πÅ‡∏•‡πâ‡∏ß 543 ‡∏ä‡∏¥‡πâ‡∏ô,‡∏à‡∏±‡∏á‡∏´‡∏ß‡∏±‡∏î‡∏õ‡∏ó‡∏∏‡∏°‡∏ò‡∏≤‡∏ô‡∏µ,https://cf.shopee.co.th/file/45ba0b776713db04a29ba73d3c70b6d4_tn,https://shopee.co.th//‡∏ô‡∏¥‡∏ß‡∏≠‡∏≠‡∏£‡πå‡∏•‡∏µ‡∏ô‡∏™‡πåüçó‡∏ú‡∏á‡∏´‡∏°‡∏±‡∏Å‡πÑ‡∏Å‡πà-4‡∏™‡∏π‡∏ï‡∏£-üçó‡∏ô‡∏¥‡∏ß‡∏≠‡∏≠‡∏£‡πå‡∏•‡∏µ‡∏ô‡∏™‡πå-‡∏ö‡∏≤‡∏£‡∏ö‡∏µ‡∏Ñ‡∏¥‡∏ß-‡∏Å‡∏£‡∏∞‡πÄ‡∏ó‡∏µ‡∏¢‡∏°‡∏û‡∏£‡∏¥‡∏Å‡πÑ‡∏ó‡∏¢üçó-i.37834405.4134595820
15,‡πÑ‡∏Å‡πà‡∏ó‡∏≠‡∏î ‡∏Ñ‡∏≤‡∏£‡∏≤‡πÄ‡∏Å‡∏∞ ‡πÄ‡∏Å‡∏£‡πá‡∏î‡∏Å‡∏£‡πä‡∏≠‡∏ö‡∏Å‡∏£‡∏≠‡∏ö ‡πÇ‡∏•‡∏•‡∏∞ 109.- ‡∏Ç‡∏±‡πâ‡∏ô‡∏ï‡πà‡∏≥2‡πÇ‡∏• (‡∏Ñ‡∏•‡∏∞‡πÑ‡∏î‡πâ‡∏ó‡∏±‡πâ‡∏á‡∏£‡πâ‡∏≤‡∏ô),‡∏ø109,‡∏£‡πâ‡∏≤‡∏ô‡πÅ‡∏ô‡∏∞‡∏ô‡∏≥,‡∏Ç‡∏≤‡∏¢‡πÅ‡∏•‡πâ‡∏ß 32 ‡∏ä‡∏¥‡πâ‡∏ô,‡∏à‡∏±‡∏á‡∏´‡∏ß‡∏±‡∏î‡∏Å‡∏£‡∏∏‡∏á‡πÄ‡∏ó‡∏û‡∏°‡∏´‡∏≤‡∏ô‡∏Ñ‡∏£,https://cf.shopee.co.th/file/653e79124744869e7de200dd76460567_tn,https://shopee.co.th//‡πÑ‡∏Å‡πà‡∏ó‡∏≠‡∏î-‡∏Ñ‡∏≤‡∏£‡∏≤‡πÄ‡∏Å‡∏∞-‡πÄ‡∏Å‡∏£‡πá‡∏î‡∏Å‡∏£‡πä‡∏≠‡∏ö‡∏Å‡∏£‡∏≠‡∏ö-‡πÇ‡∏•‡∏•‡∏∞-109.-‡∏Ç‡∏±‡πâ‡∏ô‡∏ï‡πà‡∏≥2‡πÇ‡∏•-(‡∏Ñ‡∏•‡∏∞‡πÑ‡∏î‡πâ‡∏ó‡∏±‡πâ‡∏á‡∏£‡πâ‡∏≤‡∏ô)-i.9407203.8337385387
16,‡πÄ‡∏≠‡πá‡∏ô‡∏Ç‡πâ‡∏≠‡πÑ‡∏Å‡πà‡∏Æ‡∏≤‡∏•‡πâ‡∏≤‡∏•‡∏™‡∏î‡∏Ç‡∏ô‡∏≤‡∏î800‡∏Å‡∏£‡∏±‡∏°‡∏û‡∏£‡πâ‡∏≠‡∏°‡∏™‡πà‡∏á,‡∏ø166,general,‡∏Ç‡∏≤‡∏¢‡πÅ‡∏•‡πâ‡∏ß 71 ‡∏ä‡∏¥‡πâ‡∏ô,‡∏à‡∏±‡∏á‡∏´‡∏ß‡∏±‡∏î‡∏Å‡∏£‡∏∏‡∏á‡πÄ‡∏ó‡∏û‡∏°‡∏´‡∏≤‡∏ô‡∏Ñ‡∏£,https://cf.shopee.co.th/file/93c714bd6f212e622413b735354474f2_tn,https://shopee.co.th//‡πÄ‡∏≠‡πá‡∏ô‡∏Ç‡πâ‡∏≠‡πÑ‡∏Å‡πà‡∏Æ‡∏≤‡∏•‡πâ‡∏≤‡∏•‡∏™‡∏î‡∏Ç‡∏ô‡∏≤‡∏î800‡∏Å‡∏£‡∏±‡∏°‡∏û‡∏£‡πâ‡∏≠‡∏°‡∏™‡πà‡∏á-i.19571206.7536314319
17,"‡∏™‡∏∞‡πÇ‡∏û‡∏Å‡πÑ‡∏Å‡πà‡∏ó‡∏≠‡∏î (Fried Chicken Thigh) ‡∏£‡∏™‡∏ä‡∏≤‡∏ï‡∏¥‡∏≠‡∏≠‡∏£‡∏¥‡∏à‡∏¥‡∏ô‡∏±‡∏•/‡∏™‡πÑ‡∏õ‡∏ã‡∏µ‡πà 1,000‡∏Å‡∏£‡∏±‡∏°/‡∏ñ‡∏∏‡∏á",‡∏ø130,general,‡∏Ç‡∏≤‡∏¢‡πÅ‡∏•‡πâ‡∏ß 30 ‡∏ä‡∏¥‡πâ‡∏ô,‡∏à‡∏±‡∏á‡∏´‡∏ß‡∏±‡∏î‡∏Å‡∏£‡∏∏‡∏á‡πÄ‡∏ó‡∏û‡∏°‡∏´‡∏≤‡∏ô‡∏Ñ‡∏£,https://cf.shopee.co.th/file/74d55feaae09b940b8d7c4e05931b720_tn,https://shopee.co.th//‡∏™‡∏∞‡πÇ‡∏û‡∏Å‡πÑ‡∏Å‡πà‡∏ó‡∏≠‡∏î-(Fried-Chicken-Thigh)-‡∏£‡∏™‡∏ä‡∏≤‡∏ï‡∏¥‡∏≠‡∏≠‡∏£‡∏¥‡∏à‡∏¥‡∏ô‡∏±‡∏•-‡∏™‡πÑ‡∏õ‡∏ã‡∏µ‡πà-1-000‡∏Å‡∏£‡∏±‡∏°-‡∏ñ‡∏∏‡∏á-i.353827617.9514593211
18,üíã‡∏Å‡∏ó‡∏°+‡∏õ‡∏£‡∏¥‡∏°‡∏ì‡∏ë‡∏• ‡∏™‡πà‡∏á‡πÄ‡∏ä‡πâ‡∏≤‡πÄ‡∏¢‡πá‡∏ô‡πÑ‡∏î‡πâüíã ‡πÑ‡∏Å‡πà‡∏à‡πâ‡∏≠ 5 ‡∏î‡∏≤‡∏ß ‡πÑ‡∏Å‡πà‡∏à‡πâ‡∏≠‡∏´‡πâ‡∏≤‡∏î‡∏≤‡∏ß ‡∏ï‡∏£‡∏≤ Five star,‡∏ø160,‡∏£‡πâ‡∏≤‡∏ô‡πÅ‡∏ô‡∏∞‡∏ô‡∏≥,‡∏Ç‡∏≤‡∏¢‡πÅ‡∏•‡πâ‡∏ß 210 ‡∏ä‡∏¥‡πâ‡∏ô,‡∏à‡∏±‡∏á‡∏´‡∏ß‡∏±‡∏î‡∏Å‡∏£‡∏∏‡∏á‡πÄ‡∏ó‡∏û‡∏°‡∏´‡∏≤‡∏ô‡∏Ñ‡∏£,https://cf.shopee.co.th/file/385cd8d2591f65c9a35df2c8cc3e8276_tn,https://shopee.co.th//üíã‡∏Å‡∏ó‡∏°-‡∏õ‡∏£‡∏¥‡∏°‡∏ì‡∏ë‡∏•-‡∏™‡πà‡∏á‡πÄ‡∏ä‡πâ‡∏≤‡πÄ‡∏¢‡πá‡∏ô‡πÑ‡∏î‡πâüíã-‡πÑ‡∏Å‡πà‡∏à‡πâ‡∏≠-5-‡∏î‡∏≤‡∏ß-‡πÑ‡∏Å‡πà‡∏à‡πâ‡∏≠‡∏´‡πâ‡∏≤‡∏î‡∏≤‡∏ß-‡∏ï‡∏£‡∏≤-Five-star-i.38444368.7929552707
19,Tyson ‡∏ô‡∏±‡∏Å‡πÄ‡∏Å‡πá‡∏ï‡πÑ‡∏Å‡πà Chicken Nuggets (500 g),‡∏ø116,shopee mall,‡∏Ç‡∏≤‡∏¢‡πÅ‡∏•‡πâ‡∏ß 640 ‡∏ä‡∏¥‡πâ‡∏ô,‡∏à‡∏±‡∏á‡∏´‡∏ß‡∏±‡∏î‡∏™‡∏°‡∏∏‡∏ó‡∏£‡∏õ‡∏£‡∏≤‡∏Å‡∏≤‡∏£,https://cf.shopee.co.th/file/eeb8b546457681f65db4b9e744fc0cfa_tn,https://shopee.co.th//Tyson-‡∏ô‡∏±‡∏Å‡πÄ‡∏Å‡πá‡∏ï‡πÑ‡∏Å‡πà-Chicken-Nuggets-(500-g)-i.242496057.7533485014
20,"Surapon Foods - Tendo ‡πÑ‡∏Å‡πà‡∏ó‡∏≤‡πÄ‡∏£‡∏∞‡∏ã‡∏π‡πÄ‡∏Å‡∏∞(Tarezuke Chicken) ‡πÅ‡∏û‡πá‡∏Ñ‡πÉ‡∏´‡∏ç‡πà 1,000 ‡∏Å‡∏£‡∏±‡∏°/‡πÅ‡∏û‡πá‡∏Ñ",‡∏ø179,shopee mall,‡∏Ç‡∏≤‡∏¢‡πÅ‡∏•‡πâ‡∏ß 30 ‡∏ä‡∏¥‡πâ‡∏ô,‡∏à‡∏±‡∏á‡∏´‡∏ß‡∏±‡∏î‡∏™‡∏°‡∏∏‡∏ó‡∏£‡∏õ‡∏£‡∏≤‡∏Å‡∏≤‡∏£,https://cf.shopee.co.th/file/0771c0b68b7a78be7f0e6a3f359e5315_tn,https://shopee.co.th//Surapon-Foods-Tendo-‡πÑ‡∏Å‡πà‡∏ó‡∏≤‡πÄ‡∏£‡∏∞‡∏ã‡∏π‡πÄ‡∏Å‡∏∞(Tarezuke-Chicken)-‡πÅ‡∏û‡πá‡∏Ñ‡πÉ‡∏´‡∏ç‡πà-1-000-‡∏Å‡∏£‡∏±‡∏°-‡πÅ‡∏û‡πá‡∏Ñ-i.85246884.6651745743
21,‡∏ô‡∏±‡∏Å‡πÄ‡∏Å‡∏ï‡πÑ‡∏Å‡πà1kg.üí•‡∏Ñ‡πà‡∏≤‡∏™‡πà‡∏á99‡∏ø‡∏Ñ‡∏•‡∏∞‡πÑ‡∏î‡πâ‡∏ó‡∏±‡πâ‡∏á‡∏£‡πâ‡∏≤‡∏ô‚ùóÔ∏è ‚ùå‡∏≠‡πà‡∏≤‡∏ô‡∏£‡∏≤‡∏¢‡∏•‡∏∞‡πÄ‡∏≠‡∏µ‡∏¢‡∏î‡∏Å‡πà‡∏≠‡∏ô‡∏™‡∏±‡πà‡∏á‡∏ã‡∏∑‡πâ‡∏≠üööüí®‡∏™‡πà‡∏á‡∏Ç‡∏ô‡∏™‡πà‡∏á‡∏£‡∏ñ‡∏´‡πâ‡∏≠‡∏á‡πÄ‡∏¢‡πá‡∏ô‡∏≠‡∏¥‡∏ô‡πÄ‡∏ï‡∏≠‡∏£‡πå‡πÄ‡∏≠‡πá‡∏Å‡πÄ‡∏û‡∏•‡∏™ ‚ùÑÔ∏è,‡∏ø155,general,‡∏Ç‡∏≤‡∏¢‡πÅ‡∏•‡πâ‡∏ß 30 ‡∏ä‡∏¥‡πâ‡∏ô,‡∏à‡∏±‡∏á‡∏´‡∏ß‡∏±‡∏î‡∏û‡∏£‡∏∞‡∏ô‡∏Ñ‡∏£‡∏®‡∏£‡∏µ‡∏≠‡∏¢‡∏∏‡∏ò‡∏¢‡∏≤,https://cf.shopee.co.th/file/a23c62e21986d932ee66939cea6b0972_tn,https://shopee.co.th//‡∏ô‡∏±‡∏Å‡πÄ‡∏Å‡∏ï‡πÑ‡∏Å‡πà1kg.üí•‡∏Ñ‡πà‡∏≤‡∏™‡πà‡∏á99‡∏ø‡∏Ñ‡∏•‡∏∞‡πÑ‡∏î‡πâ‡∏ó‡∏±‡πâ‡∏á‡∏£‡πâ‡∏≤‡∏ô‚ùóÔ∏è-‚ùå‡∏≠‡πà‡∏≤‡∏ô‡∏£‡∏≤‡∏¢‡∏•‡∏∞‡πÄ‡∏≠‡∏µ‡∏¢‡∏î‡∏Å‡πà‡∏≠‡∏ô‡∏™‡∏±‡πà‡∏á‡∏ã‡∏∑‡πâ‡∏≠üööüí®‡∏™‡πà‡∏á‡∏Ç‡∏ô‡∏™‡πà‡∏á‡∏£‡∏ñ‡∏´‡πâ‡∏≠‡∏á‡πÄ‡∏¢‡πá‡∏ô‡∏≠‡∏¥‡∏ô‡πÄ‡∏ï‡∏≠‡∏£‡πå‡πÄ‡∏≠‡πá‡∏Å‡πÄ‡∏û‡∏•‡∏™-‚ùÑÔ∏è-i.64528500.6453485105
22,‡πÑ‡∏Å‡πà‡∏ï‡∏∏‡πã‡∏ô‡πÇ‡∏™‡∏°‡πÄ‡∏Å‡∏≤‡∏´‡∏•‡∏µ sunbong samgyetang ginseng chicken soup 1kg ÏÇºÍ≥ÑÌÉï,‡∏ø345,‡∏£‡πâ‡∏≤‡∏ô‡πÅ‡∏ô‡∏∞‡∏ô‡∏≥,‡∏Ç‡∏≤‡∏¢‡πÅ‡∏•‡πâ‡∏ß 2 ‡∏ä‡∏¥‡πâ‡∏ô,‡∏à‡∏±‡∏á‡∏´‡∏ß‡∏±‡∏î‡∏Å‡∏£‡∏∏‡∏á‡πÄ‡∏ó‡∏û‡∏°‡∏´‡∏≤‡∏ô‡∏Ñ‡∏£,https://cf.shopee.co.th/file/4cfca80c3660044d41ae20f481dfc509_tn,https://shopee.co.th//‡πÑ‡∏Å‡πà‡∏ï‡∏∏‡πã‡∏ô‡πÇ‡∏™‡∏°‡πÄ‡∏Å‡∏≤‡∏´‡∏•‡∏µ-sunbong-samgyetang-ginseng-chicken-soup-1kg-ÏÇºÍ≥ÑÌÉï-i.211550487.9553513460
23,‡πÑ‡∏Å‡πà‡πÄ‡∏ä‡∏µ‡∏¢‡∏á‡∏£‡∏≠‡∏ö‡∏µ‡∏≠‡πä‡∏∞‡∏´‡πå (‡πÅ‡∏ó‡πà‡∏á‡πÉ‡∏´‡∏ç‡πà)‡∏Ç‡∏≠‡∏á‡πÅ‡∏ó‡πâ‡∏à‡∏≤‡∏Å‡πÇ‡∏£‡∏á‡∏á‡∏≤‡∏ô ‡∏°‡∏µ‡∏Æ‡∏≤‡∏•‡∏≤‡∏• ‡∏Ç‡∏ô‡∏≤‡∏î 500 ‡∏Å‡∏£‡∏±‡∏°,‡∏ø101,‡∏£‡πâ‡∏≤‡∏ô‡πÅ‡∏ô‡∏∞‡∏ô‡∏≥,‡∏Ç‡∏≤‡∏¢‡πÅ‡∏•‡πâ‡∏ß 51 ‡∏ä‡∏¥‡πâ‡∏ô,‡∏à‡∏±‡∏á‡∏´‡∏ß‡∏±‡∏î‡∏õ‡∏ó‡∏∏‡∏°‡∏ò‡∏≤‡∏ô‡∏µ,https://cf.shopee.co.th/file/a5f47cd3573c07f34bd69da9e36af9db_tn,https://shopee.co.th//‡πÑ‡∏Å‡πà‡πÄ‡∏ä‡∏µ‡∏¢‡∏á‡∏£‡∏≠‡∏ö‡∏µ‡∏≠‡πä‡∏∞‡∏´‡πå-(‡πÅ‡∏ó‡πà‡∏á‡πÉ‡∏´‡∏ç‡πà)‡∏Ç‡∏≠‡∏á‡πÅ‡∏ó‡πâ‡∏à‡∏≤‡∏Å‡πÇ‡∏£‡∏á‡∏á‡∏≤‡∏ô-‡∏°‡∏µ‡∏Æ‡∏≤‡∏•‡∏≤‡∏•-‡∏Ç‡∏ô‡∏≤‡∏î-500-‡∏Å‡∏£‡∏±‡∏°-i.210609322.7181925891
24,‡πÑ‡∏Å‡πà‡∏ó‡∏≠‡∏î‡∏Ñ‡∏≤‡∏£‡∏≤‡πÄ‡∏Å‡∏∞‡∏™‡πÑ‡∏ï‡∏•‡πå‡∏ç‡∏µ‡πà‡∏õ‡∏∏‡πà‡∏ô‡∏Ñ‡∏≤‡∏£‡πå‡∏Å‡∏¥‡∏•‡∏•‡πå ‡∏£‡∏™‡∏™‡πÑ‡∏õ‡∏ã‡∏µ‡πà ‡∏Ç‡∏ô‡∏≤‡∏î 1 ‡∏Å‡∏Å. (40-50 ‡∏ä‡∏¥‡πâ‡∏ô),‡∏ø130 - ‡∏ø145,‡∏£‡πâ‡∏≤‡∏ô‡πÅ‡∏ô‡∏∞‡∏ô‡∏≥,‡∏Ç‡∏≤‡∏¢‡πÅ‡∏•‡πâ‡∏ß 35 ‡∏ä‡∏¥‡πâ‡∏ô,‡∏à‡∏±‡∏á‡∏´‡∏ß‡∏±‡∏î‡∏ô‡∏ô‡∏ó‡∏ö‡∏∏‡∏£‡∏µ,https://cf.shopee.co.th/file/99a838f6e50a8a58e80c26d979177933_tn,https://shopee.co.th//‡πÑ‡∏Å‡πà‡∏ó‡∏≠‡∏î‡∏Ñ‡∏≤‡∏£‡∏≤‡πÄ‡∏Å‡∏∞‡∏™‡πÑ‡∏ï‡∏•‡πå‡∏ç‡∏µ‡πà‡∏õ‡∏∏‡πà‡∏ô‡∏Ñ‡∏≤‡∏£‡πå‡∏Å‡∏¥‡∏•‡∏•‡πå-‡∏£‡∏™‡∏™‡πÑ‡∏õ‡∏ã‡∏µ‡πà-‡∏Ç‡∏ô‡∏≤‡∏î-1-‡∏Å‡∏Å.-(40-50-‡∏ä‡∏¥‡πâ‡∏ô)-i.35173471.7162371418
25,‡πÑ‡∏Å‡πà‡πÄ‡∏ä‡∏µ‡∏¢‡∏á‡∏£‡∏≠‡∏ö‡∏µ‡∏≠‡πä‡∏∞‡∏´‡πå ‡∏Ç‡∏≠‡∏á‡πÅ‡∏ó‡πâ‡∏à‡∏≤‡∏Å‡πÇ‡∏£‡∏á‡∏á‡∏≤‡∏ô ‡∏°‡∏µ‡∏Æ‡∏≤‡∏•‡∏≤‡∏• ‡∏Ç‡∏ô‡∏≤‡∏î 500 ‡∏Å‡∏£‡∏±‡∏°,‡∏ø95,‡∏£‡πâ‡∏≤‡∏ô‡πÅ‡∏ô‡∏∞‡∏ô‡∏≥,‡∏Ç‡∏≤‡∏¢‡πÅ‡∏•‡πâ‡∏ß 5.1‡∏û‡∏±‡∏ô ‡∏ä‡∏¥‡πâ‡∏ô,‡∏à‡∏±‡∏á‡∏´‡∏ß‡∏±‡∏î‡∏õ‡∏ó‡∏∏‡∏°‡∏ò‡∏≤‡∏ô‡∏µ,https://cf.shopee.co.th/file/e776cf422a8d185930a66345bcae913b_tn,https://shopee.co.th//‡πÑ‡∏Å‡πà‡πÄ‡∏ä‡∏µ‡∏¢‡∏á‡∏£‡∏≠‡∏ö‡∏µ‡∏≠‡πä‡∏∞‡∏´‡πå-‡∏Ç‡∏≠‡∏á‡πÅ‡∏ó‡πâ‡∏à‡∏≤‡∏Å‡πÇ‡∏£‡∏á‡∏á‡∏≤‡∏ô-‡∏°‡∏µ‡∏Æ‡∏≤‡∏•‡∏≤‡∏•-‡∏Ç‡∏ô‡∏≤‡∏î-500-‡∏Å‡∏£‡∏±‡∏°-i.210609322.4529735628
26,‡πÑ‡∏Å‡πà‡∏Ñ‡∏≤‡∏£‡∏≤‡πÄ‡∏Å‡∏∞ ‡∏™‡πÑ‡∏ï‡∏•‡πå‡∏ç‡∏µ‡πà‡∏õ‡∏∏‡πà‡∏ô‡πÄ‡∏ô‡∏∑‡πâ‡∏≠‡∏â‡πà‡∏≥ ‡πÅ‡∏û‡∏Ñ‡∏•‡∏∞ 1 ‡∏Å‡∏¥‡πÇ‡∏•!! (30+‡∏ä‡∏¥‡πâ‡∏ô),‡∏ø119,general,‡∏Ç‡∏≤‡∏¢‡πÅ‡∏•‡πâ‡∏ß 20 ‡∏ä‡∏¥‡πâ‡∏ô,‡∏à‡∏±‡∏á‡∏´‡∏ß‡∏±‡∏î‡∏õ‡∏ó‡∏∏‡∏°‡∏ò‡∏≤‡∏ô‡∏µ,https://cf.shopee.co.th/file/3b9b683155a5fc3ea66c1fcf796e60da_tn,https://shopee.co.th//‡πÑ‡∏Å‡πà‡∏Ñ‡∏≤‡∏£‡∏≤‡πÄ‡∏Å‡∏∞-‡∏™‡πÑ‡∏ï‡∏•‡πå‡∏ç‡∏µ‡πà‡∏õ‡∏∏‡πà‡∏ô‡πÄ‡∏ô‡∏∑‡πâ‡∏≠‡∏â‡πà‡∏≥-‡πÅ‡∏û‡∏Ñ‡∏•‡∏∞-1-‡∏Å‡∏¥‡πÇ‡∏•!!-(30-‡∏ä‡∏¥‡πâ‡∏ô)-i.376140428.7485044239
27,‡∏à‡πâ‡∏≠‡∏õ‡∏π ‡∏à‡πâ‡∏≠‡πÑ‡∏Å‡πà ‡∏Ç‡πâ‡∏≠‡∏Å‡∏∏‡πâ‡∏á  ‡∏™‡∏∞‡∏≠‡∏≤‡∏î ‡∏™‡∏î ‡πÉ‡∏´‡∏°‡πà ‡∏ñ‡∏π‡∏Å‡∏´‡∏•‡∏±‡∏Å‡∏≠‡∏ô‡∏≤‡∏°‡∏±‡∏¢ 500‡∏Å‡∏£‡∏±‡∏°,‡∏ø49,‡∏£‡πâ‡∏≤‡∏ô‡πÅ‡∏ô‡∏∞‡∏ô‡∏≥,‡∏Ç‡∏≤‡∏¢‡πÅ‡∏•‡πâ‡∏ß 54 ‡∏ä‡∏¥‡πâ‡∏ô,‡∏à‡∏±‡∏á‡∏´‡∏ß‡∏±‡∏î‡∏û‡∏£‡∏∞‡∏ô‡∏Ñ‡∏£‡∏®‡∏£‡∏µ‡∏≠‡∏¢‡∏∏‡∏ò‡∏¢‡∏≤,https://cf.shopee.co.th/file/09dccde168afaec835e4828f01c0c92a_tn,https://shopee.co.th//‡∏à‡πâ‡∏≠‡∏õ‡∏π-‡∏à‡πâ‡∏≠‡πÑ‡∏Å‡πà-‡∏Ç‡πâ‡∏≠‡∏Å‡∏∏‡πâ‡∏á-‡∏™‡∏∞‡∏≠‡∏≤‡∏î-‡∏™‡∏î-‡πÉ‡∏´‡∏°‡πà-‡∏ñ‡∏π‡∏Å‡∏´‡∏•‡∏±‡∏Å‡∏≠‡∏ô‡∏≤‡∏°‡∏±‡∏¢-500‡∏Å‡∏£‡∏±‡∏°-i.212204732.9313670292
28,‡∏Ç‡∏≤‡πÑ‡∏Å‡πà‡∏™‡∏±‡∏°‡∏°‡∏≤‡∏Å‡∏£‡πÉ‡∏ô‡∏ï‡∏≥‡∏ô‡∏≤‡∏ô‡∏´‡∏≠‡∏°‡∏≠‡∏£‡πà‡∏≠‡∏¢‡∏£‡∏™‡∏ä‡∏≤‡∏ï‡∏¥‡∏ó‡∏µ‡πà‡∏Ñ‡∏∏‡πâ‡∏ô‡∏•‡∏¥‡πâ‡∏ô‡∏´‡∏≠‡∏°‡πÄ‡∏ô‡∏¢,‡∏ø39 - ‡∏ø169,general,‡∏Ç‡∏≤‡∏¢‡πÅ‡∏•‡πâ‡∏ß 401 ‡∏ä‡∏¥‡πâ‡∏ô,‡∏à‡∏±‡∏á‡∏´‡∏ß‡∏±‡∏î‡∏Å‡∏£‡∏∏‡∏á‡πÄ‡∏ó‡∏û‡∏°‡∏´‡∏≤‡∏ô‡∏Ñ‡∏£,https://cf.shopee.co.th/file/c9461f933aa201ce447ddec4a0f225d3_tn,https://shopee.co.th//‡∏Ç‡∏≤‡πÑ‡∏Å‡πà‡∏™‡∏±‡∏°‡∏°‡∏≤‡∏Å‡∏£‡πÉ‡∏ô‡∏ï‡∏≥‡∏ô‡∏≤‡∏ô‡∏´‡∏≠‡∏°‡∏≠‡∏£‡πà‡∏≠‡∏¢‡∏£‡∏™‡∏ä‡∏≤‡∏ï‡∏¥‡∏ó‡∏µ‡πà‡∏Ñ‡∏∏‡πâ‡∏ô‡∏•‡∏¥‡πâ‡∏ô‡∏´‡∏≠‡∏°‡πÄ‡∏ô‡∏¢-i.8437328.7443145865
29,‡πÑ‡∏Å‡πà‡∏ô‡∏±‡∏Å‡πÄ‡∏Å‡πá‡∏ï1kg(‡πÄ‡∏Å‡∏£‡∏î‡∏™‡πà‡∏á‡∏≠‡∏≠‡∏Å)**‡∏Ñ‡∏∏‡∏ì‡∏†‡∏≤‡∏û‡πÄ‡∏¢‡∏µ‡πà‡∏¢‡∏°**,‡∏ø129,general,‡∏Ç‡∏≤‡∏¢‡πÅ‡∏•‡πâ‡∏ß 1.1‡∏û‡∏±‡∏ô ‡∏ä‡∏¥‡πâ‡∏ô,‡∏à‡∏±‡∏á‡∏´‡∏ß‡∏±‡∏î‡∏Å‡∏£‡∏∏‡∏á‡πÄ‡∏ó‡∏û‡∏°‡∏´‡∏≤‡∏ô‡∏Ñ‡∏£,https://cf.shopee.co.th/file/af5facb6d09e2a6c453870aade35925c_tn,https://shopee.co.th//‡πÑ‡∏Å‡πà‡∏ô‡∏±‡∏Å‡πÄ‡∏Å‡πá‡∏ï1kg(‡πÄ‡∏Å‡∏£‡∏î‡∏™‡πà‡∏á‡∏≠‡∏≠‡∏Å)**‡∏Ñ‡∏∏‡∏ì‡∏†‡∏≤‡∏û‡πÄ‡∏¢‡∏µ‡πà‡∏¢‡∏°**-i.78049439.5403724161
30,‡∏°‡∏¥‡∏ô‡∏¥‡πÑ‡∏Å‡πà‡∏õ‡πä‡∏≠‡∏ö‡∏™‡πÑ‡∏õ‡∏ã‡∏µ‡πà / ‡∏°‡∏¥‡∏ô‡∏¥‡πÑ‡∏Å‡πà‡∏õ‡πä‡∏≠‡∏ö‡∏î‡∏±‡πâ‡∏á‡πÄ‡∏î‡∏¥‡∏° ‡πÅ‡∏û‡∏Ñ 1 ‡∏Å‡∏Å. (125-130 ‡∏ä‡∏¥‡πâ‡∏ô),‡∏ø140 - ‡∏ø155,‡∏£‡πâ‡∏≤‡∏ô‡πÅ‡∏ô‡∏∞‡∏ô‡∏≥,‡∏Ç‡∏≤‡∏¢‡πÅ‡∏•‡πâ‡∏ß 205 ‡∏ä‡∏¥‡πâ‡∏ô,‡∏à‡∏±‡∏á‡∏´‡∏ß‡∏±‡∏î‡∏ô‡∏ô‡∏ó‡∏ö‡∏∏‡∏£‡∏µ,https://cf.shopee.co.th/file/de078a4dd2e8673af8a9447b47b4c5bc_tn,https://shopee.co.th//‡∏°‡∏¥‡∏ô‡∏¥‡πÑ‡∏Å‡πà‡∏õ‡πä‡∏≠‡∏ö‡∏™‡πÑ‡∏õ‡∏ã‡∏µ‡πà-‡∏°‡∏¥‡∏ô‡∏¥‡πÑ‡∏Å‡πà‡∏õ‡πä‡∏≠‡∏ö‡∏î‡∏±‡πâ‡∏á‡πÄ‡∏î‡∏¥‡∏°-‡πÅ‡∏û‡∏Ñ-1-‡∏Å‡∏Å.-(125-130-‡∏ä‡∏¥‡πâ‡∏ô)-i.35173471.4642302638
31,‡πÑ‡∏Å‡πà‡πÄ‡∏î‡πâ‡∏á‡∏ô‡∏°‡∏™‡∏î‡∏õ‡∏¥‡πâ‡∏á‡∏à‡πâ‡∏≤‡∏≤‡∏≤‡∏≤üòãüçóüçóüòã‡∏≠‡∏£‡πà‡∏≠‡∏¢‡∏°‡∏≤‡∏Å‡πÜ‡πÅ‡∏Ñ‡πà‡∏â‡∏µ‡∏Å‡∏ã‡∏≠‡∏á‡πÄ‡∏ß‡∏ü‡∏Å‡πá‡∏û‡∏£‡πâ‡∏≠‡∏°‡πÄ‡∏™‡∏£‡∏¥‡∏ü‡∏Ñ‡∏ß‡∏≤‡∏°‡∏≠‡∏£‡πà‡∏≠‡∏¢‡∏á‡πà‡∏≤‡∏¢‡πÜ‡πÉ‡∏ô‡πÅ‡∏ö‡∏ö‡∏Ñ‡∏µ‡πÇ‡∏ï,‡∏ø99,‡∏£‡πâ‡∏≤‡∏ô‡πÅ‡∏ô‡∏∞‡∏ô‡∏≥,‡∏Ç‡∏≤‡∏¢‡πÅ‡∏•‡πâ‡∏ß 23 ‡∏ä‡∏¥‡πâ‡∏ô,‡∏à‡∏±‡∏á‡∏´‡∏ß‡∏±‡∏î‡∏ö‡∏∏‡∏£‡∏µ‡∏£‡∏±‡∏°‡∏¢‡πå,https://cf.shopee.co.th/file/78730804dd69c653c8aebf4882477330_tn,https://shopee.co.th//‡πÑ‡∏Å‡πà‡πÄ‡∏î‡πâ‡∏á‡∏ô‡∏°‡∏™‡∏î‡∏õ‡∏¥‡πâ‡∏á‡∏à‡πâ‡∏≤‡∏≤‡∏≤‡∏≤üòãüçóüçóüòã‡∏≠‡∏£‡πà‡∏≠‡∏¢‡∏°‡∏≤‡∏Å‡πÜ‡πÅ‡∏Ñ‡πà‡∏â‡∏µ‡∏Å‡∏ã‡∏≠‡∏á‡πÄ‡∏ß‡∏ü‡∏Å‡πá‡∏û‡∏£‡πâ‡∏≠‡∏°‡πÄ‡∏™‡∏£‡∏¥‡∏ü‡∏Ñ‡∏ß‡∏≤‡∏°‡∏≠‡∏£‡πà‡∏≠‡∏¢‡∏á‡πà‡∏≤‡∏¢‡πÜ‡πÉ‡∏ô‡πÅ‡∏ö‡∏ö‡∏Ñ‡∏µ‡πÇ‡∏ï-i.261204974.9335704357
32,Torez ‡πÇ‡∏ó‡πÄ‡∏£‡∏™ ‡πÄ‡∏Å‡∏µ‡πä‡∏¢‡∏ß‡∏ó‡∏≠‡∏î‡∏Å‡∏£‡∏≠‡∏ö ‡∏£‡∏™‡∏ô‡πâ‡∏≥‡∏à‡∏¥‡πâ‡∏°‡πÑ‡∏Å‡πà/‡∏£‡∏™‡∏î‡∏±‡πâ‡∏á‡πÄ‡∏î‡∏¥‡∏° 40g  3‡∏´‡πà‡∏≠/6‡∏´‡πà‡∏≠/10‡πÅ‡∏ñ‡∏°2 ‡∏Ç‡∏ô‡∏° ‡πÄ‡∏Å‡∏µ‡πä‡∏¢‡∏ß‡∏ó‡∏≠‡∏î ‡∏ó‡∏≠‡∏î‡∏Å‡∏£‡∏≠‡∏ö ‡∏≠‡∏ö‡∏Å‡∏£‡∏≠‡∏ö ‡∏Ç‡∏≤‡∏¢‡∏î‡∏µ‡∏ó‡∏µ‡πà‡∏™‡∏∏‡∏î HALAL,‡∏ø60 - ‡∏ø200,‡∏£‡πâ‡∏≤‡∏ô‡πÅ‡∏ô‡∏∞‡∏ô‡∏≥,‡∏Ç‡∏≤‡∏¢‡πÅ‡∏•‡πâ‡∏ß 315 ‡∏ä‡∏¥‡πâ‡∏ô,‡∏à‡∏±‡∏á‡∏´‡∏ß‡∏±‡∏î‡∏Å‡∏£‡∏∏‡∏á‡πÄ‡∏ó‡∏û‡∏°‡∏´‡∏≤‡∏ô‡∏Ñ‡∏£,https://cf.shopee.co.th/file/4e0a9f7174b2758de0932ed0d2cf10d8_tn,https://shopee.co.th//Torez-‡πÇ‡∏ó‡πÄ‡∏£‡∏™-‡πÄ‡∏Å‡∏µ‡πä‡∏¢‡∏ß‡∏ó‡∏≠‡∏î‡∏Å‡∏£‡∏≠‡∏ö-‡∏£‡∏™‡∏ô‡πâ‡∏≥‡∏à‡∏¥‡πâ‡∏°‡πÑ‡∏Å‡πà-‡∏£‡∏™‡∏î‡∏±‡πâ‡∏á‡πÄ‡∏î‡∏¥‡∏°-40g-3‡∏´‡πà‡∏≠-6‡∏´‡πà‡∏≠-10‡πÅ‡∏ñ‡∏°2-‡∏Ç‡∏ô‡∏°-‡πÄ‡∏Å‡∏µ‡πä‡∏¢‡∏ß‡∏ó‡∏≠‡∏î-‡∏ó‡∏≠‡∏î‡∏Å‡∏£‡∏≠‡∏ö-‡∏≠‡∏ö‡∏Å‡∏£‡∏≠‡∏ö-‡∏Ç‡∏≤‡∏¢‡∏î‡∏µ‡∏ó‡∏µ‡πà‡∏™‡∏∏‡∏î-HALAL-i.58305255.4576656137
33,‡πÇ‡∏£‡∏ã‡πà‡∏≤‡∏û‡∏£‡πâ‡∏≠‡∏° ‡πÄ‡∏°‡∏ô‡∏π‡πÅ‡∏Å‡∏á‡∏Å‡∏∞‡∏´‡∏£‡∏µ‡πà‡πÑ‡∏Å‡πà ‡∏Ç‡∏ô‡∏≤‡∏î 105 ‡∏Å‡∏£‡∏±‡∏°,‡∏ø29,shopee mall,‡∏Ç‡∏≤‡∏¢‡πÅ‡∏•‡πâ‡∏ß 622 ‡∏ä‡∏¥‡πâ‡∏ô,‡∏à‡∏±‡∏á‡∏´‡∏ß‡∏±‡∏î‡∏™‡∏°‡∏∏‡∏ó‡∏£‡∏õ‡∏£‡∏≤‡∏Å‡∏≤‡∏£,https://cf.shopee.co.th/file/b7e8fde6c85a50884eeade2cbcb943cb_tn,https://shopee.co.th//‡πÇ‡∏£‡∏ã‡πà‡∏≤‡∏û‡∏£‡πâ‡∏≠‡∏°-‡πÄ‡∏°‡∏ô‡∏π‡πÅ‡∏Å‡∏á‡∏Å‡∏∞‡∏´‡∏£‡∏µ‡πà‡πÑ‡∏Å‡πà-‡∏Ç‡∏ô‡∏≤‡∏î-105-‡∏Å‡∏£‡∏±‡∏°-i.68742851.1338457034
34,"‡πÑ‡∏Å‡πà‡∏ó‡∏≠‡∏î‡∏Ñ‡∏≤‡∏£‡∏≤‡πÄ‡∏Å‡∏∞ (Japanese Fried Chicken Karaage) 2,000‡∏Å‡∏£‡∏±‡∏°/‡∏ñ‡∏∏‡∏á",‡∏ø180,general,‡∏Ç‡∏≤‡∏¢‡πÅ‡∏•‡πâ‡∏ß 15 ‡∏ä‡∏¥‡πâ‡∏ô,‡∏à‡∏±‡∏á‡∏´‡∏ß‡∏±‡∏î‡∏Å‡∏£‡∏∏‡∏á‡πÄ‡∏ó‡∏û‡∏°‡∏´‡∏≤‡∏ô‡∏Ñ‡∏£,https://cf.shopee.co.th/file/a04ef71f25de5bfaa5c0d443781fab7c_tn,https://shopee.co.th//‡πÑ‡∏Å‡πà‡∏ó‡∏≠‡∏î‡∏Ñ‡∏≤‡∏£‡∏≤‡πÄ‡∏Å‡∏∞-(Japanese-Fried-Chicken-Karaage)-2-000‡∏Å‡∏£‡∏±‡∏°-‡∏ñ‡∏∏‡∏á-i.353827617.5976821380
35,‡πÇ‡∏£‡∏ã‡πà‡∏≤‡∏û‡∏£‡πâ‡∏≠‡∏° ‡πÄ‡∏°‡∏ô‡∏π‡∏û‡∏∞‡πÇ‡∏•‡πâ‡πÑ‡∏Å‡πà‡πÑ‡∏Ç‡πà‡∏ô‡∏Å‡∏Å‡∏£‡∏∞‡∏ó‡∏≤ ‡∏Ç‡∏ô‡∏≤‡∏î 120 ‡∏Å‡∏£‡∏±‡∏°,‡∏ø29,shopee mall,‡∏Ç‡∏≤‡∏¢‡πÅ‡∏•‡πâ‡∏ß 1.4‡∏û‡∏±‡∏ô ‡∏ä‡∏¥‡πâ‡∏ô,‡∏à‡∏±‡∏á‡∏´‡∏ß‡∏±‡∏î‡∏™‡∏°‡∏∏‡∏ó‡∏£‡∏õ‡∏£‡∏≤‡∏Å‡∏≤‡∏£,https://cf.shopee.co.th/file/ddaf43291a1b4d9e0866542c11c90385_tn,https://shopee.co.th//‡πÇ‡∏£‡∏ã‡πà‡∏≤‡∏û‡∏£‡πâ‡∏≠‡∏°-‡πÄ‡∏°‡∏ô‡∏π‡∏û‡∏∞‡πÇ‡∏•‡πâ‡πÑ‡∏Å‡πà‡πÑ‡∏Ç‡πà‡∏ô‡∏Å‡∏Å‡∏£‡∏∞‡∏ó‡∏≤-‡∏Ç‡∏ô‡∏≤‡∏î-120-‡∏Å‡∏£‡∏±‡∏°-i.68742851.1338448187
36,‡∏´‡∏≠‡∏°‡πÄ‡∏à‡∏µ‡∏¢‡∏ß ‡∏™‡∏π‡∏ï‡∏£‡πÑ‡∏Å‡πà‡∏ó‡∏≠‡∏î‡∏´‡∏≤‡∏î‡πÉ‡∏´‡∏ç‡πà ‡∏´‡∏≠‡∏° ‡∏Å‡∏£‡∏≠‡∏ö ‡∏≠‡∏£‡πà‡∏≠‡∏¢ ‡πÉ‡∏™‡πà‡πÑ‡∏Å‡πà‡∏ó‡∏≠‡∏î ‡∏´‡∏°‡∏π‡∏ó‡∏≠‡∏î ‡∏Å‡πã‡∏ß‡∏¢‡∏à‡∏±‡πä‡∏ö ‡∏Ç‡∏ô‡∏≤‡∏î 80 ‡∏Å‡∏£‡∏±‡∏°,‡∏ø18,‡∏£‡πâ‡∏≤‡∏ô‡πÅ‡∏ô‡∏∞‡∏ô‡∏≥,‡∏Ç‡∏≤‡∏¢‡πÅ‡∏•‡πâ‡∏ß 641 ‡∏ä‡∏¥‡πâ‡∏ô,‡∏à‡∏±‡∏á‡∏´‡∏ß‡∏±‡∏î‡∏Å‡∏≤‡∏¨‡∏™‡∏¥‡∏ô‡∏ò‡∏∏‡πå,https://cf.shopee.co.th/file/db7938aebb17f3ce486da028c2210fcf_tn,https://shopee.co.th//‡∏´‡∏≠‡∏°‡πÄ‡∏à‡∏µ‡∏¢‡∏ß-‡∏™‡∏π‡∏ï‡∏£‡πÑ‡∏Å‡πà‡∏ó‡∏≠‡∏î‡∏´‡∏≤‡∏î‡πÉ‡∏´‡∏ç‡πà-‡∏´‡∏≠‡∏°-‡∏Å‡∏£‡∏≠‡∏ö-‡∏≠‡∏£‡πà‡∏≠‡∏¢-‡πÉ‡∏™‡πà‡πÑ‡∏Å‡πà‡∏ó‡∏≠‡∏î-‡∏´‡∏°‡∏π‡∏ó‡∏≠‡∏î-‡∏Å‡πã‡∏ß‡∏¢‡∏à‡∏±‡πä‡∏ö-‡∏Ç‡∏ô‡∏≤‡∏î-80-‡∏Å‡∏£‡∏±‡∏°-i.40909909.9904870548
37,‡πÑ‡∏Å‡πà‡∏Ñ‡∏≤‡∏£‡∏≤‡πÄ‡∏Å‡∏∞1kg**‡∏Ñ‡∏∏‡∏ì‡∏†‡∏≤‡∏û‡πÄ‡∏¢‡∏µ‡πà‡∏¢‡∏°**,‡∏ø129,general,‡∏Ç‡∏≤‡∏¢‡πÅ‡∏•‡πâ‡∏ß 723 ‡∏ä‡∏¥‡πâ‡∏ô,‡∏à‡∏±‡∏á‡∏´‡∏ß‡∏±‡∏î‡∏Å‡∏£‡∏∏‡∏á‡πÄ‡∏ó‡∏û‡∏°‡∏´‡∏≤‡∏ô‡∏Ñ‡∏£,https://cf.shopee.co.th/file/6e6ba0c9700d08b06bd43c4dee6a0834_tn,https://shopee.co.th//‡πÑ‡∏Å‡πà‡∏Ñ‡∏≤‡∏£‡∏≤‡πÄ‡∏Å‡∏∞1kg**‡∏Ñ‡∏∏‡∏ì‡∏†‡∏≤‡∏û‡πÄ‡∏¢‡∏µ‡πà‡∏¢‡∏°**-i.78049439.6503665389
38,‡∏õ‡∏µ‡∏Å‡πÑ‡∏Å‡πà‡∏ö‡∏ô ‡∏£‡∏™‡∏ö‡∏≤‡∏£‡πå‡∏ö‡∏µ‡∏Ñ‡∏¥‡∏ß ‡∏ï‡∏£‡∏≤‡∏ã‡∏±‡∏ô‡πÅ‡∏ß‡∏•‡πÄ‡∏•‡πà‡∏¢‡πå ‡∏Ç‡∏ô‡∏≤‡∏î 1000 ‡∏Å‡∏£‡∏±‡∏°,‡∏ø150 - ‡∏ø190,general,‡∏Ç‡∏≤‡∏¢‡πÅ‡∏•‡πâ‡∏ß 25 ‡∏ä‡∏¥‡πâ‡∏ô,‡∏à‡∏±‡∏á‡∏´‡∏ß‡∏±‡∏î‡∏ô‡∏Ñ‡∏£‡∏£‡∏≤‡∏ä‡∏™‡∏µ‡∏°‡∏≤,https://cf.shopee.co.th/file/b4704b8b40c88c3f16d5b6b2479997e7_tn,https://shopee.co.th//‡∏õ‡∏µ‡∏Å‡πÑ‡∏Å‡πà‡∏ö‡∏ô-‡∏£‡∏™‡∏ö‡∏≤‡∏£‡πå‡∏ö‡∏µ‡∏Ñ‡∏¥‡∏ß-‡∏ï‡∏£‡∏≤‡∏ã‡∏±‡∏ô‡πÅ‡∏ß‡∏•‡πÄ‡∏•‡πà‡∏¢‡πå-‡∏Ç‡∏ô‡∏≤‡∏î-1000-‡∏Å‡∏£‡∏±‡∏°-i.55593340.4244201032
39,üî•‡∏•‡∏î‡∏™‡∏ô‡∏±‡πà‡∏ô!!‡πÇ‡∏õ‡∏£üéâ10/10üî•‡πÑ‡∏Å‡πà‡πÄ‡∏ä‡∏µ‡∏¢‡∏á ‡∏£‡∏≠‡∏ö‡∏µ‡∏≠‡∏∞‡∏´‡πå ‡∏Ç‡∏ô‡∏≤‡∏î 500 ‡∏Å‡∏£‡∏±‡∏°,‡∏ø96,general,‡∏Ç‡∏≤‡∏¢‡πÅ‡∏•‡πâ‡∏ß 2.5‡∏û‡∏±‡∏ô ‡∏ä‡∏¥‡πâ‡∏ô,‡∏à‡∏±‡∏á‡∏´‡∏ß‡∏±‡∏î‡∏û‡∏£‡∏∞‡∏ô‡∏Ñ‡∏£‡∏®‡∏£‡∏µ‡∏≠‡∏¢‡∏∏‡∏ò‡∏¢‡∏≤,https://cf.shopee.co.th/file/0e4ef6dea75f621ca3767ca7d98a5df1_tn,https://shopee.co.th//üî•‡∏•‡∏î‡∏™‡∏ô‡∏±‡πà‡∏ô!!‡πÇ‡∏õ‡∏£üéâ10-10üî•‡πÑ‡∏Å‡πà‡πÄ‡∏ä‡∏µ‡∏¢‡∏á-‡∏£‡∏≠‡∏ö‡∏µ‡∏≠‡∏∞‡∏´‡πå-‡∏Ç‡∏ô‡∏≤‡∏î-500-‡∏Å‡∏£‡∏±‡∏°-i.32452665.1731926821
40,‡πÑ‡∏™‡πâ‡∏Å‡∏£‡∏≠‡∏Å‡∏£‡∏°‡∏Ñ‡∏ß‡∏±‡∏ô‡∏´‡∏ô‡∏±‡∏á‡∏Å‡∏£‡∏≠‡∏ö ‡πÑ‡∏™‡πâ‡∏Å‡∏£‡∏≠‡∏Å‡πÑ‡∏Å‡πà  ‡πÉ‡∏´‡∏°‡πà ‡∏™‡∏î ‡∏™‡∏∞‡∏≠‡∏≤‡∏î 500‡∏Å‡∏£‡∏±‡∏° ‡πÅ‡∏ñ‡∏°‡∏ü‡∏£‡∏µ2‡∏ä‡∏¥‡πâ‡∏ô‡πÉ‡∏ô‡∏ñ‡∏∏‡∏á,‡∏ø89,‡∏£‡πâ‡∏≤‡∏ô‡πÅ‡∏ô‡∏∞‡∏ô‡∏≥,‡∏Ç‡∏≤‡∏¢‡πÅ‡∏•‡πâ‡∏ß 13 ‡∏ä‡∏¥‡πâ‡∏ô,‡∏à‡∏±‡∏á‡∏´‡∏ß‡∏±‡∏î‡∏û‡∏£‡∏∞‡∏ô‡∏Ñ‡∏£‡∏®‡∏£‡∏µ‡∏≠‡∏¢‡∏∏‡∏ò‡∏¢‡∏≤,https://cf.shopee.co.th/file/827539dc27fb3d580d4711107240075b_tn,https://shopee.co.th//‡πÑ‡∏™‡πâ‡∏Å‡∏£‡∏≠‡∏Å‡∏£‡∏°‡∏Ñ‡∏ß‡∏±‡∏ô‡∏´‡∏ô‡∏±‡∏á‡∏Å‡∏£‡∏≠‡∏ö-‡πÑ‡∏™‡πâ‡∏Å‡∏£‡∏≠‡∏Å‡πÑ‡∏Å‡πà-‡πÉ‡∏´‡∏°‡πà-‡∏™‡∏î-‡∏™‡∏∞‡∏≠‡∏≤‡∏î-500‡∏Å‡∏£‡∏±‡∏°-‡πÅ‡∏ñ‡∏°‡∏ü‡∏£‡∏µ2‡∏ä‡∏¥‡πâ‡∏ô‡πÉ‡∏ô‡∏ñ‡∏∏‡∏á-i.212204732.5053299533
41,Tyson ‡πÑ‡∏Å‡πà‡∏õ‡πä‡∏≠‡∏õ‡∏Ñ‡∏≠‡∏£‡πå‡∏ô Breaded Chicken Popcorn 500 g,‡∏ø126,shopee mall,‡∏Ç‡∏≤‡∏¢‡πÅ‡∏•‡πâ‡∏ß 118 ‡∏ä‡∏¥‡πâ‡∏ô,‡∏à‡∏±‡∏á‡∏´‡∏ß‡∏±‡∏î‡∏™‡∏°‡∏∏‡∏ó‡∏£‡∏õ‡∏£‡∏≤‡∏Å‡∏≤‡∏£,https://cf.shopee.co.th/file/aeb9b301bca42a5ff9775b37b61f6de1_tn,https://shopee.co.th//Tyson-‡πÑ‡∏Å‡πà‡∏õ‡πä‡∏≠‡∏õ‡∏Ñ‡∏≠‡∏£‡πå‡∏ô-Breaded-Chicken-Popcorn-500-g-i.242496057.6633486954
42,‡∏Ç‡∏ô‡∏°‡∏õ‡∏±‡∏á‡∏õ‡∏¥‡πä‡∏ö ‡∏Å‡∏¥‡πÄ‡∏•‡∏ô ‡∏Ç‡∏≤‡πÑ‡∏Å‡πà‡∏£‡∏™‡∏ó‡∏£‡∏á‡πÄ‡∏Ñ‡∏£‡∏∑‡πà‡∏≠‡∏á ‡∏ô‡πâ‡∏≥‡∏´‡∏ô‡∏±‡∏Å 400 ‡∏Å‡∏£‡∏±‡∏° 1 ‡∏õ‡∏¥‡πä‡∏õ ‡πÇ‡∏£‡∏á‡∏á‡∏≤‡∏ô‡∏Ç‡∏≤‡∏¢‡∏ï‡∏£‡∏á,‡∏ø59,‡∏£‡πâ‡∏≤‡∏ô‡πÅ‡∏ô‡∏∞‡∏ô‡∏≥,‡∏Ç‡∏≤‡∏¢‡πÅ‡∏•‡πâ‡∏ß 25 ‡∏ä‡∏¥‡πâ‡∏ô,‡∏à‡∏±‡∏á‡∏´‡∏ß‡∏±‡∏î‡∏Å‡∏£‡∏∏‡∏á‡πÄ‡∏ó‡∏û‡∏°‡∏´‡∏≤‡∏ô‡∏Ñ‡∏£,https://cf.shopee.co.th/file/e2d7b29ad7763f24db1fd66293f179f4_tn,https://shopee.co.th//‡∏Ç‡∏ô‡∏°‡∏õ‡∏±‡∏á‡∏õ‡∏¥‡πä‡∏ö-‡∏Å‡∏¥‡πÄ‡∏•‡∏ô-‡∏Ç‡∏≤‡πÑ‡∏Å‡πà‡∏£‡∏™‡∏ó‡∏£‡∏á‡πÄ‡∏Ñ‡∏£‡∏∑‡πà‡∏≠‡∏á-‡∏ô‡πâ‡∏≥‡∏´‡∏ô‡∏±‡∏Å-400-‡∏Å‡∏£‡∏±‡∏°-1-‡∏õ‡∏¥‡πä‡∏õ-‡πÇ‡∏£‡∏á‡∏á‡∏≤‡∏ô‡∏Ç‡∏≤‡∏¢‡∏ï‡∏£‡∏á-i.34898806.2347000856
43,‡πÑ‡∏Å‡πà‡πÄ‡∏ä‡∏µ‡∏¢‡∏á‡∏£‡∏≠‡∏ö‡∏µ‡∏≠‡∏∞‡∏´‡πå ‡∏Ñ‡∏£‡∏∂‡πà‡∏á‡∏Å‡∏¥‡πÇ‡∏• 500‡∏Å‡∏£‡∏±‡∏° ‡∏Æ‡∏≤‡∏•‡∏≤‡∏•‡∏™‡∏î‡πÉ‡∏´‡∏°‡πà‡∏à‡∏≤‡∏Å‡πÇ‡∏£‡∏á‡∏á‡∏≤‡∏ô,‡∏ø94,general,‡∏Ç‡∏≤‡∏¢‡πÅ‡∏•‡πâ‡∏ß 21 ‡∏ä‡∏¥‡πâ‡∏ô,‡∏à‡∏±‡∏á‡∏´‡∏ß‡∏±‡∏î‡∏û‡∏£‡∏∞‡∏ô‡∏Ñ‡∏£‡∏®‡∏£‡∏µ‡∏≠‡∏¢‡∏∏‡∏ò‡∏¢‡∏≤,https://cf.shopee.co.th/file/cbbbe2b0a600dc84a7bea215f4d518c9_tn,https://shopee.co.th//‡πÑ‡∏Å‡πà‡πÄ‡∏ä‡∏µ‡∏¢‡∏á‡∏£‡∏≠‡∏ö‡∏µ‡∏≠‡∏∞‡∏´‡πå-‡∏Ñ‡∏£‡∏∂‡πà‡∏á‡∏Å‡∏¥‡πÇ‡∏•-500‡∏Å‡∏£‡∏±‡∏°-‡∏Æ‡∏≤‡∏•‡∏≤‡∏•‡∏™‡∏î‡πÉ‡∏´‡∏°‡πà‡∏à‡∏≤‡∏Å‡πÇ‡∏£‡∏á‡∏á‡∏≤‡∏ô-i.146012398.6286815926
44,‡∏•‡∏π‡∏Å‡∏ä‡∏¥‡πâ‡∏ô‡πÑ‡∏Å‡πà 5 ‡∏™‡πÑ‡∏ï‡∏•‡πå ‡∏ï‡∏£‡∏≤‡∏ü‡∏≤‡∏£‡πå‡∏°‡∏™‡∏∏‡∏Ç ‡∏Ç‡∏ô‡∏≤‡∏î 500 ‡∏Å‡∏£‡∏±‡∏°,‡∏ø55 - ‡∏ø65,‡∏£‡πâ‡∏≤‡∏ô‡πÅ‡∏ô‡∏∞‡∏ô‡∏≥,‡∏Ç‡∏≤‡∏¢‡πÅ‡∏•‡πâ‡∏ß 22 ‡∏ä‡∏¥‡πâ‡∏ô,‡∏à‡∏±‡∏á‡∏´‡∏ß‡∏±‡∏î‡∏ô‡∏ô‡∏ó‡∏ö‡∏∏‡∏£‡∏µ,https://cf.shopee.co.th/file/92d514a81595f572b8be852828577354_tn,https://shopee.co.th//‡∏•‡∏π‡∏Å‡∏ä‡∏¥‡πâ‡∏ô‡πÑ‡∏Å‡πà-5-‡∏™‡πÑ‡∏ï‡∏•‡πå-‡∏ï‡∏£‡∏≤‡∏ü‡∏≤‡∏£‡πå‡∏°‡∏™‡∏∏‡∏Ç-‡∏Ç‡∏ô‡∏≤‡∏î-500-‡∏Å‡∏£‡∏±‡∏°-i.35173471.3747263736
45,üçó‡πÑ‡∏Å‡πà‡∏Ñ‡∏≤‡∏£‡∏≤‡πÄ‡∏Å‡∏∞‡∏™‡∏∏‡∏£‡∏û‡∏•‡∏ü‡∏π‡πä‡∏î ‡∏™‡∏π‡∏ï‡∏£‡∏û‡∏£‡∏¥‡∏Å‡πÑ‡∏ó‡∏¢‡∏î‡∏≥üêî (1‡∏Å‡∏¥‡πÇ‡∏•/‡πÅ‡∏û‡πá‡∏Ñ) ‡∏´‡∏≠‡∏°‡πÄ‡∏Ñ‡∏£‡∏∑‡πà‡∏≠‡∏á‡πÄ‡∏ó‡∏®,‡∏ø135,general,‡∏Ç‡∏≤‡∏¢‡πÅ‡∏•‡πâ‡∏ß 35 ‡∏ä‡∏¥‡πâ‡∏ô,‡∏à‡∏±‡∏á‡∏´‡∏ß‡∏±‡∏î‡∏ô‡∏Ñ‡∏£‡∏™‡∏ß‡∏£‡∏£‡∏Ñ‡πå,https://cf.shopee.co.th/file/bf3be63b81695a1ac8a7ab1e01670bfd_tn,https://shopee.co.th//üçó‡πÑ‡∏Å‡πà‡∏Ñ‡∏≤‡∏£‡∏≤‡πÄ‡∏Å‡∏∞‡∏™‡∏∏‡∏£‡∏û‡∏•‡∏ü‡∏π‡πä‡∏î-‡∏™‡∏π‡∏ï‡∏£‡∏û‡∏£‡∏¥‡∏Å‡πÑ‡∏ó‡∏¢‡∏î‡∏≥üêî-(1‡∏Å‡∏¥‡πÇ‡∏•-‡πÅ‡∏û‡πá‡∏Ñ)-‡∏´‡∏≠‡∏°‡πÄ‡∏Ñ‡∏£‡∏∑‡πà‡∏≠‡∏á‡πÄ‡∏ó‡∏®-i.39395342.7167283417
46,ÁÖ≤‰ªîÈ•≠zihaiguo‡∏Ç‡πâ‡∏≤‡∏ß‡∏´‡∏°‡πâ‡∏≠‡πÑ‡∏ü‡πÅ‡∏ö‡∏ö‡∏û‡∏Å‡∏û‡∏≤ ‡∏™‡∏∏‡∏Å‡πÄ‡∏≠‡∏á‡πÑ‡∏°‡πà‡∏á‡πâ‡∏≠‡πÑ‡∏ü ‡∏™‡∏≥‡πÄ‡∏£‡πá‡∏à‡∏£‡∏π‡∏õ ‡∏Ç‡πâ‡∏≤‡∏ß‡∏´‡∏≠‡∏°‡∏°‡∏∞‡∏•‡∏¥ ‡πÄ‡∏´‡πá‡∏î‡∏´‡∏≠‡∏°‡∏°‡∏µ‡∏£‡∏™ ‡∏´‡∏°‡∏π ‡∏Ç‡πâ‡∏≤‡∏ß‡πÄ‡∏ô‡∏∑‡πâ‡∏≠‡∏ä‡∏≤‡∏ö‡∏π ‡πÄ‡∏ô‡∏∑‡πâ‡∏≠‡∏ß‡∏±‡∏ß ‡πÑ‡∏Å‡πà ‡∏≠‡∏£‡πà‡∏≠‡∏¢9‡∏£‡∏™‡∏ä‡∏≤‡∏ï,‡∏ø79 - ‡∏ø179,‡∏£‡πâ‡∏≤‡∏ô‡πÅ‡∏ô‡∏∞‡∏ô‡∏≥,‡∏Ç‡∏≤‡∏¢‡πÅ‡∏•‡πâ‡∏ß 50 ‡∏ä‡∏¥‡πâ‡∏ô,‡∏à‡∏±‡∏á‡∏´‡∏ß‡∏±‡∏î‡∏Å‡∏£‡∏∏‡∏á‡πÄ‡∏ó‡∏û‡∏°‡∏´‡∏≤‡∏ô‡∏Ñ‡∏£,https://cf.shopee.co.th/file/3cf2aead5be6b2250d8cb00d8661a971_tn,https://shopee.co.th//ÁÖ≤‰ªîÈ•≠zihaiguo‡∏Ç‡πâ‡∏≤‡∏ß‡∏´‡∏°‡πâ‡∏≠‡πÑ‡∏ü‡πÅ‡∏ö‡∏ö‡∏û‡∏Å‡∏û‡∏≤-‡∏™‡∏∏‡∏Å‡πÄ‡∏≠‡∏á‡πÑ‡∏°‡πà‡∏á‡πâ‡∏≠‡πÑ‡∏ü-‡∏™‡∏≥‡πÄ‡∏£‡πá‡∏à‡∏£‡∏π‡∏õ-‡∏Ç‡πâ‡∏≤‡∏ß‡∏´‡∏≠‡∏°‡∏°‡∏∞‡∏•‡∏¥-‡πÄ‡∏´‡πá‡∏î‡∏´‡∏≠‡∏°‡∏°‡∏µ‡∏£‡∏™-‡∏´‡∏°‡∏π-‡∏Ç‡πâ‡∏≤‡∏ß‡πÄ‡∏ô‡∏∑‡πâ‡∏≠‡∏ä‡∏≤‡∏ö‡∏π-‡πÄ‡∏ô‡∏∑‡πâ‡∏≠‡∏ß‡∏±‡∏ß-‡πÑ‡∏Å‡πà-‡∏≠‡∏£‡πà‡∏≠‡∏¢9‡∏£‡∏™‡∏ä‡∏≤‡∏ï-i.343809185.9650832233
47,‡πÅ‡∏Æ‡∏Å‡∏∂‡πâ‡∏ô ‡∏Å‡∏∏‡πâ‡∏á‡∏•‡πâ‡∏ß‡∏ô‡∏™‡∏π‡∏ï‡∏£‡πÇ‡∏ö‡∏£‡∏≤‡∏ì set ‡∏£‡∏±‡∏ö‡∏ï‡∏£‡∏∏‡∏©‡∏à‡∏µ‡∏ô ‡∏ä‡∏∏‡∏î‡∏•‡∏∞ 10 ‡πÄ‡∏™‡πâ‡∏ô(‡πÑ‡∏°‡πà‡∏£‡∏ß‡∏°‡∏Ñ‡πà‡∏≤‡∏à‡∏±‡∏î‡∏™‡πà‡∏á)‡∏£‡∏ö‡∏Å‡∏ß‡∏ô‡πÄ‡∏ä‡πá‡∏Ñ‡∏Ñ‡πà‡∏≤‡∏à‡∏±‡∏î‡∏™‡πà‡∏á‡∏Å‡πà‡∏≠‡∏ô‡∏ô‡∏∞‡∏Ñ‡∏£‡∏±‡∏ö**,"‡∏ø1,100",general,‡∏Ç‡∏≤‡∏¢‡πÅ‡∏•‡πâ‡∏ß 30 ‡∏ä‡∏¥‡πâ‡∏ô,‡∏à‡∏±‡∏á‡∏´‡∏ß‡∏±‡∏î‡∏Å‡∏£‡∏∏‡∏á‡πÄ‡∏ó‡∏û‡∏°‡∏´‡∏≤‡∏ô‡∏Ñ‡∏£,https://cf.shopee.co.th/file/fe056744346c90ae6c1e08410f994a7c_tn,https://shopee.co.th//‡πÅ‡∏Æ‡∏Å‡∏∂‡πâ‡∏ô-‡∏Å‡∏∏‡πâ‡∏á‡∏•‡πâ‡∏ß‡∏ô‡∏™‡∏π‡∏ï‡∏£‡πÇ‡∏ö‡∏£‡∏≤‡∏ì-set-‡∏£‡∏±‡∏ö‡∏ï‡∏£‡∏∏‡∏©‡∏à‡∏µ‡∏ô-‡∏ä‡∏∏‡∏î‡∏•‡∏∞-10-‡πÄ‡∏™‡πâ‡∏ô(‡πÑ‡∏°‡πà‡∏£‡∏ß‡∏°‡∏Ñ‡πà‡∏≤‡∏à‡∏±‡∏î‡∏™‡πà‡∏á)‡∏£‡∏ö‡∏Å‡∏ß‡∏ô‡πÄ‡∏ä‡πá‡∏Ñ‡∏Ñ‡πà‡∏≤‡∏à‡∏±‡∏î‡∏™‡πà‡∏á‡∏Å‡πà‡∏≠‡∏ô‡∏ô‡∏∞‡∏Ñ‡∏£‡∏±‡∏ö**-i.93210872.1834040475
48,‡∏õ‡∏•‡∏≤‡∏™‡∏•‡∏¥‡∏î‡πÅ‡∏î‡∏î‡πÄ‡∏î‡∏µ‡∏¢‡∏ß-‡∏Ç‡∏ô‡∏≤‡∏î-8-9 ‡∏ï‡∏±‡∏ß‡πÇ‡∏•)-1-‡∏Å‡∏Å.  ‡πÅ‡∏û‡πä‡∏Ñ‡∏ñ‡∏∏‡∏á‡∏™‡∏∏‡∏ç‡∏ç‡∏≤‡∏Å‡∏≤‡∏® ‡πÑ‡∏£‡πâ‡∏Å‡∏•‡∏¥‡πà‡∏ô  ‡∏™‡∏¥‡∏ô‡∏Ñ‡πâ‡∏≤‡∏ó‡∏≥‡πÉ‡∏´‡∏°‡πà‡∏ó‡∏∏‡∏Å‡∏ß‡∏±‡∏ô ‡πÄ‡∏°‡∏∑‡πà‡∏≠‡πÑ‡∏î‡πâ‡∏£‡∏±‡∏ö‡∏™‡∏¥‡∏ô‡∏Ñ‡πâ‡∏≤‡∏à‡∏±‡∏î‡πÄ‡∏Å‡πá‡∏ö‡πÉ‡∏ô‡∏ä‡πà‡∏≠‡∏á‡∏ü‡∏£‡∏µ‡∏ã ‡∏£,‡∏ø150 - ‡∏ø280,‡∏£‡πâ‡∏≤‡∏ô‡πÅ‡∏ô‡∏∞‡∏ô‡∏≥,‡∏Ç‡∏≤‡∏¢‡πÅ‡∏•‡πâ‡∏ß 835 ‡∏ä‡∏¥‡πâ‡∏ô,‡∏à‡∏±‡∏á‡∏´‡∏ß‡∏±‡∏î‡∏™‡∏°‡∏∏‡∏ó‡∏£‡∏õ‡∏£‡∏≤‡∏Å‡∏≤‡∏£,https://cf.shopee.co.th/file/c961ac0cbddcb1f53fecf278dc696447_tn,https://shopee.co.th//‡∏õ‡∏•‡∏≤‡∏™‡∏•‡∏¥‡∏î‡πÅ‡∏î‡∏î‡πÄ‡∏î‡∏µ‡∏¢‡∏ß-‡∏Ç‡∏ô‡∏≤‡∏î-8-9-‡∏ï‡∏±‡∏ß‡πÇ‡∏•)-1-‡∏Å‡∏Å.-‡πÅ‡∏û‡πä‡∏Ñ‡∏ñ‡∏∏‡∏á‡∏™‡∏∏‡∏ç‡∏ç‡∏≤‡∏Å‡∏≤‡∏®-‡πÑ‡∏£‡πâ‡∏Å‡∏•‡∏¥‡πà‡∏ô-‡∏™‡∏¥‡∏ô‡∏Ñ‡πâ‡∏≤‡∏ó‡∏≥‡πÉ‡∏´‡∏°‡πà‡∏ó‡∏∏‡∏Å‡∏ß‡∏±‡∏ô-‡πÄ‡∏°‡∏∑‡πà‡∏≠‡πÑ‡∏î‡πâ‡∏£‡∏±‡∏ö‡∏™‡∏¥‡∏ô‡∏Ñ‡πâ‡∏≤‡∏à‡∏±‡∏î‡πÄ‡∏Å‡πá‡∏ö‡πÉ‡∏ô‡∏ä‡πà‡∏≠‡∏á‡∏ü‡∏£‡∏µ‡∏ã-‡∏£-i.82098483.1691193937
49,‡πÑ‡∏Å‡πà‡∏´‡πà‡∏≠‡∏™‡∏≤‡∏´‡∏£‡πà‡∏≤‡∏¢‡∏ó‡∏≤‡∏ô‡∏™‡∏∞‡∏î‡∏ß‡∏Å‡πÉ‡∏ô freshmart ‡πÄ‡∏ô‡∏∑‡πâ‡∏≠‡πÑ‡∏Å‡πà‡∏•‡πâ‡∏ß‡∏ô‡πÜ‡πÜ ‡πÑ‡∏°‡πà‡∏ú‡∏™‡∏°‡πÅ‚Äã‡∏õ‚Äã‡πâ‡∏á,‡∏ø79 - ‡∏ø140,‡∏£‡πâ‡∏≤‡∏ô‡πÅ‡∏ô‡∏∞‡∏ô‡∏≥,‡∏Ç‡∏≤‡∏¢‡πÅ‡∏•‡πâ‡∏ß 1.8‡∏û‡∏±‡∏ô ‡∏ä‡∏¥‡πâ‡∏ô,‡∏à‡∏±‡∏á‡∏´‡∏ß‡∏±‡∏î‡∏™‡∏°‡∏∏‡∏ó‡∏£‡∏õ‡∏£‡∏≤‡∏Å‡∏≤‡∏£,https://cf.shopee.co.th/file/2a0eb949281693c558058c6fd0288392_tn,https://shopee.co.th//‡πÑ‡∏Å‡πà‡∏´‡πà‡∏≠‡∏™‡∏≤‡∏´‡∏£‡πà‡∏≤‡∏¢‡∏ó‡∏≤‡∏ô‡∏™‡∏∞‡∏î‡∏ß‡∏Å‡πÉ‡∏ô-freshmart-‡πÄ‡∏ô‡∏∑‡πâ‡∏≠‡πÑ‡∏Å‡πà‡∏•‡πâ‡∏ß‡∏ô‡πÜ‡πÜ-‡πÑ‡∏°‡πà‡∏ú‡∏™‡∏°‡πÅ‚Äã‡∏õ‚Äã‡πâ‡∏á-i.22770647.6910064838
50,Branston Original Pickle 360g ‡∏ú‡∏±‡∏Å‡∏î‡∏≠‡∏á (‡πÅ‡∏Ñ‡∏£‡∏≠‡∏ó ‡∏ú‡∏±‡∏Å‡∏Å‡∏≤‡∏î ‡∏´‡∏±‡∏ß‡∏´‡∏≠‡∏° ‡πÅ‡∏•‡∏∞‡∏Å‡∏∞‡∏´‡∏•‡πà‡∏≥) 360g,‡∏ø139,‡∏£‡πâ‡∏≤‡∏ô‡πÅ‡∏ô‡∏∞‡∏ô‡∏≥,‡∏Ç‡∏≤‡∏¢‡πÅ‡∏•‡πâ‡∏ß 73 ‡∏ä‡∏¥‡πâ‡∏ô,‡∏à‡∏±‡∏á‡∏´‡∏ß‡∏±‡∏î‡∏Å‡∏£‡∏∏‡∏á‡πÄ‡∏ó‡∏û‡∏°‡∏´‡∏≤‡∏ô‡∏Ñ‡∏£,https://cf.shopee.co.th/file/4b201fb11b5e74b48695a98cf0b6f80a_tn,https://shopee.co.th//Branston-Original-Pickle-360g-‡∏ú‡∏±‡∏Å‡∏î‡∏≠‡∏á-(‡πÅ‡∏Ñ‡∏£‡∏≠‡∏ó-‡∏ú‡∏±‡∏Å‡∏Å‡∏≤‡∏î-‡∏´‡∏±‡∏ß‡∏´‡∏≠‡∏°-‡πÅ‡∏•‡∏∞‡∏Å‡∏∞‡∏´‡∏•‡πà‡∏≥)-360g-i.38135558.3520787927
