num,title,author,author_id,story,likeCount,emocount,allemos,tags,dateTime,post_link,img_src
1,ต้มยำไก่,สมาชิกหมายเลข 5969321,5969321,"
								ต้มยำไก่                 																															",1,0,"['0', '0', '0', '0', '0', '0']","['เมนูต้ม', 'เมนูซุป', 'ทำอาหาร', 'อาหารคาว', 'อาหาร']",03/01/2021 15:09:47,https://pantip.com/topic/40552543,https://f.ptcdn.info/716/072/000/qpa6m4g04Up0KF1vh3-o.jpg
2,ไก่อบกะทิ,สมาชิกหมายเลข 5969321,5969321,"
								ไก่อบกะทิ                        


																															",6,13,"['12', '0', '0', '0', '0', '1']","['เมนูอบ', 'อาหารปิ้งย่าง', 'อาหารไทย', 'สูตรอาหาร', 'ทำอาหาร']",03/22/2021 16:50:55,https://pantip.com/topic/40596889,https://f.ptcdn.info/928/072/000/qqd7ag9io6EtzGm1SKOB-o.jpg
3,ไก่กระทะvsสุกี้ไก่น้ำ,สมาชิกหมายเลข 6383588,6383588,"
								ระหว่างไก่กระทะกับสุกี้ไก่อะไรมีวัตถุดิบที่ซื้อแพงกว่ากันและถ้าให้เลือกว่าจะกินอะไรจะเลือกอะไรระหวางไก่กระทะ....สุกี้																															",0,1,"['1', '0', '0', '0', '0', '0']","['วัตถุดิบทำอาหาร', 'อาหารปิ้งย่าง', 'เมนูอาหาร', 'อาหาร']",03/29/2021 14:50:31,https://pantip.com/topic/40610668,no img
4,ลูกไก่,สมาชิกหมายเลข 6392812,6392812,"
								คือลูกไก่พึ่งออกจากไข่แล้วแม่มันทิ้งมันคิดว่าได่เน่าเลยพาลูกที่ออกจากไข่นานแล้วออกจากรัง ควรเลี้ยงลูกไก่ที่พึ่งออกจากไข่ยังไง ขนยังไม่แห้งเลยระหว่างนี้มันกินไรเป็นอาหารค่า																															",0,1,"['0', '0', '0', '1', '0', '0']",['สัตว์ปีก'],04/05/2021 10:49:24,https://pantip.com/topic/40624192,no img
5,เรื่องไก่,สมาชิกหมายเลข 6376211,6376211,"
								คือผมมีไก่ชนตัวผู้ อายุ6เดือน แต่ตัวเล็กมาก พี่ๆลองคิดดูว่าน้ำหนัก2.3 โล จะตัวเล็กแค่ไหน ถ้าตามประสาคนเล่นไก่เขาจะเรียกว่าไก่ รอยเล็ก หรือหลุดรอย เพราะตัวเล็กมาก ผมเลยอยากรู้ว่า มันสามารถ จะโตได้อีกไหม เพราะไก่อายุ6เดือน และอยากรู้ว่า ไก่จะสูงและโตเต็มที่ อายุกี่เดือน ขอบคุณ ครับ  #ความรุ้เรื่องไก่ชน																															",0,1,"['0', '0', '0', '1', '0', '0']",['ไก่ชน'],03/24/2021 03:03:08,https://pantip.com/topic/40599982,no img
6,ไก่หัน กับ ไก่หมุน,สมาชิกหมายเลข 2242842,2242842,"
								พอดีผมกับแฟน นั่งเถียงกันเรื่อง ไก่หัน กับ ไก่หมุน ผมอยากทราบว่า ไก่หัน กับ ไก่หมุน ต่างกันยังไงครับ????																															",0,0,"['0', '0', '0', '0', '0', '0']","['อาหาร', 'อาหารไทย']",01/31/2021 20:55:04,https://pantip.com/topic/40489181,no img
7,แม่ไก่,สมาชิกหมายเลข 5878818,5878818,"
								ผมสงใสว่าถ้าแม่ไก่ผสมกับตัวผู้อีกตัวแล้วมีไข่ในท้อง สมารถรับน้ำเชื้อเผื่อสร้างไข่ได้อีกตัวไหมครับ
 และหมาก็เหมือนกันถ้าหมาผสมพันหลายๆตัวแล้วหมาจะเอาน้ำเชื้อแต่ละตัวมาสร้างลูกไหมครับ เช่นมาผสมพัน5ตัว  น้ำเชื้อมี5น้ำเชื้อ หมาแต่ละตัวจะมีลูกออกมาทั้ง5ตัวไหมครับ   และลูกหมาจะมีพ่อคนละพ่อไหมครับ   พ่อ1สีดำ ลูดำ พ่อ2สีขาวลูกขาวจนถึง3-4-5  ทำไห้งงขอโทษด้วยนะครับ
[Spoil] คลิกเพื่อดูข้อความที่ซ่อนไว้ใส่ข้อความ																															",0,0,"['0', '0', '0', '0', '0', '0']","['สุนัข', 'ไก่ชน', 'สัตว์เลี้ยง']",04/05/2021 07:11:53,https://pantip.com/topic/40623929,no img
8,ไก่ขันทำไมครับ,สมาชิกหมายเลข 3212125,3212125,"
								พอดีนอนๆกำลังจะหลับ ตี1 ไก่ขันครับ แล้วพอขันตัวนึงทีนี้ขันกันยกทีมเลยครับ ก็เลยสงสัยว่า ไก่ขันทำไมครับ จุดประสงค์ในการขันแท้จริงของไก่คืออะไร หรือ มีอะไรไปกระตุ้น ถึงรู้ว่าจะต้องขันเวลาไหนครับ																															",0,1,"['0', '1', '0', '0', '0', '0']",[],04/12/2021 10:13:04,https://pantip.com/topic/40637840,no img
9,แกงเขียวหวานไก่,สมาชิกหมายเลข 5483783,5483783,"
								

เป็นคลิปเกี่ยวกับการทำแกงเขียวหวานไก่ แนวแร่งความเร็ว vdo เพื่อความสนุกในการดู
ไม่ใช่เชิงสอนทำซะทีเดียว 

ฝากติดตามช่อง youtube : ครัวกระทะทองแดง
ขอบคุณทุกคนมากครับ สามารถติชมกันได้ตามสะดวก																															",0,0,"['0', '0', '0', '0', '0', '0']","['YouTube', 'อาหาร', 'อาหารคาว', 'ทำอาหาร', 'วัตถุดิบทำอาหาร']",02/26/2021 20:01:03,https://pantip.com/topic/40546941,no img
10,ไก่กัดสุนัข,สมาชิกหมายเลข 6419314,6419314,"
								ถ้าเกิดว่าสุนัขเราไปกัดไก่ของผู้อื่น ซึ่งไก่ของผู้อื่นนั้น เข้ามาในพื้นที่ของเราใครผิด   
 
เหตุการณ์คือ สุนัขของเราจะอยู่ที่เถียงนาน้อยเฝ้าไร่แล้วมีไก่ของคนอื่นเข้ามาหากินใน พื้นที่ของเรา สุนัขเราจึงกัดไก่ของเขา ถ้าเป็นแบบนี้อยากทราบว่าจะผิดอะไรยังไงบ้างครับ????
[Spoil] คลิกเพื่อดูข้อความที่ซ่อนไว้ใส่ข้อความ																															",0,0,"['0', '0', '0', '0', '0', '0']",['ปัญหาชีวิต'],04/23/2021 16:01:35,https://pantip.com/topic/40661334,no img
11,ไก่มีไม,สมาชิกหมายเลข 6129135,6129135,"
								ไก่มีไมคับ																															",0,1,"['0', '1', '0', '0', '0', '0']",['สัตว์ปีก'],12/14/2020 11:17:19,https://pantip.com/topic/40384056,no img
12,ต้มข่าไก่,สมาชิกหมายเลข 5969321,5969321,"
								ต้มข่าไก่
ส่วนผสม
1. ใบมะกรูด
2. หอมแดง
3. ตะไคร้
4. มะขามเปียก
5. มะเขือเทศ
6. สะโพกไก่ 
7. เห็ดนางฟ้า
8. กะทิ 400 มิลลิลิตร
9. เกลือ 2 ชา
10. น้ำตาล 4 ช้อนชา
11. ผงปรุงรส 1 ช้อนชา
12. พริกชี้ฟ้าแดง
13. พริกแห้งทอด ต้ำหอมผักชีซอย

วิธีทำ ต้มข่าไก่
1. ใส่กะทิในหม้อ แล้วตั้งไฟ พอเริ่มเดือด ใส่ตะไคร้ ข่า ใบมะกรูด หอมแดง 
2. พอกะทิเดือดใส่เนื้อไก่ พอเดือดอีกรอบใส่มะขามเปียก
3. คอยช้อนฟองทิ้ง แล้วใส่มะเขือเทศ
4. ปรุงรสด้วยเกลือ น้ำตาล ผงปรุงรส
5. ต้มจนกว่าไก่จะสุก แล้วเห็ด พริกชี้ฟ้าแดง
6. รอจนเห็ดสุก ใส่พริกแห้งทอด ต้นหอมผักชีซอย
7. ตักใส่ถ้วยโรยหน้าด้วย พริกขี้หนูทุบ ผักชี พร้อมเสิร์ฟแล้วจ้า 
                  

																															",1,3,"['3', '0', '0', '0', '0', '0']","['อาหารไทย', 'สูตรอาหาร', 'อาหารคาว', 'เมนูต้ม', 'เมนูอาหาร']",02/05/2021 15:32:45,https://pantip.com/topic/40500097,https://f.ptcdn.info/479/072/000/qo1riyoinPtLbP0LhbC-o.jpg
13,แกงฟักทองใส่ปีกไก่,สมาชิกหมายเลข 5969321,5969321,"
								แกงฟักทองใส่ปีกไก่                   																															",1,4,"['3', '0', '1', '0', '0', '0']","['เมนูแกง', 'อาหารไทย', 'สูตรอาหาร', 'ทำอาหาร', 'อาหาร']",04/21/2021 08:43:12,https://pantip.com/topic/40655761,https://f.ptcdn.info/226/073/000/qrw4pr56je2nSzsYi4m6-o.jpg
14,ฆ่-าไก่?,สมาชิกหมายเลข 6230744,6230744,"
								ถ้าเราเอาข้าวคลุกยาฆ่าหญ้าแล้วไก่มากินไก่จะตายมั้ย?																																	   แก้ไขข้อความเมื่อ   
							",0,0,"['0', '0', '0', '0', '0', '0']","['ปัญหาชีวิต', 'ปัญหาครอบครัว', 'ปัญหาสิ่งแวดล้อม', 'ปัญหาสังคม', 'ปัญหาวัยรุ่น']",04/07/2021 16:46:54,https://pantip.com/topic/40628856,no img
15,ไก่กับไข่,สมาชิกหมายเลข 5115088,5115088,"
								ไก่กับไข่ อะไรเกิดก่อนกัน																															",0,0,"['0', '0', '0', '0', '0', '0']",['ไก่ชน'],03/11/2021 20:05:02,https://pantip.com/topic/40574548,no img
16,ไก่แพ็คแช่แข็งกับไก่สดได้ประโยชน์เท่ากันไหม,สมาชิกหมายเลข 6105190,6105190,"
								คือถ้าเรากินไก่แพ็คกับไก่สดประโยชน์ที่ได้รับมันเหมือนกันไหมแล้วในไก่แพ็คมันมีโซเดียมมั้ยประมาณเท่าไหร่																															",0,0,"['0', '0', '0', '0', '0', '0']","['อาหาร', 'โภชนาการ', 'อาหารแช่แข็ง']",05/14/2021 08:56:37,https://pantip.com/topic/40707418,no img
17,สูตรไก่ทอดเเป๊ปซี่,สมาชิกหมายเลข 6401408,6401408,"
								วัตถุดิบ
1ปีกไก่กลาง
2เเป๊ปซี่
3ซอสปรุงรส
หมักไก่ แล้วนำไก่ไปทอดให้พอสุก จากนั้นแบ่งน้ำมันออกบางส่วนให้เหลือน้อยที่สุด ใส่เป๊ปซี่ ลงไปในกระทะจากนั้นให้นำ ไก่ ใส่ลงไปในกระทะ ผัด จนน้ำเป๊ปซี่แห้ง เป็นอันเสร็จ หวังว่าจะมีประโยชน์นะคะ																															",0,0,"['0', '0', '0', '0', '0', '0']",[],04/11/2021 12:27:31,https://pantip.com/topic/40636229,no img
18,เน็กไก่,สมาชิกหมายเลข 5870152,5870152,"
								อินเตอร์​ทรูจะเป็นแบบนี้ตลอดเลยหรือ
ตั้งค่าตามที่บอกมาก็แล้ว  เทสสปีด​ ขึ้นแค่0.3  เน็ต​ 10​ m นะ​ ไม่ใช่​ 1​ m																															",0,0,"['0', '0', '0', '0', '0', '0']",[],01/29/2021 20:43:22,https://pantip.com/topic/40484882,no img
19,ไก่ไข่ เลี้ยงยังไงให้มีลูกไก่?,สมาชิกหมายเลข 6193284,6193284,"
								คำถามที่ผมถามอาจจะดูโง่ๆเเต่ผมงงจริงๆนะครับ

พอดีที่บ้านซื้อไก่ไข่มาเลี้ยง 20 ตัวเป็นตัวเมียหมดเลยแล้วผมเลยถามกลับ ย่าว่าแล้วไม่ซื้อไก่ไข่ตัวผู้หรอเดี๋ยวไข่ก็จะไม่มีลูกไก่หรอกย่าก็บอกว่าไข่ไก่ตัวเมียมันไข่ไม่มีตัวอยู่แล้วผมเลยสงสัยว่าอ้าวแล้วทำยังไงแม่ไก่ ไข่ถึงจะออก ไข่มีเชื้อ เป็นลูกเจี๊ยบ

เลยอยากจะถามพวกพี่ๆที่มีความรู้หน่อยครับ

อยากรู้ว่าเลี้ยงไก่ไข่ยังไงให้ไข่มีเชื้อเป็นลูกไก่ไข่																																	   แก้ไขข้อความเมื่อ   
							",0,1,"['0', '1', '0', '0', '0', '0']","['สัตว์ปีก', 'สัตว์เลี้ยง']",02/04/2021 10:35:00,https://pantip.com/topic/40497177,no img
20,ไก่ตุ๋นยาจีน,good moments,402645,"
								ไก่ตุ๋นยาจีน เมนูบำรุงสุขภาพมาแล้วค่ะ
สองสามวันมานี้ พลังแฝงมาจากไหนเยะแยะไม่รู้ อยากทำนู่นทำนี่ทั้งวันเลยค่ะแม่นันวานสามีซื้อ น.ส.(น่องติดสะโพก) มาให้หนึ่งกิโล บอกให้เลือกอวบๆสวยๆ อารามคงตกใจกับคำว่า น.ส. กลัวบอกแม่ค้าผิด น่องที่ได้เลยไม่ค่อยติดสะโพกมาเท่าไหร่ ไม่เป็นไร พ่อบ้านซื้อให้ได้ขนาดนี้ก็เป็นบุญแล้ว ว่ามั้ยคะแม่นันนึกขึ้นได้ว่าอาทิตย์ที่แล้วมีซื้อเครื่องยาจีนไว้ เช้านี้จึงอยากทำเมนูสุขภาพถวายพระท่านที่ชรามากแล้ว มีโรคประจำตัวคือเบาหวานด้วย
ไก่ตุ๋นยาจีนเป็นอะไรที่แม่นันชอบมาตั้งแต่เด็กๆ จำได้ว่าอาอึ้ม (คุณแม่) ทำให้ทานบ่อยมาก คงเห็นแม่นันไม่ค่อยแข็งแรงน่ะค่ะ (แค่ผอมเท่าไม้จิ้มฟันเท่านั้นเอง) ทุกคนก็เป็นห่วงกันใหญ่ กลิ่นน้ำมันตับปลาที่ถูกบังคับให้กินแต่เด็กๆยังติดมาจนทุกวันนี้เลยค่ะ
ก่อนมาดูวิธีทำ มารู้จักสมุนไพรที่จะนำมาตุ๋นในหม้อนี้กันค่ะ ในเมนูนี้แม่นันใส่ เก๋ากี ฮ่วยซัว และปักคี้ (อึ่งคี้) จริงๆมีอีกหลายตัวที่นำมาตุ๋นได้นะคะ แต่ที่ซื้อมาเป็นแพ็คสำเร็จมีสามตัว แค่สามตัวยานี้ก็ได้ประโยชน์มหาศาลเลยค่ะ- เก๋ากีดำ คุณลักษณะของเก๋ากี้ดำ ในทางการแพทย์แผนจีน คือ รสหวาน ฤทธิ์กลาง ออกฤทธิ์ตามเส้นลมปราณของตับ ไต และปอด ช่วยบำรุงไต บำรุงสารจำเป็น เสริมตับ บำรุงสายตา สงบประสาท ดับกระหาย เสริมปอด แก้ไอร้อน รักษาตับและไตหยินพร่อง เอวและเข่าอ่อนแรง เวียนศีรษะ ตาลาย น้ำตามาก เบาหวาน- ฮ่วยซัว (ฝานเป็นแผ่นบางๆ) นำมาบดก็ได้ค่ะ เป็นสมุนไพร (พืชสกุลกลอย) บำรุงกำลัง และเป็นอาหารที่ดีต่อสุขภาพของผู้สูงอายุ ใช้รากเป็นยา มีสรรพคุณเสริมสร้างร่างกาย ช่วยย่อยอาหารแก้ท้องร่วง ลดเหงื่อ บำรุงไต และใช้ได้ผลมากกับอาการอันเกิดจากโรคเบาหวาน เช่น กระหายน้ำ ซูบผอมปัสสาวะมาก รวมทั้งอาการเหงื่อออกมาก นอนไม่หลับ เบื่ออาหาร ก็ให้รับประทานได้เช่นกัน- ปักคี้ หรืออึ่งคี้ เป็นพืชล้มลุกในตระกูลถั่ว เสริมสร้างภูมิต้านทานของร่างกาย ช่วยขจัดสิ่งแปลกปลอมให้แก่ร่างกายจึงเป็นตัวยาสำคัญในการปกป้องสุขภาพครรภ์ได้ดีทีเดียว และยังช่วยบำรุงเลือด เพิ่มกำลังลดการอ่อนเพลียให้ร่างกายมีกำลังมากขึ้น ช่วยกระตุ้นการทำงานต่างๆของเซลล์ภายในร่างกาย ขับของเสีย เสริมสร้างกล้ามเนื้อให้แข็งแรง และยังบำรุงร่างกายไม่ให้เกิดอาการวิงเวียนหน้ามืดระหว่างตั้งครรภ์
*ขอบคุณข้อมูลดีๆจากเวปไซต์ต่างๆค่ะเมื่อรู้จักสรรพคุณกันแล้ว มาดูวิธีตุ๋นกันค่ะ- นำสมุนไพรทั้งสามตัวนี้ ล้าง แช่น้ำ พักสะเด็ดน้ำก่อนนำมาใช้ค่ะ
- ตั้งหม้อใส่น้ำประมาณลิตรครึ่ง เหยาะเกลือเล็กน้อย (ถ้ามีรากผักชีบุบลงด้วยค่ะ)- เมื่อน้ำเดือด ค่อยๆหย่อนน่องไก่ลง ปรับไฟอ่อน (ไม่ต้องปิดฝาหม้อนะคะ) รอเดือดอีกครั้ง คอยช้อนฟองออก
- จากนั้นนำเครื่องยาจีนทุกอย่างใส่ลงไป พร้อมกับเห็ดหอม (ล้างและแช่น้ำจนนิ่ม) สักสามสี่ดอกค่ะ ปรับไฟกลาง ปิดฝา ตุ๋นสักพัก ปรุงด้วยเกลือ 2 ช้อนชา น้ำตาล 1 ชช. พริกไทย 1 ชช หรือมากกว่านี้ตามชอบ และซี่อิ๊วขาว 1 ชต.
**(ระหว่างเกลือกับซี่อิ๊วขาว ปรับกันได้ค่ะ ใส่อย่างใดอย่างหนึ่งมากกว่า เป็นเกลือ 1 ชช ซี่อิ๊วขาว 2 ชต. หรือเกลือ 2 ชช ซี่อิ๊วขาว 1 ชต) ถ้าแม่นันกะปริมาณน้ำผิดไป ค่อยๆปรับเครื่องปรุงกันนะคะ จะได้เพิ่มทักษะการชิมให้ตนเองค่ะ
- เมื่อได้รสชาติกลมกล่อมแล้ว ตุ๋นไฟอ่อนถึงกลางอีกสัก 20 นาที ขึ้นอยู่กับหม้อตุ๋นด้วยนะคะ แม่นันได้หม้อชุดนี้จากอาตั่วแจ้มา ชอบมากก เดือดไวมาก เหมาะสำหรับเมนูต้ม ตุ๋นมากค่ะ แต่เนื่องจากเป็นหม้อเก็บความร้อน ตัวหม้อจึงร้อนมาก รวมทั้งหูทั้งสองข้างด้วย ต้องสวมถุงมือจับทุกครั้งค่ะ ทิ้งไว้เป็นสิบ ยี่สิบนาทียังร้อนอยู่เลยค่ะ
- คอยเปิดฝาช้อนฟองออกเป็นระยะ ระยะนะคะ สีน่าทานมากค่ะ
แม่นันรีบแยกส่วนที่จะถวายพระออกมาก่อนเลยค่ะ พี่ภูมิ่ขอต่อก้นหม้อทันที (่บุญใหญ่นะเนีย) ""อื๋ม..เนื้อไกนุ่ม นำซุปอร่อยมากเลยมามี้"" ""เค้าเรียกเมนูอะไรเหรอ""
""เมนูไก่ตุ๋นยาจีน"" ค่ะ
ลองทำดูนะคะ ตุ๋นให้อาป๊า อาม้าทานบำรุงสุขภาพ เด็กๆอย่างพี่ภูมิ่ยังชอบเลยค่ะ ถ้าไม่ชอบไก่ ใช้กระดูกหมู เนื้อวัว หรือเนื้อแพะ ก็ได้ค่ะไว้แม่นันจะทยอยนำเมนูตุ๋นยาจีนอื่นๆ มาแนะนำอีกค่ะ
#ไก่ตุ๋นยาจีน #อาหารจีน #อาหารโบราณ #หาทานยาก #nanthineeHomemade #หาของกิน #อร่อยบอกต่อ																															",5,6,"['6', '0', '0', '0', '0', '0']","['เมนูตุ๋น', 'อาหารผู้สูงอายุ', 'อาหารจีน', 'เมนูอาหาร', 'อาหารเพื่อสุขภาพ']",05/20/2021 03:39:45,https://pantip.com/topic/40720619,https://f.ptcdn.info/548/073/000/qtdftg2m4m29jll6pAjx-o.jpg
21,เอ็นข้อไก่คั่วพริกเกลือ,สมาชิกหมายเลข 5969321,5969321,"
								เอ็นข้อไก่คั่วพริกเกลือ                   																															",6,8,"['8', '0', '0', '0', '0', '0']","['สูตรอาหาร', 'ทำอาหาร', 'อาหารว่าง/ของทานเล่น', 'อาหาร', 'เมนูทอด']",04/07/2021 18:24:02,https://pantip.com/topic/40629035,https://f.ptcdn.info/093/073/000/qr6ya3uqd9ehQ9VvPwT-o.jpg
22,ไก่โดนหมากัด,สมาชิกหมายเลข 6314378,6314378,"
								ไก่โดนหมากัดขนหลุดเป็นหย่อมหย่อม ให้กินยาอะไรได้บ้าง? ตอนนี้ปฐมพยาบาลเบื้องต้นคือเอาน้ำอุ่นเช็ดตัวรอยที่ถลอก แล้วใส่ยาเบตาดีนค่ะ																															",0,0,"['0', '0', '0', '0', '0', '0']",['ไก่ชน'],02/10/2021 09:46:24,https://pantip.com/topic/40510573,https://f.ptcdn.info/525/072/000/qoakzz3t1kRF8C9xewn5-o.jpg
23,ก๋วยเตี๋ยวไก่ตุ๋น,สมาชิกหมายเลข 5483783,5483783,"
								
เป็นคลิปเกี่ยวกับการก๋วยเตี๋ยวไก่ตุ๋นเปื่อยๆ แนวแร่งความเร็ว vdo เพื่อความสนุกในการดู
ไม่ใช่เชิงสอนทำซะทีเดียว 
ฝากติดตามช่อง youtube : ครัวกระทะทองแดง
ขอบคุณทุกคนมากครับ สามารถติชมกันได้ตามสะดวก																															",0,1,"['1', '0', '0', '0', '0', '0']","['เมนูตุ๋น', 'ทำอาหาร', 'อาหารไทย', 'อาหาร', 'ก๋วยเตี๋ยว']",03/09/2021 19:08:17,https://pantip.com/topic/40570202,no img
24,ประวัติต้มข่าไก่,สมาชิกหมายเลข 6224416,6224416,"
								ต้มข่าไก่เกิดขึ้นมาตั้งแต่สมัยใดคะ ใครรู้บ้างคะมีที่มายังไง																															",0,1,"['0', '1', '0', '0', '0', '0']",[],12/14/2020 10:18:24,https://pantip.com/topic/40383928,no img
25,วิธีทำให้ไก่หยุดขัน,สมาชิกหมายเลข 4740692,4740692,"
								มีวิธีทำให้ไก่หยุดขันไหมครับ ขันทั่งวันทั่งคืน ตอนกลางวันไม่เท่าไหร่
แต่ตอนกลางคืนขันทั้งคืนเลย ตั่งแต่ช่วง 4 ทุ่ม - ตี4-ตี5 บางคืนนอนไม่หลับก็มี
ไก่ของเพื่อนบ้าน มันมีอยู่แค่คู่เดียวแต่ขันอยู่ตัวเดียวทั้งคืนแล้วบ้านติดกันอีก เพราะแถวบ้านมีอยู่หลังเดียวที่เลี้ยงไก่
ถ้าผมเอาหนังกระติ๊กแอบยิง มันจะมีความผิดเยอะไหมครับ รำคาญมาก เคยเดินไปบอกแล้วเขาก็ทำเฉย																															",0,0,"['0', '0', '0', '0', '0', '0']","['ปัญหาชีวิต', 'สัตว์เลี้ยง']",04/10/2021 01:27:58,https://pantip.com/topic/40633871,no img
26,ไก่ได้พลอย,สมาชิกหมายเลข 2148931,2148931,"
								ไก่ได้พลอย

วันศุกร์ที่ 26 มีนาคม พ.ศ. 2564 วันศุกร์สุดท้ายของเดือนที่ไม่มีอะไรคลี่คลายแม้แต่ฝุ่นควันที่เชียงใหม่ ทุกอย่างล้วนมีคุณค่าในตัวเองไม่อย่างใดก็อย่างหนึ่งจะทำให้ทุกคนเห็นคุณค่านั้นได้ก็ต่อเมื่อเกิดความต้องการที่จะใช้บางทีก็หาได้ยากทั้งที่ไม่มีค่ามีราคาแต่อย่างไร ตรงข้ามกับของมีราคาคุณค่าสูงที่วางตรงหน้า ถ้าไม่ได้นำออกมาใช้ประโยชน์อะไรก็ดูเหมือนจะเป็นของไร้ค่าอยู่รกที่รกทางไป ดูเหมือนคุณค่าจะเป็นแบบอิงประโยชน์ของสิ่งนั้น นิทานเรื่องนี้จึงสอนให้รู้ว่า ไก่ได้พลอยไง
       แนะนำเมนูอาหารเช้าวันศุกร์นี้ ผัดหัวไชโปว้ใส่ไข่..เกาเหลาลูกชิ้น..หมูผัดพริกขิง..เนื้อปลาผัดคึ่นไฉ่ ขอให้เพื่อนๆมีความสุขความสำเร็จในชีวิต สิ่งศักดิ์สิทธิเทพยดา ศาสนาที่เคารพดลบันดาลให้ท่านเกิดสุขสมหวังปลอดภัยไร้โรคาเบียดเบียน เจริญก้าวหน้ายิ่งขึ้นไป โชคดีในศุกร์นี้และตลอดไป
       Noohom Ja
       26 / 3 / 64
   																															",0,2,"['2', '0', '0', '0', '0', '0']",['อาหาร'],03/26/2021 04:49:05,https://pantip.com/topic/40604200,https://f.ptcdn.info/964/072/000/qqjokq9ymcRBD7DqnkS-o.jpg
27,ไก่พันธุ์อะไรครับ,เฮียกุ่ย ณ. แพร่,536125,"
								ของข้างบ้าน  ถามเจ้าของก็ไม่รู้  บอกว่าเค้าให้มาไม่ได้ถาม


																																	   แก้ไขข้อความเมื่อ   
							",0,0,"['0', '0', '0', '0', '0', '0']","['สัตว์เลี้ยง', 'ชีววิทยา']",05/08/2021 08:36:08,https://pantip.com/topic/40693612,https://f.ptcdn.info/412/073/000/qsrlr3t5wco9XK37D90-o.jpg
28,ไก่ต้มโค้ก,สมาชิกหมายเลข 5136421,5136421,"
								
สัดส่วนวัตถุดิบ
เนื้อไก่500กรัม
โค้ก1ขวด
รากผักชี
เกลือป่น
ผักชี
พริกไทยป่น
ซีอิ๊วดำ
ซอสปรุงรส
ซอสหอย
ผงปรุงรส  
วิธีทำ
นำไก่มาล้างน้ำให้สะอาดแล้วตัดเป็นชิ้นขนาดพอดีหมักด้วยซอสปรุงรสซอสหอยซีอิ๊วดำผงปรุงรสซอสปรุงรสหมักทิ้งไว้สัก20นาทีเพื่อให้เครื่องปรุงเข้าเนื้อไก่เมื่อหมักครบ20นาทีแล้วนำโค้กใส่หม้อตั้งไฟใส่รากผักชีเกลือนิดหน่อยพอโค้กเดือดใส่เนื้อไก่ลงหม้อเคี่ยวไก่จนกระทั่งน้ำโค้กงวดลงเป็นน้ำเหนียวๆก็ต้มเสร็จแล้วค่ะตักใส่ถ้วยโรยด้วยผักชีพร้องทานเลยค่ะง่ายมากๆลองไปทำทานกันดูนะคะ           																															",0,1,"['1', '0', '0', '0', '0', '0']","['เมนูต้ม', 'เมนูตุ๋น', 'ทำอาหาร', 'เมนูอาหาร', 'สูตรอาหาร']",01/03/2021 05:12:50,https://pantip.com/topic/40423980,https://f.ptcdn.info/137/072/000/qmbu2b4sklEk50igMyz-o.jpg
29,ไก่นำเข้าตายในท้องตัวเงินตัวทอง,สมาชิกหมายเลข 6304133,6304133,"
								อยากทราบว่าไก่นำเข้าตายในท้องตัวเงินตัวทองรสชาติมันจะอร่อยกว่าไก่เกรดพรีเมี่ยมไหมครับ 

#ไก่ #ไก่นำเข้า #ตัวเงินตัวทอง #ไก่นำเข้าตายในท้องตัวเงินตัวทอง																																	   แก้ไขข้อความเมื่อ   
							",0,0,"['0', '0', '0', '0', '0', '0']",['วัตถุดิบทำอาหาร'],02/05/2021 01:19:54,https://pantip.com/topic/40498978,no img
30,แนำนำเมนูไก่หน่อยค่ะ,สมาชิกหมายเลข 6201597,6201597,"
								อยากกินไก่มากๆ แต่ไม่เอาไก่ทอดนะคะ กะเพราไก่ก็ไม่เอา ในใจคือไก่ทอดค่ะแต่ลดน้ำหนักอยู่เลยข่มใจไว้ อกไก่ก็ไม่เอาค่ะ มีเมนูไก่แนะนำมั้ยคะ555555																															",0,0,"['0', '0', '0', '0', '0', '0']","['อาหาร', 'เมนูอาหาร']",12/10/2020 16:59:55,https://pantip.com/topic/40376784,no img
31,ไก่หลง,สมาชิกหมายเลข 2148931,2148931,"
								ไก่หลง

ไก่หลง
    วันอังคาร 8 กันยายน 2563 เชียงใหม่ ครึ้มๆในบางพื้นที่ แต่วันนี้ต้องไปทำงานฟังเรื่องราววันสงกรานต์ที่ผ่านมา มีแต่ผู้คนที่งุนงงสงสัยว่าทำไมยิ่งยากจนยิ่งต้องให้หยุดทำมาหากินกันหรืออย่างไร รายการอาหารเช้านี้ ข้าวมันไก่ต้ม สูตรดั้งเดิม ทำง่ายกินง่ายไปตามประสาบ้านๆ พอให้อิ่มท้องเอาไว้ก่อน
    เห็นไก่แล้วนึกถึงเรื่องที่เกี่ยวข้องกับไก่มากมาย ไม่ว่าจะเป็นไก่ตัวเป็นๆไปจนถึงน้องไก่ที่สามีตายจากไปเธอถูกทอดทิ้งให้อยู่ตามลำพัง แต่อย่างไรก็ตามด้วยหุ่นไก่แม่ไข่ของเธอไม่นานก็มีชายเพื่อนสามีอาสามาเยียวยาดูแลช่วยเหลือกันต่อไป หันกลับมามองไก่ในจานมีที่มาที่ไปจากไก่บ้านกลายเป็นไก่โรงงานถูกผลิตออกมาตามอายุเวลาที่กำหนด จากฟองไข่มีเชื้อถูกฟักในตู้ฟัก 21 วัน ออกมาเป็นลูกเจี๊ยบ หยอดยาฉีดวัคซีนปล่อยเข้ากรงเปิดไฟให้อาหารน้ำตามกำหนดเวลา คุมอุณหภูมิ แสง พื้นที่จำนวนไก่ตามฤดูกาล รักษาความสะอาด ประมาณ 6 สัปดาห์ มีรถมารับนำออกกรงไปสู่โรงงาน หักค่าอาหาร ค่ายารักษา ค่าพันธ์ลูกเจี๊ยบออกไปที่เหลือเป็นรายได้สำหรับคนเลี้ยงในขั้นตอนที่ 1 ไม่ถึงกับทำให้คนเลี้ยงร่ำรวยแต่ก็พอดีกับหนี้ที่ก่อมา แต่ก็มีมากรายที่โรงเลี้ยงกลายเป็นโรงร้างในที่สุด ต้องปล่อยไก่ที่ขายไม่ออกให้หากินเอาเอง เธอถึงได้กลายเป็น ไก่หลง มาที่นี่ไง มีผู้ให้คำนิยาม ไก่หลง หมายถึง ผู้หญิงที่รู้ไม่เท่าทันโลก พลัดมาอยู่ในที่ของผู้ชายให้หลอกล่อลวงไปทำมิดีมิร้ายได้
    ขอให้เพื่อนประสบความสำเร็จในการทำงานติดต่อกิจการลุล่วงสมดังปรารถนา โชคดี ในวันอังคารนี้ อย่าริทำตัวเป็นไก่หลงล่ะ อันตราย
      Noohom Ja
      8 / 9 / 63
     																															",1,1,"['1', '0', '0', '0', '0', '0']","['อาหาร', 'เมนูอาหาร']",09/08/2020 04:49:03,https://pantip.com/topic/40182620,https://f.ptcdn.info/823/070/000/qgb5w0klvDntLmbDS3E-o.jpg
32,ทำไมไก่นุ่มคลาสสิก/ไก่ต้นตำรับไม่ได้เสิร์ฟเป็นค่าเริ่มต้นในร้านเคเอฟซี,คุณน้าพุงออปัง,1055793,"
								เหมือนค่า default จะเป็นสูตรไก่กรอบ hot and spicy																															",0,1,"['1', '0', '0', '0', '0', '0']","['KFC', 'อาหารฟาสต์ฟู้ด', 'ร้านอาหาร']",01/30/2021 08:25:03,https://pantip.com/topic/40485664,no img
33,ไก่ไข่,สมาชิกหมายเลข 6090671,6090671,"
								ซื้อไก่ไข่สาว มา20ตัว  เเรกๆออกไข่สันล่ะ 12-15ฟอง
 ปัจจุบันนี้ ออกวันล่ะ 8 ฟอง มีวิธีแนะนำบ้างไหมค่ะ																															",0,0,"['0', '0', '0', '0', '0', '0']",[],09/01/2020 11:57:23,https://pantip.com/topic/40168399,no img
34,หัวไก่กินได้มั้ยคะ,สมาชิกหมายเลข 5547549,5547549,"
								คือเราไปดูวงๆนึงมาอ่ะค่ะ แล้วเค้าถามว่าหัวไก่กินได้มั้ย เราก็เลยสงสัยว่าสรุปหัวไก่กินได้มั้ย																															",0,0,"['0', '0', '0', '0', '0', '0']",[],01/20/2021 23:13:22,https://pantip.com/topic/40463878,no img
35,ช่วยน้องไก่ด้วยยยยยย,สมาชิกหมายเลข 5366643,5366643,"
								2-3วันมานี้บ้านเราหนาวมากค่ะ พวกลูกไก่ที่อยู่ในคอกก็เริ่มหนาว ภาษาบ้านเราก็ไก่เหงาอ่ะค่ะ แม่มันก็เหงา อาจเพราะคนละสถานที่ด้วย ตาพึ่งได้มาช่วงปีใหม่ ลูกไก่ตายไป3-4ด้วยแล้วค่ะ ทำไงดี น้องจะรอดไหมคะะ																															",0,0,"['0', '0', '0', '0', '0', '0']","['ช่วยเหลือสัตว์', 'วรายุฑ มิลินทจินดา (ไก่)', 'สัตวแพทย์']",01/12/2021 11:40:14,https://pantip.com/topic/40444231,https://f.ptcdn.info/229/072/000/qmt0xo7sg4ued8dvYX6-o.jpg
36,เมนูแซ่บๆ ต้มยำกะเพราไก่,สมาชิกหมายเลข 1610261,1610261,"
								Covid-19 เมนูแต่ละวันทำอะไรกินกันบ้างครับ 
 
เมนูวันนี้ของผม
1 ต้มยำกะเพราไก่คล้ายๆไก่ใต้น้ำ
2 กะเพราหมูสับเมนูแซ่บๆง่ายๆครับ																															",0,0,"['0', '0', '0', '0', '0', '0']","['อาหารไทย', 'เครื่องครัว', 'ทำอาหาร', 'เมนูอาหาร']",05/01/2021 19:03:14,https://pantip.com/topic/40679297,https://f.ptcdn.info/344/073/000/qsfg1xjqt4yil3P6GCs-o.jpg
37,ไก่ หรือ ไข่ เกิดก่อนกัน,สมาชิกหมายเลข 6324396,6324396,"
								ไก่ หรือ ไข่ เกิดก่อนกัน เขียนคำตอบในช่องคอมเมนท์นะครับ																															",0,0,"['0', '0', '0', '0', '0', '0']",[],04/07/2021 20:17:37,https://pantip.com/topic/40629246,no img
38,หมาหลุดไปกัดไก่ชาวบ้านทำยังไง,สมาชิกหมายเลข 6416743,6416743,"
								หมาไปกัดไก่ตีชาวบ้าน  2หลัง
1. หมาไปกัดไก่ตี  ตัวโต  แต่ไม่ตาย  เขาเรียนกค่าเสียหาย 2,000
2. หมาไปกัดไก่ตัวเล็ก ตัวเมีย เขาบอกว่าเป็นแม่พันธ์ไก่  เขาเรียกค่าเสียหาย 2,000
3. หมาไปไล่ไก่ไม่แน่ใจว่าไก่หายไปไหน  ไม่แน่ใจว่าโดนกัด แต่คาว่าโดนแต่ไม่รู้ไก่ไปไหน  ตัวใหญ่ 3,000
รวม  7,000 บาท  เราตงจ่ายขนาดเลยใช่ไหมค่ะ  ขอความเห็นหน่อยค่ะ  คือหมามันหลุด  เห้อ																															",0,0,"['0', '0', '0', '0', '0', '0']","['สุนัข', 'ช่วยเหลือสัตว์']",04/22/2021 00:19:31,https://pantip.com/topic/40657749,no img
39,แม่ไก่เริ่มกกไข่ตอนไหน,สมาชิกหมายเลข 6392326,6392326,"
								อยากทราบว่าแม่ไก่เริ่มกกไข่ตอนไหน เคยได้ยินคนบอกมาว่าแม่ไก่จะเริ่มกกไข่เมื่อออกไข่ครบแล้วจริงหรือไม่(ไก่แจ้)?																															",0,0,"['0', '0', '0', '0', '0', '0']",[],04/04/2021 21:57:21,https://pantip.com/topic/40623461,no img
40,บาซิลิสก์เป็นไก่หรือเป็นงู?,สมาชิกหมายเลข 4958800,4958800,"
								ไก่หรืองู!																															",0,0,"['0', '0', '0', '0', '0', '0']","['การศึกษา', 'สวนสัตว์', 'สัตว์ป่า', 'สัตว์ปีก']",10/24/2020 15:28:56,https://pantip.com/topic/40278236,no img
41,สุดสะพรึง! ไก่แปลงร่าง จากตัวใหญ่กลายเป็นไก่ตัวน้อยๆน่ารัก,สมาชิกหมายเลข 6085534,6085534,"
								สั่งซื้อไก่ย่างจากเจ้านึงชื่อดังมาก ในรูปคือไก่ชิ้นใหญ่ๆ น้ำลายไหล น่ากิน คิดไว้แล้วว่าอาจจะเล็กกว่าในรูปหน่อยก็ไม่เป็นไรหรอกแบบว่า 130 บาท6ชิ้น มันก็อาจจะชิ้นไม่เล็กมากหรอกในรูปคงจะแต่ง คิดในแง่ดีไว้นะ
พอของมาถึง เตรียมข้าวพร้อม แกะกล่อง พบกับความหดหู่ใจเป็นอย่างยิ่ง น่าสะกิดใจเป็นอย่างมาก ไก่ที่ได้มานั้น มันคือน่องไก่น้อยๆน่ารักๆ ไก่ตัวน้อยผู้น่าสงสาน มันคือลูกไก่น้อยที่น่าเอ็นดู พอเอามาย่าง ทำให้ความใหญ่หดลงรึไม่ เล็กขนาดเล็กกว่าซองซอสพริกที่ให้มา น่าสงสารจริงๆเจ้าไก่น้อย~ 
																															",1,4,"['2', '2', '0', '0', '0', '0', '30', '0', '0', '0', '0', '0', '10', '0', '0', '0', '0', '0', '6', '0', '0', '0', '0', '0']","['อาหาร', 'ร้านสะดวกซื้อ', 'ทำอาหาร', 'เมนูอาหาร', 'ร้านอาหาร']",03/31/2021 18:09:59,https://pantip.com/topic/40615196,https://f.ptcdn.info/019/073/000/qqtyyn5i3r7L7n68fEr0-o.jpg
42,สงสัยในการทานข้าวมันไก่,สายรุ้งสีหม่น,624028,"
								คือว่า เกิดความอยากรู้ว่า ในการทานข้าวมันไก่ ส่วนใหญ่เค้าจะทานกันแบบไหน
ระหว่าง เอาน้ำจิ้มราดกินทีละคำ กับเอาน้ำจิ้มคลุกข้าวทั้งหมดแล้วทาน 

																															",0,0,"['0', '0', '0', '0', '0', '0']","['อาหาร', 'อาหารจานเดียว', 'อาหารเดลิเวอรี', 'Street Food']",03/24/2021 07:37:43,https://pantip.com/topic/40600095,no img
43,แมวคนอื่นมากินลูกไก่เรา,สมาชิกหมายเลข 4301904,4301904,"
								บ้านเราเลี้ยงไก่ค่ะ แล้วเรามีลูกไก่2ตัวที่แม่ไก่ทิ้ง เราเลยเลี้ยงไว้ ปกติเราขังไว้ในกรงเพราะถ้าปล่อยแล้วไล่ตามจับยากแต่เผอิญวันนี้ซี่กรงหลุดแล้วลูกไก่หลุดกรงออกมาได้ค่ะ แล้วจู่ๆก็มีแมวจากไหนไม่รู้มากระโจนแล้วงับลูกไก่เราไป1ตัว งับที่ประตูหน้าบ้านเราเลยค่ะ อยากตามไปช่วยค่ะแต่ไม่ทันแล้วลูกไก่ที่อยู่ในปากแมวคอห้อยต่องแต่งไปแล้วค่ะ สงสารจับใจ น้ำตาจะไหล เราแม่แล้วก็อาเลยเดินไปถามถามคนในระแวกบ้านว่าแมวตัวนี้เป็นแมวของใคร แต่ไม่มีใครแสดงความเป็นเจ้าของเลย และคิดว่าไม่ใช่แมวจรด้วยเพราะตัวอ้วนท้วนขนสวย เราโกรธแมวมากเลยค่ะ มาครั้งหน้าเรากะจะเอาให้ตายเลย  เพราะนี่ไม่ใช่ครั้งแรกที่มากินไก่บ้านเรา ไก่คอกก่อนๆเราก็โดนกินไปจนเหลือไม่กี่ตัว
ถ้าฆ่าแมวมันจะผิดมั้ยคะ เพราแมวมากินไก่เราก่อน เราไปถามหาเจ้าของแล้วแต่ไม่มีใครรับอีก แล้วถ้าใครที่รักแมวไม่อยากให้เราฆ่ามีวิธีป้องกันไม่ให้แมวคนอื่นมากินลูกไก่เรามั้ยคะ																															",0,0,"['0', '0', '0', '0', '0', '0']","['แมว', 'สัตว์เลี้ยง']",01/03/2021 18:01:10,https://pantip.com/topic/40424991,no img
44,สุ่มไก่แบบลวด ร้าน่ค้าต่างๆหาวัสถุดิบจากที่ไหนนำมาทำสุ่มไก่อ่ะครับ,ยาวไปๆ,4883169,"
								สุ่มไก่แบบลวด ร้าน่ค้าต่างๆหาวัสถุดิบจากที่ไหนนำมาทำสุ่มไก่อ่ะครับ																															",0,0,"['0', '0', '0', '0', '0', '0']","['ไก่ชน', 'อาหารฟาสต์ฟู้ด', 'งานฝีมือ']",02/24/2021 09:11:13,https://pantip.com/topic/40541522,no img
45,เช่าเล้าไก่,สมาชิกหมายเลข 2819058,2819058,"
								ตอนนี้ทำงาน อยากเช่าเล้าไก่เนื้อสนใจจริงๆค่ะ
 และตอนนี้ยังไม่มีงบพอจะสร้างโรงเรือนเอง
ใครมีให้เช่าบ้างไหมค่ะ แท็กไม่ถูดค่ะขออภัยด้วยนะคะ																															",0,0,"['0', '0', '0', '0', '0', '0']",['ระบบการจัดการสิ่งแวดล้อม'],10/20/2020 09:18:47,https://pantip.com/topic/40269656,no img
46,รำคานไก่ข้างบ้านมาก จะบอกลุงเจ้าของไก่ยังไงดี.,สมาชิกหมายเลข 6320174,6320174,"
								เรื่องของเพื่อนบ้าน!!!!!!
ข้างบ้านผมเป็นพื้นที่ว่างๆ ที่ดินเปล่ากว้างประมาณ3เมตร  อยู่ระหว่างบ้านลุงกับป้าคู่นี้กับบ้านของผมครับ!!!!!!
ช่วงแรกๆก็เป็นดินโล่งๆ สามารถทำที่จอดรถได้.  แต่ผมก็ไม่เคยสนใจอะไร. และไม่เคยมีปัญหากับเพื่อนบ้าน. 
จนถึงวันที่โควิดระบาดหนักรอบแรก.  ลุงกับป้าข้างบ้านเริ่มหากิจกรรมยามว่าง. ด้วยการลุงทุนซื้อดิน กระถางต้นไม้  เมล็ดพันธ์พืชเช่นถั่วพลู ถั่วฝักยาว. พริกขี้หนู ผักคน้า ตะไคร้ ใบเตย มะนาว. และอีกมากมาย..
ช่วงนั้นผมก็ยังคุยกับพวกท่านปกติดี. ป้ายังบอกให้ผม. เอาพริกเอาถั่วพูได้เลย. ยังฝากให้ช่วยรดน้ำให้ด้วย. ถ้าป้าไม่อยุ่บ้านติดๆกันหลายวันนะ!!!!!
ช่วงนั่นยังไม่มีปัญหาอะไร. มาช่วงหลังลุงแกเลี้ยงไก่
และไก่ลุงชอบขึ้นบนหลังคารถผม. รถเป็นรอยขีดๆหมดเลยรู้เป่า เบาะมอเตอร์ไซก็เหมือนกัน. ไก่มันขึ้นไปจิกๆเขี่ยๆไม่รู้ทำท่าไหน เบาะเป็นรูฉีกขาดหมดเลย...
ปัญหาเรื่องขี้ไก่ไม่ต้องพูดถึง. ผมปล่อยผ่านยอมล้างขี้ไก่ดีกว่าไม่อยากทะเลาะกับคนแก่.  ผมเคยแกล้งพูดหยอกลุงครั้งนึง ว่า.....
:ไก่นี้ไม่รุ้ของใคร. เจ้าของปล่อยได้ไง. รถเป็นรอยไหนจะขี้ไก่อีก  ลุงรุ้มั้ยว่าไก่ของบ้านไหนกันนะ??? ถ้าทนไม่ไหวจะจับต้มขมิ้นแน่ คอยดูนะลุง!!!
:ลุงเงียบ””””””””!!
:ลูกชายลุงพูดแทรกว่า ไก่ของบ้านริมสุดในซอย เจ้าของไม่ค่อยอยู่บ้าน จับเลย จับทำซุปเลย  (เหมือนประชด!!!!)
:ผมแกล้งขำ แล้วเดินกลับบ้าน”
-_-“

.....อีกปัญหาก็คือลุงแกสร้างบ้านให้ไก่อยู่เนี้ยสิ่!!!
ดันสร้างติดกับผนังบ้านผม. หลังที่1ติดผนังห้องนอนผม 
หลังที่2ติดผนังห้องครัว...ใช่ครับเรื่องแค่นี้เอง????
คือไก่มันร้องไม่รู้จักเวลา. ตี3มันก็เริ่มร้อง ไก่ขันปลุกทั้งวัน. มันสะบัดปีก คือมันรบกวนเวลานอน. มันรบกวนทุกเวลา  คือลุงแกเลี้ยงน่าจะหลายตัว. คิดดูว่ามันขันทั้งวัน ตัวเมียร้องทั้งวัน. วันอาทิตย์คือวันหยุดของผม. ไม่มีหรอกคับจะได้นอนตื่นสาย. เพราะตี3ตี4  ไก่ลุงขันปลุกให้ไปตักบาตอะนะ
ช่วงบ่ายก็นอนไม่ได้ ขันเรียกอยู่นั้นแหละวุ้🥱

ผมแค่อยากขอความคิดเห็นเพื่อนๆหน่อยครับ
ผมจะแก้ปัญหากับไอเจ้าบ้านไก่2หลังนี้ยังไงครับ?
มีวิธีพูดกับลุงยังไงบ้างครับ. ผมอยากให้ลุงเข้าใจผมด้วย...
จะบอกลุงยังไงดีครับ. ผมอยากให้ลุงย้ายไก่ไปอยู่ฝั่งบ้านลุง  
ถ้าลุงยังดื้อ ผมขออนุญาตจับไก่ลุงทำโทษ  ด้วยกันเอาไปต้มขมิ้นนะครับ5555																															",0,0,"['0', '0', '0', '0', '0', '0']","['การก่อสร้างและต่อเติมอาคาร', 'ที่ดิน', 'ร้องทุกข์', 'ปัญหาสังคม', 'บ้าน']",02/14/2021 06:27:37,https://pantip.com/topic/40519114,no img
47,ทำไมขาหลังเเมวเหมือนขาไก่ครับ,สมาชิกหมายเลข 6259595,6259595,"
								ใครที่มีคำตอบบอกหน่อยครับ
พึ่งมารู้ว่ามันมีขาเหมือนไก่จนบางครั้งผมนึกว่าขาไก่																															",0,0,"['0', '0', '0', '0', '0', '0']",[],01/25/2021 11:43:33,https://pantip.com/topic/40474029,no img
48,ไก่โดนตี,สมาชิกหมายเลข 5860867,5860867,"
								พอดี 
ไก่ที่บ้านมันเดินไม่ได้คะก่เลยจับใส่ไว้ในตะกร้าแล้วตอนเย็นกลับมาเห็นไก่หลุดออกมาน่าจะโดนไก่อีกตัวตีคะมีวิธีรักษาเบื้องต้นไหมคะ
ช่วยด้วยค่ะ																															",0,0,"['0', '0', '0', '0', '0', '0']",[],09/10/2020 18:18:33,https://pantip.com/topic/40188604,https://f.ptcdn.info/855/070/000/qgfwq43pqn6y9fXCoZdx-o.jpg
49,ไก่จะกลับมาไหม,สมาชิกหมายเลข 5871506,5871506,"
								พอดีว่าผมมีไก่ชนอยู่ตัวหนึ่ง มันนอนบนต้นไม้
แล้วผมพยามจะจับมันแต่พลาด วิ้งหายไปหลังบ้าน เลยอยากทราบว่าในคืนนี้มันจะกลับมาไหม																															",0,0,"['0', '0', '0', '0', '0', '0']","['ไก่ชน', 'สัตว์เลี้ยง']",11/01/2020 19:21:12,https://pantip.com/topic/40294554,no img
50,รูปไก่ไข่อารมณ์ดี,Adisorn5,2548932,"
								
วันนี้เอารูปไก่ไข่อารมณ์ดีมาให้ชมครับ ดูภาพเคลื่อนไหวได้ที่https://youtu.be/NAF_IEwllvg

    ขอบคุณสำหรับการรับชมวันหน้าเดี๋ยวเอามาให่ชมอีกครับเกษตรท้ายบ้าน																															",1,2,"['2', '0', '0', '0', '0', '0']","['เกษตรอินทรีย์', 'ภาพถ่าย']",10/13/2020 15:54:25,https://pantip.com/topic/40256877,https://f.ptcdn.info/246/071/000/qi4tsi3o5qii0ifIt5Eu-o.jpg
51,"ร้านไก่จงเจริญ
#nct",สมาชิกหมายเลข 6286830,6286830,"
								คือเราอยากรู้มากเลยอะค่ะว่าร้านไก่จงเจริญ(nct)​คืออะไรหรอคะ																															",0,0,"['0', '0', '0', '0', '0', '0']",[],01/24/2021 21:08:30,https://pantip.com/topic/40472825,no img
52,การเลี้ยงไก่ด้วยหนอนแมลงวัน ไก่จะสกปรกไหมคะ,อวัยวะชิ้นนั้น,575188,"
								โรคภัยไข้เจ็บสู่ไก่ สู่คนกิน หรือไม่เป็นไรคะ																															",0,0,"['0', '0', '0', '0', '0', '0']","['สัตว์เลี้ยง', 'สัตว์ปีก', 'อาหารสัตว์']",12/05/2020 17:20:42,https://pantip.com/topic/40366917,no img
53,สก๊อตซุปไก่สกัด,สมาชิกหมายเลข 5676251,5676251,"
								คือเราเอาสก๊อตแช่ไว้ในตู้เย็นมาครึ่งปี
อยากทราบว่ายังทานได้อยู่ไหมคะ																															",0,0,"['0', '0', '0', '0', '0', '0']","['อาหาร', 'อาหารเพื่อสุขภาพ']",12/15/2020 16:01:59,https://pantip.com/topic/40386740,no img
54,สุนัขไล่ไก่ของข้างบ้านเพราะไก่มาเเย้งข้าวมันกินผิดไหม,สมาชิกหมายเลข 5401134,5401134,"
								บ้านเราจะให้ข้าวสุนัขหน้าบ้านพอมันอิ่มมันก็จเเยกย้าย สักพักไก่ของข้างบ้านก็จะมาหน้าบ้านเรา ไม่หนำซ้ำก็ขี่ใส่หน้าบ้านด้วย เเล้วไล่ซึ่งหมาเรามันตอบโต้ มันเห็นเราไล่มันก็จะไล่เหมื่อนกัน นานๆไปเราเเถบไม่ต้องออกเสียงถ้าไก่มาบริเวณหน้าบ้านสุนัขเราจะวิ่งไล่ทันที เเต่ขอบอกนะคะ หมาเราไม่เคยไปกัดไก่เขาเลยมันเเค่ไล่ ทุกครั้งที่เจ้าของไก่เห็นก็จะวิ่งออกมาเเล้วเอาก่อนหินก่อนใหญ่ปาใส่หมาเรา เเละหมาเราตอนนี่เเก่มาก โดนนิดโดนหน่อยมาก็เจ็บเเล้ว เเล้วเห็นหมาโดนปาหินใส่ เราเลยได้ทะเลาะกับเขาเเล้วเราเป็นเด็กขอบเขตของการเทียงเลยได้ไม่เยอะ เขาก็ด่าเอาด่าเอาบอกให้เอาตำรวจมาคุยเลยด่านูนด่านี่ว่าเราเป็นเด็กมาพูดใส่เเกเเบบนี้ได้ไง คือเราบอกว่า หินก้อนก็ใหญ่มาปาใส่มันลองคิดว่าตัวเองโดนปาสิจะเจ็บไหม เเกก็เเร็ปดาไปเลยไม่รู้จบ เรารำคาญมากเลยผู้ใหญ่ที่ไม่ฟังเด็กอะ เราอยากถามถ้าเราเอาตำราจมาจริงๆเราจะผิดใหม																															",0,0,"['0', '0', '0', '0', '0', '0']","['สุนัข', 'เพื่อนบ้าน', 'สัตว์เลี้ยง']",02/21/2021 11:34:09,https://pantip.com/topic/40535161,no img
55,เลี้ยงไก่ไข่แต่ไข่ขาวไม่อร่อย,สมาชิกหมายเลข 3816033,3816033,"
								เลี้ยงไก่ไข่แต่ไข่ขาวไม่อร่อย
เวลาทำไข่เจียวไม่เห็นความต่างนะครับ
ไข่ดาวไข่ต้มจะมีผลมาก
เวลานำไปต้มเวลาปอกเปลือกเนื้อจะเละๆไม่ค่อยตึงปอกยากมาก
เวลาทำไปทอดไข่ดาวไข่ขาวเนื้อจะไม่ค่อยตึง
เกิดจากอะไรครับต้องแก้ไขยังไงครับ																															",0,0,"['0', '0', '0', '0', '0', '0', '0', '0', '0', '0', '0', '0']",['สัตว์เลี้ยง'],12/18/2020 12:29:09,https://pantip.com/topic/40392988,no img
56,ผัดดอกกะหล่ำใส่ไก่,สมาชิกหมายเลข 6080047,6080047,"
								ผัดดอกกะหล่ำใส่ไก่​ เมนูง่ายๆ​ สำหรับมือใหม่ที่กำลังหัดทำอาหาร​ วัตถุดิบไม่มาก​ วิธีทำง่ายๆค่ะ​ และมีประโยชน์อีกด้วยค่ะ
 


📌📌วัตถุดิบ/ส่วนผสม📌📌

.ดอกกะหล่ำ
.มะเขือเทศ
.เห็ดชิโมจิ
.ต้นหอม
.ไก่​                       400​ กรัม
.กระเทียมสับ​           1​ ช้อน
.ซีอิ๊วขาว​                  3​ ช้อน
.ซอสหอยนางรม​      2 ช้อน
.น้ำมันพืช​                  2​ ช้อน
.น้ำตาลทราย​            1​ ช้อน

📌📌วิธีทำ📌📌

.เตรียมหั่นไก่​ และวัตถุดิบที่จะต้องใช้ให้พร้อมนะคะ

.ใส่น้ำมันในกระทะ​ เมื่อน้ำมันร้อน​ ใส่กระเทียมลงไปผัดให้หอมเลยค่ะ
 


.หลังจากนั้น​ ใส่เนื้อไก่ลงไป​ ผัดให้ไก่สุกเลยนะคะ

 

.เมื่อไก่สุก​ ใส่ดอกกะหล่ำลงไป

 

.ตามด้วยเห็ดชิโมจิ

 

.มะเขือเทศ

 

.หลังจากนั้นก็ผัดให้ผักสุกเลยนะคะ

 

.เมื่อผักสุก​ เรามาปรุงรสกันค่ะ​ ใส่น้ำมันหอยลงไป
 

.ตามด้วย​ ซีอิ๊วขาว

 

.น้ำตาลทราย

 

.ผัดส่วนผสมให้เข้ากัน​ เมื่อน้ำในผัดเดือด​ ก็ยกลงได้ค่ะ

 

.ถ้าเพื่อนๆชอบผักที่นิ่มๆ​ ก็ผัดต่ออีกได้เลยนะคะ​ ตามชอบเลย​ แค่นี้ก็เสร็จแล้ว​ ง่ายมากค่ะ
 


วิธีทำแบบวิดีโอ⬇️

สูตรอาหารต่างๆ⬇️
https://youtube.com/channel/UCv_sTXLkMSB3E8XdvOY9X7w																																	   แก้ไขข้อความเมื่อ   
							",1,4,"['4', '0', '0', '0', '0', '0']","['อาหารไทย', 'ทำอาหาร', 'อาหาร', 'เคล็ดลับก้นครัว', 'เมนูอาหาร']",12/25/2020 14:51:50,https://pantip.com/topic/40407281,https://f.ptcdn.info/058/072/000/qlvypoet1Hi5jIpq8gL-o.jpg
57,ว่าด้วยเรื่อง ยำไก่,สมาชิกหมายเลข 6118690,6118690,"
								ทุกคนนนน เรากำลังกินข้าวแล้วแบบ เอิ่มมันน่าคิดนะ ก็เลยจะชวนคุยค่ะ เราซื้อแกงมาถุงนึง ชื่อ แกงยำไก่ มันอร่อยมากนะคะ แต่ว่าเพื่อนๆเจอปัญหานี้หรือเปล่าคะ นอกจากกินน้ำ นอกนั้นก็ได้แต่แทะเข่าไก่ มียำไก่ที่ใช้น่องไก่หรือเปล่าคะ ตั้งแต่กินมา เห็นใช้แต่กระดูกไก่ ฉบับแบบเลาะเนื้อสะอาดสุดๆ มีแต่กระดูกจริงๆ ถ้าได้เนื้อก็เปื่อยจนละลายไปกับน้ำแกง จะมีเหลือก็แต่หนังไก่กับตูดไก่ แต่น้ำแกงยำไก่อร่อยจริงๆนะคะ แค่นี้แหละคะ อิอิ ใส่รูปไม่ได้เสียใจจัง อุตส่าห์เป็นมื้อแรกของวันเลยนะเนี่ย😁🤣																															",0,0,"['0', '0', '0', '0', '0', '0']","['เมนูแกง', 'อาหารไทย']",11/01/2020 20:40:05,https://pantip.com/topic/40294729,no img
58,หมากัดไก่  ใครผิด??,สมาชิกหมายเลข 4205994,4205994,"
								ที่บ้านเรามีหมา5ตัว  ตัวหนึ่งล่ามไว้ตลอด เพราะมันชอบกัดไก่  แต่วันนี้หมาอีกตัวกัดไก่คนแถวบ้าน เพราะมันขัน  มันคุ้ยเขี่ยในบริเวณบ้านเรา และมีอีกครั้งหนึ่ง เรายืนอยู่ข้างบ้าน อยู่ไก่ก็กระโดดมาจากต้นไม้  เกือบโดนเรา หมาเราก็อยู่ มันตกใจก็ไล่กัดจนตาย ส่วนมากเราจะขังหมาไว้ในบ้านเกือบทั้งวัน  ปล่อยบ้างบางครั้ง เพราะเราขี้เกียจจะไล่กาไก่ที่มาคุ้ยเขี่ยผัก เศษอาหารในบ้านเรา อยากรู้ว่าหมาเราผิดไหม? ??หรือจะทำยังไงกับเจ้าของไก่ดี  เคยพูดกับเขาหลายครั้งแล้ว  พูดทีก็จับไป วันต่อมาก็มาบ้านเราเหมือนเดิม บ้านเราไม่ได้เลี้ยงไก่ เพราะไม่ชอบ ที่มันขี้เรี่ยราด.																															",0,0,"['0', '0', '0', '0', '0', '0']","['สุนัข', 'สัตว์เลี้ยง', 'เพื่อนบ้าน']",02/20/2021 13:41:53,https://pantip.com/topic/40533260,no img
59,ทำไมตบไก่แล้วมันสุกได้,สมาชิกหมายเลข 6266337,6266337,"
								คืองงมากครับตบไก่แล้วทำให้สุกใครเป็นคนต้นคิดความเชื่อผิดๆแบบนี้ครับก็จริงอยู่ที่ทำให้เกิดความร้อนได้แต่ต้องตีให้เร็วเกินกว่าที่คนปกติจะทำได้หลายเท่าอยู่นะหรือไม่ก็ต้องเป็นไททัน60ม. อะครับซึ่งก็แปลว่าทำไม่ได้ใช่ไหมครับแล้วใครที่ต้นคิดเรื่องโง่ๆแบบนี้หรอครับไม่ว่าจะตบกี่ทีมันก็ไม่มีทางหรอกครับทำไปก็ไรความหมายตั้งกระทะทอดก็ได้ก็ไม่ทำ																															",0,0,"['0', '0', '0', '0', '0', '0']",['อาหาร'],01/18/2021 01:10:31,https://pantip.com/topic/40456831,no img
60,ขอถามเซียนไก่หน่อยคับ อาการไก่โดนวางยา,สมาชิกหมายเลข 6275349,6275349,"
								คือวันนี้ผมไปตีไก่มา ผมมั่นใจว่าผมเลี้ยงไปดี
แต่ต้นอันประมาน 5 นาทีแรกไก่มีอาการ หอบ
เช็ดนำ้ค่อยข้างเปียก แล้วไก่ก็ไม่ค่อยบินทุกอย่าง
ช้าหมด ซึ่งไก่ตัวนี้เป็นไก่โยกค่อนข้างไว แต่นี้ไม่โยก
เดินไปให้เค้าเตะ แล้วก็หมดอัน ก็เช็ดนำ้พักไก่ปกติ
ไก่หน้าใส ขัน แต่พอเช็ดนำ้เสร็จ ปล่อยวาง ตี2ลำ
แล้วจ้องแล้วก็วิ่งเลย  ช่วยแนะนำหน่อยคับ																															",0,0,"['0', '0', '0', '0', '0', '0']","['ไก่ชน', 'สัตว์เลี้ยง']",01/18/2021 00:25:18,https://pantip.com/topic/40456768,no img
61,รบกวนสอบถามไก่ที่เอามาย่างค่ะ,angco,325561,"
								สอบถามหน่อยค่ะ ไก่ที่เอามาย่างตัวเล็กๆไม่ถึงโล เค้าเรียกว่าไก่อะไรและซื้อได้ที่ใหนค่ะ ขอบคุณล่วงหน้าค่ะสำหรับคำตอบ																															",0,0,"['0', '0', '0', '0', '0', '0']","['ทำอาหาร', 'อาหารไทย']",12/30/2020 14:15:42,https://pantip.com/topic/40417607,no img
62,ปกติแล้วคนเราเลือกกินไก่จากสายพันธ์ของไก่กันไหมคะ,pblueboice,2100563,"
								ขอรบกวนขอสอบถามค่ะ 

อย่างเจ้าของกระทู้ปกติก็จะซื้อกินจากในห้างของแบรนด์ต่างๆ เข้าใจว่าก็เป็นไก่เนื้อที่เลี้ยงแบบอุตสาหกรรมนี่แหละ
แต่พอดีมีคุยกับญาติๆที่บ้าน เขาก็จะบอกว่าอย่างช่วงไหว้ตรุษจีนสารทจีนก็จะใช้ไก่บ้านมาต้มแล้วไหว้เจ้าเอานะ บอกว่ารสชาติอร่อยกว่า ส่วนไก่เนื้อก็มีซื้อแต่จะเอาไปต้มแล้วให้คนงานที่บ้านกินมากกว่า 

เข้าคำถามเลยค่ะ อยากรู้ว่าในห้องนี้มีใครเลือกกินไก่จากสายพันธ์บ้างคะ? อย่างไก่บ้านนี่ทำไมคนถึงเลือกทานกันเหรอคะ? 
แล้วคนที่ทานไก่บ้านเป็นประจำ เป็นเพราะว่ารสชาติอร่อยกว่าไก่เนื้อปกติไหมคะ?

ปล. แอบอยากลองซื้อไก่บ้านมาทำอาหารดูบ้าง มีท่านไหนพอจะมีคำแนะนำบ้างคะ																															",0,0,"['0', '0', '0', '0', '0', '0']","['วัตถุดิบทำอาหาร', 'อาหารจีน', 'วันตรุษจีน', 'อาหาร', 'อาหารไทย']",01/11/2021 01:33:16,https://pantip.com/topic/40441431,no img
63,กินซุปไก่สกัดแล้วนอนไม่หลับ,สมาชิกหมายเลข 5300551,5300551,"
								คือผมกินซุปไก่สกัดก่อนนอน แล้วนอนไม่หลับเลย ตาหลับแต่สมองคิดไปทั่วเลย
มันเกี่ยวไหมครับ กินซุปไก่สกัดแล้วนอนไม่หลับ																															",0,0,"['0', '0', '0', '0', '0', '0']",['สุขภาพกาย'],11/21/2020 09:02:55,https://pantip.com/topic/40335881,no img
64,พ่อไก่ ผสม ลูกตัวเองได้มั๊ย?,สมาชิกหมายเลข 6017729,6017729,"
								ลูกไก่ที่ฟักออกมาจะมีผลอะไรบ้าง
คือที่บ้านเลี้ยงไก่บ้าน และพ่อไก่จะมีแค่ตัวเดียว แม่ไก่จะมีเกือบ10ตัว โดยพ่อไก่ตัวนี้ตัวเดียวผสมแม่ไก่ทุกตัว

หลังมานี้มีแม่ไก่ตัวใหม่ที่เป็นรุ่นลูก พ่อไก่ผสมลูกตัวเอง กกไข่ไปแล้ว 1 ตัว กำลังวางไข่อีก 2 ตัว																															",0,0,"['0', '0', '0', '0', '0', '0']","['สัตว์ปีก', 'ชีววิทยา', 'คณะสัตวศาสตร์และเทคโนโลยีการเกษตร', 'กรมปศุสัตว์', 'สัตว์เลี้ยง']",11/28/2020 12:19:58,https://pantip.com/topic/40351680,no img
65,อยากทราบว่าSpamมีไก่ไหมคะ?,สมาชิกหมายเลข 6450304,6450304,"
								ตามหัวข้อเลยค่ะ อยากทราบว่าspamมีไก่ไหม ถ้ามีจะสามารถซื้อที่ไหนคะ #spam																															",0,0,"['0', '0', '0', '0', '0', '0']","['ทำอาหาร', 'วัตถุดิบทำอาหาร']",05/12/2021 19:12:21,https://pantip.com/topic/40704055,no img
66,ปีกไก่บนทอดกรอบ,เด็กหงส์ราษฎรเสรี,604674,"
								เบื่อข้าวเลยหาปีกไก่มาทอดกินแกล้มโซดาซักหน่อย ทำง่าย ได้กินไว อย่าคิดเยอะ
 
 

กินครับ																															",0,0,"['0', '0', '0', '0', '0', '0']","['ทำอาหาร', 'เมนูอาหาร', 'เมนูทอด']",10/27/2020 20:39:14,https://pantip.com/topic/40284948,https://f.ptcdn.info/403/071/000/qiv4idnuwKh9aTnC3T7-o.jpg
67,ไก่ขนสุดท้าย ชนได้ไหม,สมาชิกหมายเลข 5871506,5871506,"
								ผมได้ไก่ขน3มาตัวหนึ่งครับ เป็นไก่พันดีราคาก็สุดๆเลยครับ ตอนแรกแค้อยากเอามาทำพันธุ์ แต่ก็อยากเห็นมันชนแต่ลองไปที่บ่อยเขาไม่กล้าเอาไก่ลองด้วย เพราะแค่ขนาดตัวก็ขามันก็น่ากลัวแล้ว ผมเลยอยากรู้ว่าไก่ขนสุดท้ายหรือ ไก่ที่แก่แล้วจะชนได้ไหมครับ																															",0,0,"['0', '0', '0', '0', '0', '0']",['ไก่ชน'],12/03/2020 20:52:42,https://pantip.com/topic/40363555,no img
68,หยุดปีใหม่ลองทำไก่ในตำนาน...ไก่อบฟาง,ดอกนางแย้ม,362190,"
								ช่วงปีใหม่ได้มีโอกาสกลับต่างจังหวัด
เลยอยากลองหากิจกรรมทำ งั้นลองทำไก่อบฟางดีกว่า
ให้ที่บ้านช่วยหาฟางข้างกับปิ๊ปให้
หาอุปกรณ์พร้อมแล้วลองทำกันเลย
รอบแรกหาไก่บ้านไม่ได้ เลยได้ไก่เนื้อมาแทน นำ้หนักประมาณ 2 กก.
ส่วนเครื่องเทศที่ใช้หมักไก่ก็รวมๆกัน อยากใส่อะไรก็ใส่

นำมาบดหยาบรวมกับผงกระหรี่และพริกปาปริกา


นำมาหมักข้ามคืนทั้งด้านนอกและด้านใน

ทดลองตั้งเทียบกับปิ๊ปนำ้มันพืชขนาด 18 ลิตร

ลองเผาดูไฟ


เริ่มของจริง
ตั้งไก่บนขวดน้ำที่มีน้ำอยู่ แล้วนำจานมารอง
นำปีปมาคลุม อุดดินรอบๆ
 

คลุมฟางบางๆแล้วจุดไฟ
 
ไฟจากฟางมอดแล้วระยะให้ปิ๊ปพอคลายร้อนแล้วลงฟางจุดไฟใหม่ลองสัก 3 รอบแล้วเปิดดูผลงาน
 
ยังไม่สุกนักเลยต้องอบต่ออีก 2 รอบ
ผลออกมาเป็นที่น่าพอใจ


จัดการสับ

ส่วนน้ำมันไก่ที่รองไว้บนจานก็นำมาทำเป็นข้าวอบมันไก่ต่อ


ถัดมาอีกวันคราวนี้ได้ไก่บ้าน เลยลองทำอีกครั้ง ไก่บ้านตัวนี้ น้ำหนักประมาณ 1.6 กก.

ลองตั้งเทียบขนาด

คลุมฟาง

จุดไฟ 4 รอบ


ผ่านไปประมาณ 30-40 นาที เปิดออกมา ตอนเปิดไก่ล้ม
																															",2,2,"['2', '0', '0', '0', '0', '0']","['อาหารไทย', 'อาหาร', 'อาหารพื้นบ้าน']",01/05/2021 12:15:29,https://pantip.com/topic/40428736,https://f.ptcdn.info/157/072/000/qmg3fe6s8u6pqEuY9oS6-o.jpg
69,[CR] ร้านไก่บอนชอน bonchon,onsenman,680812,"
																ร้านไก่บอนชอน bonchon 

ไก่ทอดคลุกซอส รสชาติใช้ได้ แต่ไม่ค่อยชอบ ไชเท้าดอง อันนี้แล้วแต่คนชอบ

หนังไก่ทอด เฉยๆ

ต็อกโบกีชีส รสชาติดี 

      									
										$(document).ready(function () {

											$('.sel').rating('readOnly', true);

										});
									
									
										 ชื่อสินค้า:   ร้านไก่บอนชอน bonchon 
										
										 คะแนน:     
													
																								
																								
																								
																								
																								
																								
																								
																								
																								
																						
										
											.samgee .review-section .remark-review {line-height: 1.563em; color: #ccc; font-size: 14px;}
											
										
										
										
																					 
											
											CR - Consumer Review : กระทู้รีวิวนี้เป็นกระทู้ CR โดยที่เจ้าของกระทู้
											
												- จ่ายเงินซื้อเอง หรือได้รับจากคนรู้จักที่ไม่ใช่เจ้าของสินค้า เช่น เพื่อนซื้อให้
												- ไม่ได้รับค่าจ้างและผลประโยชน์ใดๆ
											
																						
																																
																			
																																",1,4,"['4', '0', '0', '0', '0', '0']","['อาหารเกาหลี', 'อาหาร', 'ร้านอาหาร', 'ข้าวกล่อง Bento']",01/10/2021 15:52:09,https://pantip.com/topic/40440334,https://f.ptcdn.info/211/072/000/qmpn8nwc5HYvtpjogjI-o.jpg
70,ไก่มองจิกได้ไหม?,สมาชิกหมายเลข 6171100,6171100,"
								คือเรื่องนี้เราเห็นคนในเฟสโพสต์ว่า""เป็นไก่หรอมองจิกอยู่นั้นแหละ""เราก็เลยเกิดความสงสัยว่าจริงๆแล้วไก่มองจิกได้หรอคือเราสงสัยมากๆใครที่รู้ช่วยบอกบุญที😂																															",0,0,"['0', '0', '0', '0', '0', '0']",['ชีวิตวัยรุ่น'],01/11/2021 16:24:04,https://pantip.com/topic/40442584,no img
71,เวลาต้มหรือทอดน่องไก่หรือสะโพกไก่ จะมีก้อนเลือดซึมออกมา ทำให้ไม่น่ากิน,สมาชิกหมายเลข 4058066,4058066,"
								ถ้าต้ม น้ำจะดำ เป็นคราบ ถ้าทอด จะมีชิ้นเลือดดำๆ ไหม้ๆ ทางแก้คืออะไรครับ
ต้มน้ำซุปไม่ใส เวลาทอดไก่ก็ดูสกปรก ใช้ไฟอ่อนมากแล้ว ลวกไก่ก็แล้ว ยังเป็น

ร้านก้วยเตี๋ยว หรือร้านต้มไก่ชื่อดังแถววัดพระศรี ต้มไก่ออกมาสวยงาม น่ากินมาก ต้องใช้เทคนิคอะไรครับ																															",0,0,"['0', '0', '0', '0', '0', '0']","['ก๋วยเตี๋ยว', 'เมนูตุ๋น', 'อาหารคาว', 'อาหารไทย']",12/30/2020 15:43:11,https://pantip.com/topic/40417787,no img
72,อยากทำฟาร์ม​ไก่ไข่ต้องขออนุญาต​ใครบ้าง,สมาชิกหมายเลข 3063987,3063987,"
								ผมอยากเริ่มทำฟาร์ม​ไก่ไข่ควรขออนุญาต​ใครไหมจะเลี้ยงสัก2000-5000ตัว																															",0,1,"['1', '0', '0', '0', '0', '0']","['สัตว์เลี้ยง', 'วัตถุดิบทำอาหาร']",01/22/2021 08:29:01,https://pantip.com/topic/40466642,no img
73,มีใครเกิดมาไม่เคยกินไก่เลยบ้างครับ,สมาชิกหมายเลข 3852637,3852637,"
								เชื่อว่าคนไทยทุกคน และหลายๆประเทศเนี่ยต้องเคยกินไก่ครับถ้าไม่กินหมูก็คืออิสลาม คนไม่กินเนื้อก็เคยได้ยิน บางคนแพ้อาหารทะเล ผมเชื่อว่าไก่เนี่ยเป็นเนื้อสัตว์ที่เลี้ยงมวลมนุษยชาติเลยละครับ เพราะราคาไม่แพง อยากจะรู้ว่าคนไม่กินเนื้อไก่ หรือเกิดมาไม่เคยกินไก่เลยมีมั้ย ถ้าไม่เคยกินเป็ดยังพอมีครับ																															",0,0,"['0', '0', '0', '0', '0', '0']","['อาหาร', 'วัตถุดิบทำอาหาร', 'โภชนาการ']",04/05/2021 21:28:56,https://pantip.com/topic/40625411,no img
74,วิธีทำให้ไก่เชื่อง?,สมาชิกหมายเลข 5635315,5635315,"
								ตามหัวข้อเลยครับ คือผมมีไก่ชนละทีนี้มันไม่ยอมให้ผมจับอ่ะครับต้องทำยังไงดีครับ?																															",0,0,"['0', '0', '0', '0', '0', '0']","['สัตว์เลี้ยง', 'ไก่ชน']",02/06/2021 20:35:12,https://pantip.com/topic/40502782,no img
75,บาร์บีคิวไก่​ สูตรหมักไก่นุ่มๆ​ ทำง่ายๆค่ะ,สมาชิกหมายเลข 6080047,6080047,"
								กระทู้นี้เรามาทำบาร์บี​คิว​กันค่ะ​ ทำกินง่ายๆด้วยตัวเองนะคะ​ แต่เลจะใช้สูตรนี้ประจำเวลาทำให้คนที่บ้านทาน​ ทุกคนชอบมากค่ะเพราะเนื้อไก่ที่หมักจะนุ่มมาก​ สูตรใช้หมักให้นุ่มก็ง่ายๆค่ะ​ หมักได้ทั้งไก่​ หมู​ เนื้อ​
วัตถุดิบส่วนผสม
🥰สับปะรด
🥰พริกหยวก 
🥰เห็ดออรินจิ
🥰มะเขือเทศ
📌อกไก่​ 
📌ซอสพริก​ 7​ ช้อน
📌ซอสมะเขือเทศ​ 7​ ช้อน
📌ซอสหอยนางรม​ 4​ ช้อน
📌ซอสฝาเขียว​ 2​ ช้อน
📌ผงปาปริก้า​ 1​ ช้อน
📌น้ำตาลทราย​ 3​ ช้อน
📌พริกไทยป่น​

ขันตอนและวิธีทำ📌📌

📌เตรียมหั่นผัก​ ผลไม้ที่เราจะใช้ให้พร้อม
 
 


📌นำไม้ลูกชิ้นที่จะใช้เสียบ  แช่น้ำไว้​ เวลาเราน้ำไปย่าง​ ไม้จะได้ไม่ไหม้

 


📌น้ำไก่มาหั่นชิ้น​ ชิ้นตามชอบเลยค่ะ​ ถ้ามีหนังติดมา​ ให้เอาออกด้วยนะคะ
 

📌เมื่อหั่นไก้เสร็จแล้ว​ นำไปพักไว้ก่อนค่ะ
 

📌ขั้นตอนถัดไป​ จะมาผสมน้ำซอสกันค่ะ​ ใส่ซอสพริกลงไป
 

📌ตามด้วยซอสมะเขือเทศ
 

📌ซอสหอยนางรม
 

📌ซอสปรุงรสฝาเขียว
 

📌ผงปาปริก้า
 

📌น้ำตาลทราย
 

📌พริกไทยป่น
 

📌คนผสมให้เข้ากัน
 

📌นำซอสที่เราทำ​ นำมาแบ่งครึ่ง​ เทใส่เนื้อไก่ไปครึ่งหนึ่งนะคะ
 

📌บีบน้ำสับปะรดใส่ไป1ชิ้น​ (น้ำสับปะรดจะทำให้ไก่นิ่มเร็วมากค่ะ)
 

📌ใช้มือผสมให้เข้ากัน​ และหมักทิ้งไว้​ 15​ นาทีค่ะ
 
 

📌เมื่อครบเวลาหมักไก่แล้ว​ เราจะนำมาเสียบไม้เลยนะคะ​ เสียบตามชอบเลยค่ะ
 
 

📌และเมื่อเสียบเสร็จแล้วนะคะ​ เราจะนำไปย่างกันเลยค่ะ
 

📌ทานซอสที่เราเหลือไว้บนเนื้อไก่เลยนะคะ​ เขาจะได้ไม่แห้ง
 

📌ทาทั้ง2ด้านเลยค่ะ​ และย่างให้สุก
 

📌แค่นี้ก็เสร็จแล้วค่ะ​ ลองทำทานกันดูนะคะเพื่อนๆ​ ไม่ยากค่ะ
 

วิธีทำแบบวิดีโอ📌📌

แฟนเพจ🥰https://www.facebook.com/PemsiniPansomsuy/

Facebook​📌https://www.facebook.com/profile.php?id=100006293111374

Youtube​📌แค่เลchannel

Email​📌 junnony55@gmail.com​																																	   แก้ไขข้อความเมื่อ   
							",8,12,"['12', '0', '0', '0', '0', '0']","['อาหารไทย', 'ทำอาหาร', 'อาหาร', 'เมนูอาหาร', 'อาหารนานาชาติ']",04/16/2021 17:13:09,https://pantip.com/topic/40646098,https://f.ptcdn.info/175/073/000/qrnj172tgyT6ruCMKpUc-o.jpg
76,โรงงานส่งออกไก่แช่แข็งไปจีน,สมาชิกหมายเลข 1789255,1789255,"
								หาโรงงานงานหรือบริษัทที่ได้รับโควต้าไก่แช่แข็งที่สามารถส่งออกไก่ไทยไปจีนได้ มีลูกค้าที่จีนต้องการซื้อ แต่ไม่มีประสบการณ์ด้านนี้เลย
ขอคำแนะนำหน่อยคะ																															",0,0,"['0', '0', '0', '0', '0', '0']","['นำเข้าส่งออก', 'เจ้าของธุรกิจ']",10/14/2020 09:32:13,https://pantip.com/topic/40258210,no img
77,ใช่สันในไก่แทนอกไก่ได้ไหม,สมาชิกหมายเลข 6442621,6442621,"
								พอดีไปแมคโครมาครับปกติชอบทำอาหารทานเองอยากทราบว่าสันในไก่ใช้แทนอกไก่ได้ไหมครับ
ปริมาณโปรตีนไข่มันต่างกันเยอะไหมครับ																															",0,0,"['0', '0', '0', '0', '0', '0']","['ออกกำลังกาย', 'อาหารคลีน', 'อาหารเพื่อสุขภาพ', 'ลดความอ้วน']",05/08/2021 05:09:28,https://pantip.com/topic/40693494,no img
78,เตี๋ยวไก่ของBNK,Moonless Night Completely Dark,531541,"
								 
 
 
 
 
 
 
 


มีCGMปนมาด้วย
																																	   แก้ไขข้อความเมื่อ   
							",4,16,"['10', '6', '0', '0', '0', '0']",['BNK48'],10/19/2020 01:12:29,https://pantip.com/topic/40267384,https://f.ptcdn.info/303/071/000/qiet6wcovyQ0kKtwmD9-o.jpg
79,ขอวิธีแก้หมากินไก่หน่อนครับ,สมาชิกหมายเลข 6316417,6316417,"
								คือว่ามันกินลูกไก่ครับ ส่วนหมาก็อายุแค่6-8เดือน ทำไงเีครับขอวิธีแก้หน่อย
ครั																															",0,0,"['0', '0', '0', '0', '0', '0']","['สุนัข', 'ช่วยเหลือสัตว์', 'สัตว์เลี้ยง']",02/11/2021 17:07:15,https://pantip.com/topic/40513745,no img
80,ใช้มันหมักยีสต์ให้ไก่กินได้ไหมครับ,สมาชิกหมายเลข 4717400,4717400,"
								ใช้มันหมักยีสต์ให้ไก่กินได้ไหมครับ มันจะเป็นอะไรไหมครับ เห็นบางคนบอกไก่ผอมบ้างหรือไก่ตายบ้าง แต่บางคนก็บอกว่าอ้วน สรุปมันเป็นยังไงกันครับ																															",0,0,"['0', '0', '0', '0', '0', '0']","['ไก่ชน', 'โภชนาการ', 'อาหารสัตว์']",03/04/2021 22:31:09,https://pantip.com/topic/40560135,no img
81,ใครกินตูดไก่อล้วกินกระดูกตูดไก่เหมือนเราบ้าง,สมาชิกหมายเลข 6259921,6259921,"
								มันแปลกมั้ยคะที่เรากินตูดไก่แล้วกินกระดูกตูดไก่เข้าไปด้วยแบบเคี้ยวแล้วกลืนลงไปหนะค่ะ พอดีพี่เราว่าว่าเราแปลก เมล็ดส้มเหมือนกันกินได้มั้ย ช่วยตอบทีค่ะ																															",0,0,"['0', '0', '0', '0', '0', '0']",[],01/09/2021 20:21:52,https://pantip.com/topic/40438817,no img
82,บาร์บีคิวไก่​ สูตรหมักไก่นุ่มๆ​ ทำเองง่ายๆสไตล์แค่เล,สมาชิกหมายเลข 6080047,6080047,"
								กระทู้นี้เรามาทำบาร์บี​คิว​กันค่ะ​ ทำกินง่ายๆด้วยตัวเองนะคะ​ แต่เลจะใช้สูตรนี้ประจำเวลาทำให้คนที่บ้านทาน​ ทุกคนชอบมากค่ะเพราะเนื้อไก่ที่หมักจะนุ่มมาก​ สูตรใช้หมักให้นุ่มก็ง่ายๆค่ะ​ หมักได้ทั้งไก่​ หมู​ เนื้อ​
วัตถุดิบส่วนผสม

🥰สับปะรด
🥰พริกหยวก 
🥰เห็ดออรินจิ
🥰มะเขือเทศ
📌อกไก่​ 
📌ซอสพริก​ 7​ ช้อน
📌ซอสมะเขือเทศ​ 7​ ช้อน
📌ซอสหอยนางรม​ 4​ ช้อน
📌ซอสฝาเขียว​ 2​ ช้อน
📌ผงปาปริก้า​ 1​ ช้อน
📌น้ำตาลทราย​ 3​ ช้อน
📌พริกไทยป่น​
ขันตอนและวิธีทำ📌📌
📌เตรียมหั่นผัก​ ผลไม้ที่เราจะใช้ให้พร้อม
📌นำไม้ลูกชิ้นที่จะใช้เสียบ  แช่น้ำไว้​ เวลาเราน้ำไปย่าง​ ไม้จะได้ไม่ไหม้
📌น้ำไก่มาหั่นชิ้น​ ชิ้นตามชอบเลยค่ะ​ ถ้ามีหนังติดมา​ ให้เอาออกด้วยนะคะ
📌เมื่อหั่นไก้เสร็จแล้ว​ นำไปพักไว้ก่อนค่ะ
📌ขั้นตอนถัดไป​ จะมาผสมน้ำซอสกันค่ะ​ ใส่ซอสพริกลงไป
📌ตามด้วยซอสมะเขือเทศ
📌ซอสหอยนางรม
📌ซอสปรุงรสฝาเขียว
📌ผงปาปริก้า
📌น้ำตาลทราย
📌พริกไทยป่น
📌คนผสมให้เข้ากัน
📌นำซอสที่เราทำ​ นำมาแบ่งครึ่ง​ เทใส่เนื้อไก่ไปครึ่งหนึ่งนะคะ
📌บีบน้ำสับปะรดใส่ไป1ชิ้น​ (น้ำสับปะรดจะทำให้ไก่นิ่มเร็วมากค่ะ)
📌ใช้มือผสมให้เข้ากัน​ และหมักทิ้งไว้​ 15​ นาทีค่ะ
📌เมื่อครบเวลาหมักไก่แล้ว​ เราจะนำมาเสียบไม้เลยนะคะ​ เสียบตามชอบเลยค่ะ
📌และเมื่อเสียบเสร็จแล้วนะคะ​ เราจะนำไปย่างกันเลยค่ะ
📌ทานซอสที่เราเหลือไว้บนเนื้อไก่เลยนะคะ​ เขาจะได้ไม่แห้ง
📌ทาทั้ง2ด้านเลยค่ะ​ และย่างให้สุก
📌แค่นี้ก็เสร็จแล้วค่ะ​ ลองทำทานกันดูนะคะเพื่อนๆ​ ไม่ยากค่ะ
วิธีทำแบบวิดีโอ📌📌

Facebook​📌
Youtube​📌
Email​📌 junnony55@gmail.com​																															",0,0,"['0', '0', '0', '0', '0', '0']","['อาหารไทย', 'อาหาร', 'เมนูอาหาร', 'อาหารนานาชาติ', 'อาหารฟาสต์ฟู้ด']",04/16/2021 15:39:18,https://pantip.com/topic/40645905,no img
83,ไก่กับไข่อะไรเกิดก่อน,สมาชิกหมายเลข 6332010,6332010,"
																																									   แก้ไขข้อความเมื่อ   
							",0,0,"['0', '0', '0', '0', '0', '0']",[],02/22/2021 16:23:03,https://pantip.com/topic/40537941,no img
84,ไก่ปู่ย่าพันธุ์ ไก่พ่อแม่พันธุ์ มีวิธีคัดเลือกกอย่างไร,สมาชิกหมายเลข 1358343,1358343,"
								สวัสดีค่ะ จะขอสอบถามไปทำรายงานหน่อยค่ะ ไก่ปู่ย่าพันธุ์ ไก่พ่อแม่พันธุ์ที่เป็นไก่เนื้อ มีวิธีคัดเลือกกอย่างไร และมีอายุไขกี่ปีถึงปลดระวาง ถ้าปลดระวางแล้วจะนำไปทำอะไรต่อคะ ขอบคุณล่วงหน้าค่ะ																															",0,0,"['0', '0', '0', '0', '0', '0']","['เกษตรกรรม', 'ไก่ชน', 'ชีววิทยา', 'วิทยาศาสตร์']",11/01/2020 16:50:39,https://pantip.com/topic/40294286,no img
85,ในฟาร์มแห่งหนึ่งเลี้ยงไก่และหมูซึ่งนับขาได้264 ขา และนับหัวได้89หัว จงหาจำนวนของไก่และหมูว่ามีอย่างละเท่าใด,สมาชิกหมายเลข 6332204,6332204,"
								ก. ไก่44ตัว หมู 45ตัว
ข.ไก่46ตัว หมู 43ตัว
ค.ไก่47ตัว หมู42 
ง.ไก่39ตัว หมู50ตัว																															",0,1,"['0', '1', '0', '0', '0', '0']","['คณิตศาสตร์', 'นักคณิตศาสตร์', 'สมการ (คณิตศาสตร์)', 'อสมการ (คณิตศาสตร์)']",02/21/2021 20:26:57,https://pantip.com/topic/40536156,no img
86,หยางเลี้ยงไก่จริงหรอ?,สมาชิกหมายเลข 6166888,6166888,"
								เวลาเข้ามาอ่านกระทู้ที่มีอะไรเกี่ยวกับ YG มักจะมีคนบอกว่าหยางเลี้ยงไก่ หรือไล่ไปเลี้ยงไก่ ล่าสุดกระทู้ที่ท่าเต้นเด็กกล่อง นางทำฟาร์มไก่จริงๆไหม																																	   แก้ไขข้อความเมื่อ   
							",0,0,"['0', '0', '0', '0', '0', '0']","['YG Entertainment', 'K-POP', 'Yang Hyun Suk']",11/09/2020 01:28:01,https://pantip.com/topic/40309669,no img
87,สาวก ตูดไก่ ต้องได้กิน,สมาชิกหมายเลข 3034759,3034759,"
								หลายๆคนอาจจะชอบเมนูตูดไก่เหมือนกับผม เวลาย่างหอมๆทานกับข้าวเหนียวร้อนๆนี้โคตฟินใช่ไมครับ 
วันนี้เลยลองทำเมนูง่ายๆดู ผัดโหระภาตูดไก่ จะบอกว่าอร่อย ทำง่ายมาก ทานกับข้าวสวยร้อนๆได้แบบจุใจ กรุบๆ
ไปดูวิธีทำกันนะครับ กดไลค์ กดแชร์ กดติดตาม เป็นกำลังใจให้กันด้วยนะครับ

																															",0,1,"['1', '0', '0', '0', '0', '0']","['เมนูผัด', 'อาหารไทย', 'อาหารจานเดียว', 'อาหารคาว', 'สูตรอาหาร']",01/30/2021 16:39:49,https://pantip.com/topic/40486568,https://f.ptcdn.info/416/072/000/qnqqsk11uct32U8f31C1-o.jpg
88,ไก่ข้างบ้านมาทำลายข้าวของบ้านเรา,สมาชิกหมายเลข 4547633,4547633,"
								สอบถามหน่อยครับว่าถ้าไก่เขาบินมาทำลายข้าวของของเรากระจุยกระจายทุกวันๆแบบนี้เราจะเอาผิดเขาทางกฎหมายได้มั้ยครับ คือผมกลับบ้านมาเหนื่อยๆต้องมานั่งเก็บนั่งกวาดทุกวันเลยแล้วไม่ใช่น้อยๆนะครับหน้าบ้านคือเละหมดเลย แนะนำหน่อยครับ กรณีที่คุยกับเขาแล้ว																															",0,0,"['0', '0', '0', '0', '0', '0']","['เพื่อนบ้าน', 'ไก่ชน']",01/29/2021 18:08:55,https://pantip.com/topic/40484554,no img
89,ไก่เป็นสัตว์จำพวกนก ทำไมไม่เรียกว่า นกไก่,สมาชิกหมายเลข 5256609,5256609,"
								สัตว์ปีกจำพวกนกที่บินไม่ได้ก็มีหลายชนิด เช่น นกเพนกวิ้น นกกระจอกเทศ นกกีวี่

แต่ ไก่ เป็ด ห่าน หงษ์ ที่ยังบินได้เล็กน้อยกลับไม่ถูกเรียกว่า ""นก""

หรือมันแยกวิวัฒนาการมาหากินบนพื้นก่อนจำพวกที่ถูกเรียกว่านก หรือมันกำลังจะเป็นสายพันธุ์อื่น																															",0,0,"['0', '0', '0', '0', '0', '0']","['นก', 'ชีววิทยา', 'สัตว์ปีก', 'วงจรชีวิตสัตว์โลก', 'วิวัฒนาการ (Evolution)']",01/27/2021 04:50:23,https://pantip.com/topic/40478400,no img
90,@@@ ทำไมอาหารพร้อมทานถึงมักเป็นเมนูไก่ @@@,Kyren,170793,"
								คือพอดีจะหาข้าวพร้อมทานกับอาหารพร้อมทานที่เป็นแบบกระป๋องหรือเป็นซอง แต่ทำไมเจอแต่เมนูไก่เป็นส่วนมากทุกยี่ห้อเลยอย่างเช่น ไก่ผัดกะเพรา ผัดเผ็ดไก่ มัสมั่นไก่ แกงกะหรี่ไก่ พะแนงไก่ ไก่ผัดกระเทียม แต่ไม่เจอที่เป็นหมูเลยครับ ทำไมถึงไม่ทำเป็นหมูออกมาบ้างมันมีปัญหาตรงไหนเหรอครับ ขอบคุณมากครับ																															",0,3,"['3', '0', '0', '0', '0', '0']","['วิทยาศาสตร์', 'อาหารไทย', 'อาหารกระป๋อง']",12/29/2020 13:43:49,https://pantip.com/topic/40415500,no img
91,กระดูกไก่สามารถย่อยสลายได้มั้ยครับ,สมาชิกหมายเลข 5447246,5447246,"
								เห็นบางคนกินไก่ทอดเสร็จก็โยนออกนอกรถตกไปข้างทาง อยากรู้ว่ากระดูกไก่สามารถย่อยสลายได้มั้ยครับ หรือว่าจะไปกลายเป็นขยะที่รกอีกชิ้นหนึ่ง																															",0,0,"['0', '0', '0', '0', '0', '0']","['ปัญหาสิ่งแวดล้อม', 'ชีววิทยา']",12/11/2020 21:43:02,https://pantip.com/topic/40379364,no img
92,ตูดไก่ - ใครชอบบ้าง,ทิดโส,253198,"
								ขอเอ่ยถึงตูดไก่ไว้สักหน่อย
ความอร่อยหนึบมันฉันชอบหลาย
อดีตกาลผ่านมาจำมิคลาย
จุดมุ่งหมายสิ่งเดียวไม่เกี่ยวใคร

กับน้องชายก็ชอบเหมือนกันด้วย
เราจึงช่วยตกลงส่งสารให้
ข้อบังคับเรามีระหว่างใจ
ใครทำไก่ก็ได้ตูดไปดูดกิน

ต่อมน้ำมันฉันชอบตอบชัดชัด
เพียงเริ่มกัดชุ่มปากไม่ยากสิ้น
เนื้อหนึบเหนียวเคี้ยวเล่นเป็นอาจินต์
อร่อยลิ้นเกินกว่ามาจากใด

โอ้ว่าตูด..ใครคิดว่าไม่สำคัญ
แต่ว่าตูดไก่นั้นต้องเว้นให้
มีทั้งความสำคัญต่อจิตใจ
มีทั้งความอร่อยไปในทุกคราว
																															",0,5,"['1', '1', '0', '0', '3', '0']","['อาหารไทย', 'อาหารคาว', 'อาหาร']",02/25/2021 09:06:26,https://pantip.com/topic/40543677,https://f.ptcdn.info/676/072/000/qp2apnj3vG7Kny43wgo-o.jpg
93,เป็นหูดหงอดไก่ ต้องหาหมออะไร?,สมาชิกหมายเลข 4143316,4143316,"
								ตามชื่อกระทู้เลยค่ะ คือเราสงสัยว่าเป็นหูดหงอดไก่ ขึ้นตรงบริเวร ปากช่องคลอด เราเลยสงสัยว่าจะต้องไปหา หมอผิวหนังหรือหมอสูติ คือเราเครียดมากตอนนี้ เลยอยากจะสอบถาม ขอบคุณค่ะ																															",0,0,"['0', '0', '0', '0', '0', '0']","['สุขภาพกาย', 'โรคติดต่อทางเพศสัมพันธ์']",03/01/2021 01:08:30,https://pantip.com/topic/40551582,no img
94,ข้าวมันไก่เซเว่นไก่เป็นสีฟ้างงมากก,สมาชิกหมายเลข 6321212,6321212,"
								คือด้วยความที่เราปกติก็กินข้าวมันไก่เซเว่นตลอดนะมันก็ไม่มีอะไรผิดปกติหรอกเเต่พอครั้งนี้เจอไก่สีฟ้าข้าวสีเหลืองบางเม็ดเราดูวันหมดอายุเเล้วนะอีกหลายเดือนเลยเเต่ทำไมเป็งงี้อ่ะกินมาหลายรอบไม่เคยเจอเเบบนี้เลยเศร้ามากเราควรทำอย่างไรดีทุกคน😟😟😟ไม่อยากลองกินด้วยกลัวๆๆๆ																															",0,0,"['0', '0', '0', '0', '0', '0']","['7-Eleven', 'อาหาร', 'โภชนาการ', 'สุขภาพกาย', 'ร้านสะดวกซื้อ']",02/14/2021 21:11:35,https://pantip.com/topic/40520512,no img
95,KFC ไก่ทอดน่ำมันหืนมาก TT,สมาชิกหมายเลข 3647360,3647360,"
								วันนี้สั่ง KFC จากปั๊มพีที บางบอน กาญจนาภิเษกมา ไก่ทอดน้ำมันหืนมาก ไม่อร่อยเลย 
กัดไก่เข้าปากแล้วรู้สึกว่าน้ำมันมันจับเป็นไข เหมือนไก่ทอดเก่าแล้วมาทอดใหม่ให้กรอบ หรือไม่ก็ใช้น้ำมันเก่ามาทอดไก่ กินแบ้วไม่ประทับใจ คงหยุดสั่งไปอีกนาน TT																															",0,0,"['0', '0', '0', '0', '0', '0']","['อาหารฟาสต์ฟู้ด', 'KFC', ""McDonald's"", 'อาหาร']",05/19/2021 15:04:22,https://pantip.com/topic/40719254,no img
96,สอบถามครับถ้าผมนำเข้าขาไก่มาจำหน่าย จะมีคนรับซื้อไหมครับ,สมาชิกหมายเลข 6358232,6358232,"
								สอบถามครับถ้าผมจะนำเข้าขาไก่แช่แข็งมาจำหน่าย จะมีคนรับซื้อไหมครับ
																															",0,0,"['0', '0', '0', '0', '0', '0']","['นำเข้าส่งออก', 'เจ้าของธุรกิจ']",03/27/2021 13:58:11,https://pantip.com/topic/40606737,no img
97,ซื้อไก่สดจาก โลตัส วันเดียว มีกลิ่นเหม็น และเปลี่ยนสี,สมาชิกหมายเลข 3385003,3385003,"
								เรื่องมีอยู่ว่า เราได้ซื้อไก่มาจากโลตัสแล้วเอาแช่ตู้เย็นไว้ เช้ามาจะมาทำกับข้าว เอาไก่ออกมาจากตู้เย้น คือไก่มีกลิ่นและเปลี่ยนสี คือเราสงสัยว่าทำไม ซื้อมาแค่วันเดียวเองไก่เน่าแล้ว ทั้งที่ของสดอย่างอื่นยังไม่เน่า สาเหตุมันเกิดจากอะไร เป็นที่ตู้เย็นเรา หรือเป็นที่ไก่มันไม่สด แต่พอเราแจ้งเรื่องผ่านเพจที่โลตัส คือเราก็ไม่ได้คำตอบอะไรจากเขา เขาอ่านเเชทเราแต่เขาไม่ตอบแบบนี้เราควรทำยังไงดี ถึงไก่ที่ซื้อมาจะมีปริมาณที่น้อย และเป็นจำนวนเงินไม่มาก แต่มันก็คือเงิน แถมไก่ก็ยังกินได้อีกหลายมื้อเลย เพื่อนๆเราควรทำยังไงค่ะ																															",0,0,"['0', '0', '0', '0', '0', '0']","['วัตถุดิบทำอาหาร', 'Tesco Lotus', 'ร้องทุกข์']",05/03/2021 09:55:27,https://pantip.com/topic/40682446,no img
98,เรื่องไก่,สมาชิกหมายเลข 5949084,5949084,"
								ถามผู้รู้ไก่นอนอยู่ต้นไม้ฝนตกแรงๆๆๆมันจะหลบฝนไหม																															",0,0,"['0', '0', '0', '0', '0', '0']",[],05/29/2020 20:40:31,https://pantip.com/topic/39940338,no img
99,อยากเปิดโรงเชือดไก่ต้องทำไงบ้าง,สมาชิกหมายเลข 6321723,6321723,"
								อยากทำโรงเชือดไก่แก่ต้องทำไงบ้าง มีล.ค.อยู่ในมือ แต่ไม่รู้วิธีการครับ																															",0,0,"['0', '0', '0', '0', '0', '0']","['วิธีการใช้งานพันทิป', 'กิจกรรมสมาชิก', 'ข้อเสนอแนะถึงพันทิป', 'กิจกรรมพันทิป']",02/16/2021 06:14:03,https://pantip.com/topic/40523540,no img
100,ไก่1ตัวมี2ขา  แล่วไก่2ขามีกี่ตัว,สมาชิกหมายเลข 6321877,6321877,"
								คำถาม คลายเครียด																															",0,0,"['0', '0', '0', '0', '0', '0']","['ไก่ชน', 'สัตว์เลี้ยง']",02/15/2021 10:19:35,https://pantip.com/topic/40521493,no img
