num,id,name,price,type,review,from,img_src,url
1,2334166,เพ็ทเอท (Pet 8) อาหารเปียกสำหรับแมว รสทูน่าหน้าไก่ในเยลลี่ 85 กรัม (CC22) Tuna Topping Chicken,10,JD CENTRAL,856,https://img.jd.co.th/n1/jfs/t28/247/35242812/178828/42cc76c2/5bf53fceNe8adcfaa.jpg!q50.jpg.dpg,ประเทศไทย,https://www.jd.co.th/product/2334166.html
2,5023514,Nekko [12 ซอง] อาหารแมวเน็กโกะ ปลาทูน่าหน้าเนื้อไก่ 70 กรัม X 12 ซอง Tuna Topping Sasami 70 g x 12 Pcs,159,JD CENTRAL,393,https://img.jd.co.th/n1/jfs/t28/102/2004825547/636638/303cd1f5/5e5213e9Nd2e16b40.png!q50.jpg.dpg,ประเทศไทย,https://www.jd.co.th/product/5023514.html
3,5090338,เบลลอตต้า อาหารเปียกแมว (กระป๋อง) ปลาทูน่าและไก่รวม 3 ชั้น 400g. Chicken 400g,35,JD CENTRAL,111,https://img.jd.co.th/n1/jfs/t7/135/5217171362/508387/f1ff4aab/6023c3d3N331e93fa.png!q50.jpg.dpg,ประเทศไทย,https://www.jd.co.th/product/5090338.html
4,262101,[ส่งฟรี] อัลโป อาหารสุนัขโต ชนิดแห้ง รสเนื้อไก่ ตับ และผัก 20 กก. 20 kg,829,JD CENTRAL,79,https://img.jd.co.th/n1/jfs/t34/185/2478329266/284247/8d16af16/5ec4d395N60548dfb.jpg!q50.jpg.dpg,ประเทศไทย,https://www.jd.co.th/product/262101.html
5,4259767,Dailipet ( เดลี่ เพ็ท ) อาหารสุนัขโตพันธุ์เล็ก รสเนื้อ ไก่ และตับ 1 กก. Small Breed 1 Kg.,45,JD CENTRAL,164,https://img.jd.co.th/n1/jfs/t10/156/2033253830/181497/147aa7b0/5df9f528N0f3799d8.jpg!q50.jpg.dpg,ประเทศไทย,https://www.jd.co.th/product/4259767.html
6,8578926,[ ส่งฟรี! ] เพดดิกรี®อาหารสุนัขชนิดแห้ง แบบเม็ด สูตรสุนัขโต รสไก่และตับย่าง 10กก. 1 ถุง Bag,549,JD CENTRAL,63,https://img.jd.co.th/n1/jfs/t7/22/3579757006/65466/96fd1546/5f3e265bN801df16f.jpg!q50.jpg.dpg,ประเทศไทย,https://www.jd.co.th/product/8578926.html
7,4812636,CIAO [ยกลัง 16 ชิ้น] เพ้าซ์ อาหารแมวชนิดเปียก ชนิดซุป - ทูน่ามากุโระ+สันในไก่ รสหอยเชลล์ 40gx16 ชิ้น (IC-201) Wet Food 40g x 16 Pcs,173,JD CENTRAL,132,https://img.jd.co.th/n1/jfs/t1/8/2018634785/147934/61946b4c/5ed0cf3fN99f141ad.jpg!q50.jpg.dpg,ประเทศไทย,https://www.jd.co.th/product/4812636.html
8,262098,อัลโป อาหารสุนัขโต ชนิดแห้ง รสเนื้อไก่ ตับ และผัก 10 กก. 10 kg,449,JD CENTRAL,128,https://img.jd.co.th/n1/jfs/t34/160/2500549998/269478/f321fa1c/5ec4d302N6bf407a5.jpg!q50.jpg.dpg,ประเทศไทย,https://www.jd.co.th/product/262098.html
9,4812621,CIAO [ยกลัง 16 ชิ้น] เพ้าซ์ อาหารแมวชนิดเปียก ชนิดซุป - ทูน่ามากุโระ+หอยเชลล์หน้าสันในไก่ 40gx16 ชิ้น (IC-211) Wet Food 40g x 16 Pcs,173,JD CENTRAL,121,https://img.jd.co.th/n1/jfs/t1/284/2063923582/138694/2a2e9598/5ed0cf13N923882d8.jpg!q50.jpg.dpg,ประเทศไทย,https://www.jd.co.th/product/4812621.html
10,2365379,เบลลอตต้า อาหารเปียกแมวแบบซอง ปลาทูน่าและไก่ 85 กรัม แพ็ค 12 ซอง Tuna and Chicken,129,JD CENTRAL,455,https://img.jd.co.th/n1/jfs/t25/267/6611796802/290402/85a8771/60704252N44381e2a.png!q50.jpg.dpg,ประเทศไทย,https://www.jd.co.th/product/2365379.html
11,8578868,เพดดิกรี®อาหารสุนัขชนิดแห้ง แบบเม็ด สูตรสุนัขพันธุ์เล็ก รสไก่ตับและผัก 1.3กก. Bag,122,JD CENTRAL,9,https://img.jd.co.th/n1/jfs/t10/359/3551252363/169745/eed6cfa0/5f3e2280Ncfcc13b7.jpg!q50.jpg.dpg,ประเทศไทย,https://www.jd.co.th/product/8578868.html
12,3802457,Bellotta (เบลลอตต้า) อาหารเปียกแมว(ซอง) - ปลาทูน่าและไก่ 85g x24 ชิ้น Tuna and Chicken 85g x 24,249,JD CENTRAL,128,https://img.jd.co.th/n1/jfs/t25/59/6561085195/291237/23090804/6070434dN173391ab.png!q50.jpg.dpg,ประเทศไทย,https://www.jd.co.th/product/3802457.html
13,18752987,วิสกัส® เทสตี้มิกซ์ อาหารเปียกแมว 1+ ปี ไก่พร้อมปลาแซลมอน สาหร่ายวากาเมะในน้ำเกรวี่  70ก.x 24 ชิ้น Chicken w Salmon Wagame Seaweed In Gravy 70Gx 24 Pcs.,349,JD CENTRAL,5,https://img.jd.co.th/n1/jfs/t16/174/6789520028/593025/201138b8/607d2940N9f5d0a8b.png!q50.jpg.dpg,ประเทศไทย,https://www.jd.co.th/product/18752987.html
14,2265462,เบลลอตต้า อาหารเปียกแมวแบบซอง ปลาทูน่าและไก่ 85 กรัม Tuna and Chicken,12,JD CENTRAL,141,https://img.jd.co.th/n1/jfs/t19/45/6572361906/283017/d82534eb/6070419bN8a957bde.png!q50.jpg.dpg,ประเทศไทย,https://www.jd.co.th/product/2265462.html
15,2972138,[ส่งฟรี] Supercoat ซุปเปอร์โค้ท อาหารสุนัข สูตรสุนัขโต เนื้อไก่ 10กก Chicken 10  kg,639,JD CENTRAL,50,https://img.jd.co.th/n1/jfs/t19/281/2854321729/318683/bd4c0346/5ec4e292N208868ec.jpg!q50.jpg.dpg,ประเทศไทย,https://www.jd.co.th/product/2972138.html
16,1970988,NEKKO อาหารแมว สูตรปลาทูน่าหน้าเนื้อไก่ 70 กรัม Tuna Topping Sasami,14,JD CENTRAL,195,https://img.jd.co.th/n1/jfs/t10/270/199168225/121543/a81fe199/5bc20788N001eeaf2.jpg!q50.jpg.dpg,ประเทศไทย,https://www.jd.co.th/product/1970988.html
17,2972173,Supercoat อาหารสุนัข สูตรสุนัขโตพันธุ์เล็ก รสเนื้อไก่ 3 กก. Chicken,285,JD CENTRAL,36,https://img.jd.co.th/n1/jfs/t34/365/2535814641/306514/d4324785/5ec4e18cN3eb0a191.jpg!q50.jpg.dpg,ประเทศไทย,https://www.jd.co.th/product/2972173.html
18,8578904,เพดดิกรี®อาหารสุนัขชนิดแห้ง แบบเม็ด สูตรสุนัขโต รสไก่และตับย่าง 3กก. 1 ถุง Bag,205,JD CENTRAL,35,https://img.jd.co.th/n1/jfs/t25/34/3605981141/71080/488f2c06/5f3e262eN24fe52c6.jpg!q50.jpg.dpg,ประเทศไทย,https://www.jd.co.th/product/8578904.html
19,8578792,[ ส่งฟรี! ] เพดดิกรี®อาหารสุนัขชนิดแห้ง แบบเม็ด สูตรสุนัขพันธุ์เล็ก รสไก่ตับและผัก 8กก. 1 ถุง Bag,555,JD CENTRAL,36,https://img.jd.co.th/n1/jfs/t34/97/3298699631/65939/c7d207be/5f3e2334N07e11a46.jpg!q50.jpg.dpg,ประเทศไทย,https://www.jd.co.th/product/8578792.html
20,4812637,CIAO [ยกลัง 16 ชิ้น] เพ้าซ์ อาหารแมวชนิดเปียก ชนิดซุป - ทูน่ามากุโระ+สันในไก่หน้าปลาข้าวสาร 40gx16 ชิ้น (IC-202) Wet Food 40g x 16 Pcs,173,JD CENTRAL,92,https://img.jd.co.th/n1/jfs/t10/79/2184031300/996176/689db8a6/5e26a557N7581ce38.jpg!q50.jpg.dpg,ประเทศไทย,https://www.jd.co.th/product/4812637.html
21,4812625,CIAO [ยกลัง 16 ชิ้น] เพ้าซ์ อาหารแมวชนิดเปียก ชนิดซุป - ทูน่าคัทสึโอะ+สันในไก่หน้าปลาโอแห้ง 40gx16 ชิ้น (IC-204) Wet Food 40g x 16 Pcs,173,JD CENTRAL,92,https://img.jd.co.th/n1/jfs/t10/78/2173635502/38276/590050e4/5e26a5e4N5e536706.jpg!q50.jpg.dpg,ประเทศไทย,https://www.jd.co.th/product/4812625.html
22,5111403,[12 ซอง] Me-O ( มีโอ ) ดีไลท์ เพ้าซ์ อาหารแมวชนิดเปียก รสปลาทูน่า-ไก่ฉีกในเยลลี่ 70g.x12 ซอง Tuna With  Chicken Flake 70 g.x12 Pcs.,199,JD CENTRAL,16,https://img.jd.co.th/n1/jfs/t7/348/2363529290/170726/2fe51808/5e5dde43N143fc409.jpg!q50.jpg.dpg,ประเทศไทย,https://www.jd.co.th/product/5111403.html
23,8578859,ชีบา®อาหารแมวชนิดเปียก แบบกระป๋อง ดีลักซ์ รสไก่ในน้ำเกรวี่ 85กรัม 1 กระป๋อง Can,27,JD CENTRAL,7,https://img.jd.co.th/n1/jfs/t19/320/3354021744/250067/36cd7d2d/5f0ff6d3N7e3e1df3.jpg!q50.jpg.dpg,ประเทศไทย,https://www.jd.co.th/product/8578859.html
24,18752996,วิสกัส® เทสตี้มิกซ์ อาหารเปียกแมว 1+ ปี ไก่พร้อมปลาทูน่าและแครอทในน้ำเกรวี่ 70ก.x 24 ชิ้น Chicken w Tuna n Carrot In Gravy 70Gx 24 Pcs.,349,JD CENTRAL,3,https://img.jd.co.th/n1/jfs/t7/178/6751321937/586184/ab55e487/607d2a9fNb535bf7e.png!q50.jpg.dpg,ประเทศไทย,https://www.jd.co.th/product/18752996.html
25,7212691,SUPERCOAT ซุปเปอร์โค้ท อาหารสุนัข สูตรสุนัขโตพันธุ์เล็ก รสไก่ 8 กิโลกรัม Chicken 8 kg.,639,JD CENTRAL,17,https://img.jd.co.th/n1/jfs/t1/10/2028206944/380435/c334a5d9/5ec4e468N27f268e1.jpg!q50.jpg.dpg,ประเทศไทย,https://www.jd.co.th/product/7212691.html
26,11874799,[ส่งฟรี] เพดดิกรี®อาหารสุนัขชนิดแห้ง แบบเม็ด สูตรสุนัขโต รสไก่และผัก 20กก. 1 ถุง Chicken and Vegetable,1009,JD CENTRAL,32,https://img.jd.co.th/n1/jfs/t10/315/4084288024/454190/7d148da6/5f7c0d91N119b9584.png!q50.jpg.dpg,ประเทศไทย,https://www.jd.co.th/product/11874799.html
27,5208495,[12 ซอง] เฟลิกซ์ เซนเซชั่น อาหารแมว ในเยลลี่ รสไก่และผักโขม 70 ก. (12 ซอง) Pack13 70G.,169,JD CENTRAL,39,https://img.jd.co.th/n1/jfs/t10/41/2413082126/230057/76657502/5e71e49aNbc8c5c7f.jpg!q50.jpg.dpg,ประเทศไทย,https://www.jd.co.th/product/5208495.html
28,8578777,เพดดิกรี®อาหารสุนัขชนิดแห้ง แบบเม็ด สูตรสุนัขโต รสไก่และผัก 3กก. 1 ถุง Bag,201,JD CENTRAL,21,https://img.jd.co.th/n1/jfs/t25/23/3599985815/70955/49ad66f0/5f3e2546N34f5645e.jpg!q50.jpg.dpg,ประเทศไทย,https://www.jd.co.th/product/8578777.html
29,2998595,SmartHeart สมาร์ทฮาร์ท อาหารสุนัขโต ไก่และตับ 20กก. Chicken & Liver 20kg.,1019,JD CENTRAL,26,https://img.jd.co.th/n1/jfs/t19/12/1825179611/293677/fbcc353b/5dd3bec8Nd708c132.jpg!q50.jpg.dpg,ประเทศไทย,https://www.jd.co.th/product/2998595.html
30,4812624,CIAO [ยกลัง 16 ชิ้น] เพ้าซ์ อาหารแมวชนิดเปียก ชนิดซุป - ทูน่าคัทสึโอะ+หอยเชลล์หน้าสันในไก่ 40gx16 ชิ้น (IC-212) Wet Food 40g x 16 Pcs,173,JD CENTRAL,46,https://img.jd.co.th/n1/jfs/t25/299/2208549699/1004128/a60106c9/5e26a66fN32b43dc4.jpg!q50.jpg.dpg,ประเทศไทย,https://www.jd.co.th/product/4812624.html
31,3189775,Cherman อาหารเปียกแมว รสปลาทูน่าและไก่ในเยลลี่ แบบเพ้าช์ 85 กรัม Tuna and Chicken,14,JD CENTRAL,53,https://img.jd.co.th/n1/jfs/t34/34/1256678190/800384/db4b5d23/5dbff5cdN735a2fbe.png!q50.jpg.dpg,ประเทศไทย,https://www.jd.co.th/product/3189775.html
32,162411,สมาร์ทฮาร์ท อาหารสุนัขพันธุ์เล็กชนิดเม็ด รสไก่และตับ 3 กก. Chicken and Liver,249,JD CENTRAL,77,https://img.jd.co.th/n1/jfs/t1/180/960602043/285513/6f6e9d9f/5dd3c246N1b18d04e.jpg!q50.jpg.dpg,ประเทศไทย,https://www.jd.co.th/product/162411.html
33,9459544,[ส่งฟรี!]PEDIGREE DOG FOOD DRY ADULT เพดดิกรีอาหารสุนัขชนิดแห้ง แบบเม็ด สูตรสุนัขโต รสไก่และผัก 20 กิโลกรัม อาหารสัตว์เลี้ 20kg 20kg,1009,Pedigree & Whiskas Official Store,10,https://img.jd.co.th/n1/jfs/t22/309/1662365421/1826940/b0141d3d/5f27d202Nd933a3da.png!q50.jpg.dpg,ประเทศไทย,https://www.jd.co.th/product/9459544.html
34,16157101,เบลลอตต้า[คอลเลคชัน บ้านแมว] อาหารเปียก สำหรับน้องแมว แบบกระป๋อง รสทูน่าไก่ 3 ชั้น 400g. x 24 กระป๋อง/Bellotta  Wet Cat Food (Can)Tuna Chicken 3 Layer Pink400g x 24,844,JD CENTRAL,no review,https://img.jd.co.th/n1/jfs/t16/176/5435213752/122773/8875d02c/604732f1Nd3e84c51.jpg!q50.jpg.dpg,ประเทศไทย,https://www.jd.co.th/product/16157101.html
35,4259783,Dailipet ( เดลี่ เพ็ท ) อาหารสุนัขโต ทุกสายพันธุ์ รสเนื้อ ไก่ และตับ 20 กก. All Breed 20 Kg.,609,JD CENTRAL,55,https://img.jd.co.th/n1/jfs/t13/179/1908129476/129841/ad3dede0/5de76091Nbda4bd87.jpg!q50.jpg.dpg,ประเทศไทย,https://www.jd.co.th/product/4259783.html
36,7011026,Pet 8 (เพ็ทเอท) อาหารเม็ด สำหรับสุนัขโต รสตับ และ ไก่  10 กก.( CD42 ) Liver & Chicken Flavor 10 kg.,325,JD CENTRAL,27,https://img.jd.co.th/n1/jfs/t7/164/2630771220/150454/391d56fa/5e96f632N87bfe555.jpg!q50.jpg.dpg,ประเทศไทย,https://www.jd.co.th/product/7011026.html
37,695842,CIAO เพ้าซ์ อาหารแมวชนิดเปียก ชนิดซุป - ทูน่าคัทสึโอะ+หอยเชลล์หน้าสันในไก่ 40g (IC-212) -,12,JD CENTRAL,169,https://img.jd.co.th/n1/jfs/t10/164/47057652/174478/423f9275/5b867bd7N5234a716.jpg!q50.jpg.dpg,ประเทศไทย,https://www.jd.co.th/product/695842.html
38,18753016,วิสกัส® เทสตี้มิกซ์ อาหารเปียกแมว 1+ ปี ไก่พร้อมปลาทูน่าและแครอทในน้ำเกรวี่ 70ก. Chicken w Tuna n Carrot In Gravy,16,JD CENTRAL,2,https://img.jd.co.th/n1/jfs/t16/347/6619767331/64176/3139b191/6073ffd9Nc2c2e9cf.jpg!q50.jpg.dpg,ประเทศไทย,https://www.jd.co.th/product/18753016.html
39,162421,สมาร์ทฮาร์ท อาหารสุนัขโตชนิดเม็ด รสไก่และตับ 10 กก. Chicken and Liver,545,JD CENTRAL,53,https://img.jd.co.th/n1/jfs/t25/105/1804961060/287787/7c753c2/5dd3bd9eNfcccf886.jpg!q50.jpg.dpg,ประเทศไทย,https://www.jd.co.th/product/162421.html
40,162428,สมาร์ทฮาร์ท อาหารสุนัขโตชนิดเม็ด รสไก่และตับ 3 กก. Chicken and Liver,219,JD CENTRAL,54,https://img.jd.co.th/n1/jfs/t7/197/1790551529/277384/87c8e504/5dd3c205Nab9c0646.jpg!q50.jpg.dpg,ประเทศไทย,https://www.jd.co.th/product/162428.html
41,695833,CIAO อาหารแมวชนิดเปียก ซุปใส รสทูน่าคัทสึโอะ สันในไก่ หน้าปลาโอแห้ง แบบซอง 40 กรัม Kutsuo Chicken Dried Fish Soup,12,JD CENTRAL,244,https://img.jd.co.th/n1/jfs/t7/160/47353520/188863/6417d22e/5b867b3cNabefee63.jpg!q50.jpg.dpg,ประเทศไทย,https://www.jd.co.th/product/695833.html
42,2972164,Supercoat ซุปเปอร์โค้ท อาหารสุนัข สูตรลูกสุนัข เนื้อไก่ 400กรัม Chicken,45,JD CENTRAL,8,https://img.jd.co.th/n1/jfs/t31/11/2510251952/306320/f21f39ff/5ec4e003Nb78db6f9.jpg!q50.jpg.dpg,ประเทศไทย,https://www.jd.co.th/product/2972164.html
43,4812627,CIAO [ยกลัง 16 ชิ้น] เพ้าซ์ อาหารแมวชนิดเปียก ชนิดซุป - สันในไก่+หอยเชลล์ 40gx16 ชิ้น (IC-213) Wet Food 40g x 16 Pcs,173,JD CENTRAL,29,https://img.jd.co.th/n1/jfs/t19/68/2224326611/888040/332699c8/5e26a4bfNd1df7b5b.jpg!q50.jpg.dpg,ประเทศไทย,https://www.jd.co.th/product/4812627.html
44,4812620,CIAO [ยกลัง 16 ชิ้น] เพ้าซ์ อาหารแมวชนิดเปียก ชนิดซุป - สันในไก่ รสหอยเชลล์ 40gx16 ชิ้น (IC-205) Wet Food 40g x 16 Pcs,173,JD CENTRAL,53,https://img.jd.co.th/n1/jfs/t16/98/2188932169/946196/38ab1ec4/5e26a60cNc9ff81f2.jpg!q50.jpg.dpg,ประเทศไทย,https://www.jd.co.th/product/4812620.html
45,2998598,SmartHeart สมาร์ทฮาร์ท อาหารสุนัขพันธุ์เล็ก ไก่และตับ 10กก. Chicken & Liver Flavor 10kg.,699,JD CENTRAL,36,https://img.jd.co.th/n1/jfs/t28/194/1492063566/279956/134e8cb2/5dd3bcfdN326c4e69.jpg!q50.jpg.dpg,ประเทศไทย,https://www.jd.co.th/product/2998598.html
46,2387229,Felix อาหารแมวโต สูตรไก่ในเยลลี่ 70 กรัม Chicken in Jelly,17,JD CENTRAL,147,https://img.jd.co.th/n1/jfs/t1/44/1987076500/368221/73579fc0/5ec4dba1Nb4a734e4.jpg!q50.jpg.dpg,ประเทศไทย,https://www.jd.co.th/product/2387229.html
47,8578834,เพดดิกรี®อาหารสุนัขชนิดแห้ง แบบเม็ด สูตรลูกสุนัข รสไก่ไข่และนม 1.3กก 1 ถุง Bag,132,JD CENTRAL,13,https://img.jd.co.th/n1/jfs/t25/349/3621246812/58729/de8021be/5f3e2381N5b561337.jpg!q50.jpg.dpg,ประเทศไทย,https://www.jd.co.th/product/8578834.html
48,8578876,เพดดิกรี®อาหารสุนัขชนิดแห้ง แบบเม็ด สูตรสุนัขโต รสไก่และผัก 1.5กก. 1 ถุง Bag,135,JD CENTRAL,1,https://img.jd.co.th/n1/jfs/t31/79/3272054515/69298/e9f08304/5f3e2516N785f5f2a.jpg!q50.jpg.dpg,ประเทศไทย,https://www.jd.co.th/product/8578876.html
49,2972145,Supercoat ซุปเปอร์โค้ท อาหารสุนัข สุนัขโตพันธุ์เล็ก ไก่ 1.5กก Chicken,159,JD CENTRAL,25,https://img.jd.co.th/n1/jfs/t7/90/2859770635/276575/d911558a/5ec4e3d2Na5da6c8a.jpg!q50.jpg.dpg,ประเทศไทย,https://www.jd.co.th/product/2972145.html
50,8578836,เพดดิกรี®อาหารสุนัขชนิดแห้ง แบบเม็ด สูตรสุนัขพันธุ์เล็ก รสไก่ตับและผัก 2.7กก. Bag,222,JD CENTRAL,21,https://img.jd.co.th/n1/jfs/t10/361/3599136573/66693/a538284/5f3e22b2N4f496039.jpg!q50.jpg.dpg,ประเทศไทย,https://www.jd.co.th/product/8578836.html
51,695837,CIAO เพ้าซ์ อาหารแมวชนิดเปียก ชนิดซุป - สันในไก่+หอยเชลล์ 40g (IC-213) -,12,JD CENTRAL,172,https://img.jd.co.th/n1/jfs/t4/171/44773865/174694/e2a5edc1/5b867bfeN67174ebe.jpg!q50.jpg.dpg,ประเทศไทย,https://www.jd.co.th/product/695837.html
52,8627441,วิสกัส เทมเทชันส์รสเทสตี้ไก่ 85กรัม Chicken Flavour,71,JD CENTRAL,17,https://img.jd.co.th/n1/jfs/t7/19/3331839887/276160/82156286/5f0ffc18Nd1a2c307.jpg!q50.jpg.dpg,ประเทศไทย,https://www.jd.co.th/product/8627441.html
53,13015584,สมาร์ทฮาร์ท สุนัขพันธุ์เล็ก (ไก่ตับ) 20kg. Chicken & Liver Flavor 20Kg.,1283,JD CENTRAL,5,https://img.jd.co.th/n1/jfs/t22/127/2555595434/354126/49f1907a/5fa91119Nebcf705b.png!q50.jpg.dpg,ประเทศไทย,https://www.jd.co.th/product/13015584.html
54,2972130,Supercoat ซุปเปอร์โค้ท อาหารสุนัข สูตรสุนัขโต เนื้อไก่ 1.5กก. Chicken,155,JD CENTRAL,1,https://img.jd.co.th/n1/jfs/t13/6/2845839108/289456/bfc93d86/5ec4e403N8062f9bf.jpg!q50.jpg.dpg,ประเทศไทย,https://www.jd.co.th/product/2972130.html
55,695882,INABA ถ้วย อาหารแมวชนิดเปียก - พุดดิ้งเนื้อสันในไก่ 65g (IMC-153),23,JD CENTRAL,21,https://img.jd.co.th/n1/jfs/t22/240/44351769/136459/f8a3f4b9/5b868683N67a0d90c.jpg!q50.jpg.dpg,ประเทศไทย,https://www.jd.co.th/product/695882.html
56,13015573,"สมาร์ทฮาร์ท ลุกสุนัข (ไก่ ไข่และนม) 15kg. Chicken , Egg  & Milk Flavor 15Kg.",989,JD CENTRAL,7,https://img.jd.co.th/n1/jfs/t34/57/4045805142/349541/ced24059/5fa91193N80a7deaf.png!q50.jpg.dpg,ประเทศไทย,https://www.jd.co.th/product/13015573.html
57,695885,INABA ถ้วย อาหารแมวชนิดเปียก- เนื้อสันในไก่และปลาโอสไลซ์ในเยลลี่ 65g (IMC-163) -,23,JD CENTRAL,13,https://img.jd.co.th/n1/jfs/t22/250/53134551/122736/bb9e794f/5b868743Ncb566aaf.jpg!q50.jpg.dpg,ประเทศไทย,https://www.jd.co.th/product/695885.html
58,695827,CIAO อาหารแมวชนิดเปียก ซุปใส รสสันในไก่ หอยเชลล์ แบบซอง 40 กรัม Chicken Scallop Soup,12,JD CENTRAL,219,https://img.jd.co.th/n1/jfs/t4/168/45748082/183312/2278f263/5b867b6bN72d30790.jpg!q50.jpg.dpg,ประเทศไทย,https://www.jd.co.th/product/695827.html
59,2972745,เบลลอตต้า อาหารเปียกแมวแบบกระป๋อง ทูน่าและไก่รวม3ชั้น 85 กรัม แพ็ค 24 กระป๋อง Tuna with Chicken 3 layers,309,JD CENTRAL,27,https://img.jd.co.th/n1/jfs/t25/288/6535054945/332417/ae04aafa/6070439bN5e7d63f9.png!q50.jpg.dpg,ประเทศไทย,https://www.jd.co.th/product/2972745.html
60,2972153,Supercoat ซุปเปอร์โค้ท อาหารสุนัข สูตรลูกสุนัข เนื้อไก่ 3 กก Chicken,285,JD CENTRAL,24,https://img.jd.co.th/n1/jfs/t4/213/2821545456/310351/dde1df90/5ec4e14eNf590bb9b.jpg!q50.jpg.dpg,ประเทศไทย,https://www.jd.co.th/product/2972153.html
61,2334166,เพ็ทเอท (Pet 8) อาหารเปียกสำหรับแมว รสทูน่าหน้าไก่ในเยลลี่ 85 กรัม (CC22) Tuna Topping Chicken,10,JD CENTRAL,856,https://img.jd.co.th/n1/jfs/t28/247/35242812/178828/42cc76c2/5bf53fceNe8adcfaa.jpg!q50.jpg.dpg,ประเทศไทย,https://www.jd.co.th/product/2334166.html
62,5023514,Nekko [12 ซอง] อาหารแมวเน็กโกะ ปลาทูน่าหน้าเนื้อไก่ 70 กรัม X 12 ซอง Tuna Topping Sasami 70 g x 12 Pcs,159,JD CENTRAL,393,https://img.jd.co.th/n1/jfs/t28/102/2004825547/636638/303cd1f5/5e5213e9Nd2e16b40.png!q50.jpg.dpg,ประเทศไทย,https://www.jd.co.th/product/5023514.html
63,5090338,เบลลอตต้า อาหารเปียกแมว (กระป๋อง) ปลาทูน่าและไก่รวม 3 ชั้น 400g. Chicken 400g,35,JD CENTRAL,111,https://img.jd.co.th/n1/jfs/t7/135/5217171362/508387/f1ff4aab/6023c3d3N331e93fa.png!q50.jpg.dpg,ประเทศไทย,https://www.jd.co.th/product/5090338.html
64,262101,[ส่งฟรี] อัลโป อาหารสุนัขโต ชนิดแห้ง รสเนื้อไก่ ตับ และผัก 20 กก. 20 kg,829,JD CENTRAL,79,https://img.jd.co.th/n1/jfs/t34/185/2478329266/284247/8d16af16/5ec4d395N60548dfb.jpg!q50.jpg.dpg,ประเทศไทย,https://www.jd.co.th/product/262101.html
65,4259767,Dailipet ( เดลี่ เพ็ท ) อาหารสุนัขโตพันธุ์เล็ก รสเนื้อ ไก่ และตับ 1 กก. Small Breed 1 Kg.,45,JD CENTRAL,164,https://img.jd.co.th/n1/jfs/t10/156/2033253830/181497/147aa7b0/5df9f528N0f3799d8.jpg!q50.jpg.dpg,ประเทศไทย,https://www.jd.co.th/product/4259767.html
66,8578926,[ ส่งฟรี! ] เพดดิกรี®อาหารสุนัขชนิดแห้ง แบบเม็ด สูตรสุนัขโต รสไก่และตับย่าง 10กก. 1 ถุง Bag,549,JD CENTRAL,63,https://img.jd.co.th/n1/jfs/t7/22/3579757006/65466/96fd1546/5f3e265bN801df16f.jpg!q50.jpg.dpg,ประเทศไทย,https://www.jd.co.th/product/8578926.html
67,4812636,CIAO [ยกลัง 16 ชิ้น] เพ้าซ์ อาหารแมวชนิดเปียก ชนิดซุป - ทูน่ามากุโระ+สันในไก่ รสหอยเชลล์ 40gx16 ชิ้น (IC-201) Wet Food 40g x 16 Pcs,173,JD CENTRAL,132,https://img.jd.co.th/n1/jfs/t1/8/2018634785/147934/61946b4c/5ed0cf3fN99f141ad.jpg!q50.jpg.dpg,ประเทศไทย,https://www.jd.co.th/product/4812636.html
68,262098,อัลโป อาหารสุนัขโต ชนิดแห้ง รสเนื้อไก่ ตับ และผัก 10 กก. 10 kg,449,JD CENTRAL,128,https://img.jd.co.th/n1/jfs/t34/160/2500549998/269478/f321fa1c/5ec4d302N6bf407a5.jpg!q50.jpg.dpg,ประเทศไทย,https://www.jd.co.th/product/262098.html
69,4812621,CIAO [ยกลัง 16 ชิ้น] เพ้าซ์ อาหารแมวชนิดเปียก ชนิดซุป - ทูน่ามากุโระ+หอยเชลล์หน้าสันในไก่ 40gx16 ชิ้น (IC-211) Wet Food 40g x 16 Pcs,173,JD CENTRAL,121,https://img.jd.co.th/n1/jfs/t1/284/2063923582/138694/2a2e9598/5ed0cf13N923882d8.jpg!q50.jpg.dpg,ประเทศไทย,https://www.jd.co.th/product/4812621.html
70,2365379,เบลลอตต้า อาหารเปียกแมวแบบซอง ปลาทูน่าและไก่ 85 กรัม แพ็ค 12 ซอง Tuna and Chicken,129,JD CENTRAL,455,https://img.jd.co.th/n1/jfs/t25/267/6611796802/290402/85a8771/60704252N44381e2a.png!q50.jpg.dpg,ประเทศไทย,https://www.jd.co.th/product/2365379.html
71,8578868,เพดดิกรี®อาหารสุนัขชนิดแห้ง แบบเม็ด สูตรสุนัขพันธุ์เล็ก รสไก่ตับและผัก 1.3กก. Bag,122,JD CENTRAL,9,https://img.jd.co.th/n1/jfs/t10/359/3551252363/169745/eed6cfa0/5f3e2280Ncfcc13b7.jpg!q50.jpg.dpg,ประเทศไทย,https://www.jd.co.th/product/8578868.html
72,3802457,Bellotta (เบลลอตต้า) อาหารเปียกแมว(ซอง) - ปลาทูน่าและไก่ 85g x24 ชิ้น Tuna and Chicken 85g x 24,249,JD CENTRAL,128,https://img.jd.co.th/n1/jfs/t25/59/6561085195/291237/23090804/6070434dN173391ab.png!q50.jpg.dpg,ประเทศไทย,https://www.jd.co.th/product/3802457.html
73,18752987,วิสกัส® เทสตี้มิกซ์ อาหารเปียกแมว 1+ ปี ไก่พร้อมปลาแซลมอน สาหร่ายวากาเมะในน้ำเกรวี่  70ก.x 24 ชิ้น Chicken w Salmon Wagame Seaweed In Gravy 70Gx 24 Pcs.,349,JD CENTRAL,5,https://img.jd.co.th/n1/jfs/t16/174/6789520028/593025/201138b8/607d2940N9f5d0a8b.png!q50.jpg.dpg,ประเทศไทย,https://www.jd.co.th/product/18752987.html
74,2265462,เบลลอตต้า อาหารเปียกแมวแบบซอง ปลาทูน่าและไก่ 85 กรัม Tuna and Chicken,12,JD CENTRAL,141,https://img.jd.co.th/n1/jfs/t19/45/6572361906/283017/d82534eb/6070419bN8a957bde.png!q50.jpg.dpg,ประเทศไทย,https://www.jd.co.th/product/2265462.html
75,2972138,[ส่งฟรี] Supercoat ซุปเปอร์โค้ท อาหารสุนัข สูตรสุนัขโต เนื้อไก่ 10กก Chicken 10  kg,639,JD CENTRAL,50,https://img.jd.co.th/n1/jfs/t19/281/2854321729/318683/bd4c0346/5ec4e292N208868ec.jpg!q50.jpg.dpg,ประเทศไทย,https://www.jd.co.th/product/2972138.html
76,1970988,NEKKO อาหารแมว สูตรปลาทูน่าหน้าเนื้อไก่ 70 กรัม Tuna Topping Sasami,14,JD CENTRAL,195,https://img.jd.co.th/n1/jfs/t10/270/199168225/121543/a81fe199/5bc20788N001eeaf2.jpg!q50.jpg.dpg,ประเทศไทย,https://www.jd.co.th/product/1970988.html
77,2972173,Supercoat อาหารสุนัข สูตรสุนัขโตพันธุ์เล็ก รสเนื้อไก่ 3 กก. Chicken,285,JD CENTRAL,36,https://img.jd.co.th/n1/jfs/t34/365/2535814641/306514/d4324785/5ec4e18cN3eb0a191.jpg!q50.jpg.dpg,ประเทศไทย,https://www.jd.co.th/product/2972173.html
78,8578904,เพดดิกรี®อาหารสุนัขชนิดแห้ง แบบเม็ด สูตรสุนัขโต รสไก่และตับย่าง 3กก. 1 ถุง Bag,205,JD CENTRAL,35,https://img.jd.co.th/n1/jfs/t25/34/3605981141/71080/488f2c06/5f3e262eN24fe52c6.jpg!q50.jpg.dpg,ประเทศไทย,https://www.jd.co.th/product/8578904.html
79,8578792,[ ส่งฟรี! ] เพดดิกรี®อาหารสุนัขชนิดแห้ง แบบเม็ด สูตรสุนัขพันธุ์เล็ก รสไก่ตับและผัก 8กก. 1 ถุง Bag,555,JD CENTRAL,36,https://img.jd.co.th/n1/jfs/t34/97/3298699631/65939/c7d207be/5f3e2334N07e11a46.jpg!q50.jpg.dpg,ประเทศไทย,https://www.jd.co.th/product/8578792.html
80,4812637,CIAO [ยกลัง 16 ชิ้น] เพ้าซ์ อาหารแมวชนิดเปียก ชนิดซุป - ทูน่ามากุโระ+สันในไก่หน้าปลาข้าวสาร 40gx16 ชิ้น (IC-202) Wet Food 40g x 16 Pcs,173,JD CENTRAL,92,https://img.jd.co.th/n1/jfs/t10/79/2184031300/996176/689db8a6/5e26a557N7581ce38.jpg!q50.jpg.dpg,ประเทศไทย,https://www.jd.co.th/product/4812637.html
81,4812625,CIAO [ยกลัง 16 ชิ้น] เพ้าซ์ อาหารแมวชนิดเปียก ชนิดซุป - ทูน่าคัทสึโอะ+สันในไก่หน้าปลาโอแห้ง 40gx16 ชิ้น (IC-204) Wet Food 40g x 16 Pcs,173,JD CENTRAL,92,https://img.jd.co.th/n1/jfs/t10/78/2173635502/38276/590050e4/5e26a5e4N5e536706.jpg!q50.jpg.dpg,ประเทศไทย,https://www.jd.co.th/product/4812625.html
82,5111403,[12 ซอง] Me-O ( มีโอ ) ดีไลท์ เพ้าซ์ อาหารแมวชนิดเปียก รสปลาทูน่า-ไก่ฉีกในเยลลี่ 70g.x12 ซอง Tuna With  Chicken Flake 70 g.x12 Pcs.,199,JD CENTRAL,16,https://img.jd.co.th/n1/jfs/t7/348/2363529290/170726/2fe51808/5e5dde43N143fc409.jpg!q50.jpg.dpg,ประเทศไทย,https://www.jd.co.th/product/5111403.html
83,8578859,ชีบา®อาหารแมวชนิดเปียก แบบกระป๋อง ดีลักซ์ รสไก่ในน้ำเกรวี่ 85กรัม 1 กระป๋อง Can,27,JD CENTRAL,7,https://img.jd.co.th/n1/jfs/t19/320/3354021744/250067/36cd7d2d/5f0ff6d3N7e3e1df3.jpg!q50.jpg.dpg,ประเทศไทย,https://www.jd.co.th/product/8578859.html
84,18752996,วิสกัส® เทสตี้มิกซ์ อาหารเปียกแมว 1+ ปี ไก่พร้อมปลาทูน่าและแครอทในน้ำเกรวี่ 70ก.x 24 ชิ้น Chicken w Tuna n Carrot In Gravy 70Gx 24 Pcs.,349,JD CENTRAL,3,https://img.jd.co.th/n1/jfs/t7/178/6751321937/586184/ab55e487/607d2a9fNb535bf7e.png!q50.jpg.dpg,ประเทศไทย,https://www.jd.co.th/product/18752996.html
85,7212691,SUPERCOAT ซุปเปอร์โค้ท อาหารสุนัข สูตรสุนัขโตพันธุ์เล็ก รสไก่ 8 กิโลกรัม Chicken 8 kg.,639,JD CENTRAL,17,https://img.jd.co.th/n1/jfs/t1/10/2028206944/380435/c334a5d9/5ec4e468N27f268e1.jpg!q50.jpg.dpg,ประเทศไทย,https://www.jd.co.th/product/7212691.html
86,11874799,[ส่งฟรี] เพดดิกรี®อาหารสุนัขชนิดแห้ง แบบเม็ด สูตรสุนัขโต รสไก่และผัก 20กก. 1 ถุง Chicken and Vegetable,1009,JD CENTRAL,32,https://img.jd.co.th/n1/jfs/t10/315/4084288024/454190/7d148da6/5f7c0d91N119b9584.png!q50.jpg.dpg,ประเทศไทย,https://www.jd.co.th/product/11874799.html
87,5208495,[12 ซอง] เฟลิกซ์ เซนเซชั่น อาหารแมว ในเยลลี่ รสไก่และผักโขม 70 ก. (12 ซอง) Pack13 70G.,169,JD CENTRAL,39,https://img.jd.co.th/n1/jfs/t10/41/2413082126/230057/76657502/5e71e49aNbc8c5c7f.jpg!q50.jpg.dpg,ประเทศไทย,https://www.jd.co.th/product/5208495.html
88,8578777,เพดดิกรี®อาหารสุนัขชนิดแห้ง แบบเม็ด สูตรสุนัขโต รสไก่และผัก 3กก. 1 ถุง Bag,201,JD CENTRAL,21,https://img.jd.co.th/n1/jfs/t25/23/3599985815/70955/49ad66f0/5f3e2546N34f5645e.jpg!q50.jpg.dpg,ประเทศไทย,https://www.jd.co.th/product/8578777.html
89,2998595,SmartHeart สมาร์ทฮาร์ท อาหารสุนัขโต ไก่และตับ 20กก. Chicken & Liver 20kg.,1019,JD CENTRAL,26,https://img.jd.co.th/n1/jfs/t19/12/1825179611/293677/fbcc353b/5dd3bec8Nd708c132.jpg!q50.jpg.dpg,ประเทศไทย,https://www.jd.co.th/product/2998595.html
90,4812624,CIAO [ยกลัง 16 ชิ้น] เพ้าซ์ อาหารแมวชนิดเปียก ชนิดซุป - ทูน่าคัทสึโอะ+หอยเชลล์หน้าสันในไก่ 40gx16 ชิ้น (IC-212) Wet Food 40g x 16 Pcs,173,JD CENTRAL,46,https://img.jd.co.th/n1/jfs/t25/299/2208549699/1004128/a60106c9/5e26a66fN32b43dc4.jpg!q50.jpg.dpg,ประเทศไทย,https://www.jd.co.th/product/4812624.html
91,3189775,Cherman อาหารเปียกแมว รสปลาทูน่าและไก่ในเยลลี่ แบบเพ้าช์ 85 กรัม Tuna and Chicken,14,JD CENTRAL,53,https://img.jd.co.th/n1/jfs/t34/34/1256678190/800384/db4b5d23/5dbff5cdN735a2fbe.png!q50.jpg.dpg,ประเทศไทย,https://www.jd.co.th/product/3189775.html
92,162411,สมาร์ทฮาร์ท อาหารสุนัขพันธุ์เล็กชนิดเม็ด รสไก่และตับ 3 กก. Chicken and Liver,249,JD CENTRAL,77,https://img.jd.co.th/n1/jfs/t1/180/960602043/285513/6f6e9d9f/5dd3c246N1b18d04e.jpg!q50.jpg.dpg,ประเทศไทย,https://www.jd.co.th/product/162411.html
93,9459544,[ส่งฟรี!]PEDIGREE DOG FOOD DRY ADULT เพดดิกรีอาหารสุนัขชนิดแห้ง แบบเม็ด สูตรสุนัขโต รสไก่และผัก 20 กิโลกรัม อาหารสัตว์เลี้ 20kg 20kg,1009,Pedigree & Whiskas Official Store,10,https://img.jd.co.th/n1/jfs/t22/309/1662365421/1826940/b0141d3d/5f27d202Nd933a3da.png!q50.jpg.dpg,ประเทศไทย,https://www.jd.co.th/product/9459544.html
94,16157101,เบลลอตต้า[คอลเลคชัน บ้านแมว] อาหารเปียก สำหรับน้องแมว แบบกระป๋อง รสทูน่าไก่ 3 ชั้น 400g. x 24 กระป๋อง/Bellotta  Wet Cat Food (Can)Tuna Chicken 3 Layer Pink400g x 24,844,JD CENTRAL,no review,https://img.jd.co.th/n1/jfs/t16/176/5435213752/122773/8875d02c/604732f1Nd3e84c51.jpg!q50.jpg.dpg,ประเทศไทย,https://www.jd.co.th/product/16157101.html
95,4259783,Dailipet ( เดลี่ เพ็ท ) อาหารสุนัขโต ทุกสายพันธุ์ รสเนื้อ ไก่ และตับ 20 กก. All Breed 20 Kg.,609,JD CENTRAL,55,https://img.jd.co.th/n1/jfs/t13/179/1908129476/129841/ad3dede0/5de76091Nbda4bd87.jpg!q50.jpg.dpg,ประเทศไทย,https://www.jd.co.th/product/4259783.html
96,7011026,Pet 8 (เพ็ทเอท) อาหารเม็ด สำหรับสุนัขโต รสตับ และ ไก่  10 กก.( CD42 ) Liver & Chicken Flavor 10 kg.,325,JD CENTRAL,27,https://img.jd.co.th/n1/jfs/t7/164/2630771220/150454/391d56fa/5e96f632N87bfe555.jpg!q50.jpg.dpg,ประเทศไทย,https://www.jd.co.th/product/7011026.html
97,695842,CIAO เพ้าซ์ อาหารแมวชนิดเปียก ชนิดซุป - ทูน่าคัทสึโอะ+หอยเชลล์หน้าสันในไก่ 40g (IC-212) -,12,JD CENTRAL,169,https://img.jd.co.th/n1/jfs/t10/164/47057652/174478/423f9275/5b867bd7N5234a716.jpg!q50.jpg.dpg,ประเทศไทย,https://www.jd.co.th/product/695842.html
98,18753016,วิสกัส® เทสตี้มิกซ์ อาหารเปียกแมว 1+ ปี ไก่พร้อมปลาทูน่าและแครอทในน้ำเกรวี่ 70ก. Chicken w Tuna n Carrot In Gravy,16,JD CENTRAL,2,https://img.jd.co.th/n1/jfs/t16/347/6619767331/64176/3139b191/6073ffd9Nc2c2e9cf.jpg!q50.jpg.dpg,ประเทศไทย,https://www.jd.co.th/product/18753016.html
99,162421,สมาร์ทฮาร์ท อาหารสุนัขโตชนิดเม็ด รสไก่และตับ 10 กก. Chicken and Liver,545,JD CENTRAL,53,https://img.jd.co.th/n1/jfs/t25/105/1804961060/287787/7c753c2/5dd3bd9eNfcccf886.jpg!q50.jpg.dpg,ประเทศไทย,https://www.jd.co.th/product/162421.html
100,162428,สมาร์ทฮาร์ท อาหารสุนัขโตชนิดเม็ด รสไก่และตับ 3 กก. Chicken and Liver,219,JD CENTRAL,54,https://img.jd.co.th/n1/jfs/t7/197/1790551529/277384/87c8e504/5dd3c205Nab9c0646.jpg!q50.jpg.dpg,ประเทศไทย,https://www.jd.co.th/product/162428.html
101,695833,CIAO อาหารแมวชนิดเปียก ซุปใส รสทูน่าคัทสึโอะ สันในไก่ หน้าปลาโอแห้ง แบบซอง 40 กรัม Kutsuo Chicken Dried Fish Soup,12,JD CENTRAL,244,https://img.jd.co.th/n1/jfs/t7/160/47353520/188863/6417d22e/5b867b3cNabefee63.jpg!q50.jpg.dpg,ประเทศไทย,https://www.jd.co.th/product/695833.html
102,2972164,Supercoat ซุปเปอร์โค้ท อาหารสุนัข สูตรลูกสุนัข เนื้อไก่ 400กรัม Chicken,45,JD CENTRAL,8,https://img.jd.co.th/n1/jfs/t31/11/2510251952/306320/f21f39ff/5ec4e003Nb78db6f9.jpg!q50.jpg.dpg,ประเทศไทย,https://www.jd.co.th/product/2972164.html
103,4812627,CIAO [ยกลัง 16 ชิ้น] เพ้าซ์ อาหารแมวชนิดเปียก ชนิดซุป - สันในไก่+หอยเชลล์ 40gx16 ชิ้น (IC-213) Wet Food 40g x 16 Pcs,173,JD CENTRAL,29,https://img.jd.co.th/n1/jfs/t19/68/2224326611/888040/332699c8/5e26a4bfNd1df7b5b.jpg!q50.jpg.dpg,ประเทศไทย,https://www.jd.co.th/product/4812627.html
104,4812620,CIAO [ยกลัง 16 ชิ้น] เพ้าซ์ อาหารแมวชนิดเปียก ชนิดซุป - สันในไก่ รสหอยเชลล์ 40gx16 ชิ้น (IC-205) Wet Food 40g x 16 Pcs,173,JD CENTRAL,53,https://img.jd.co.th/n1/jfs/t16/98/2188932169/946196/38ab1ec4/5e26a60cNc9ff81f2.jpg!q50.jpg.dpg,ประเทศไทย,https://www.jd.co.th/product/4812620.html
105,2998598,SmartHeart สมาร์ทฮาร์ท อาหารสุนัขพันธุ์เล็ก ไก่และตับ 10กก. Chicken & Liver Flavor 10kg.,699,JD CENTRAL,36,https://img.jd.co.th/n1/jfs/t28/194/1492063566/279956/134e8cb2/5dd3bcfdN326c4e69.jpg!q50.jpg.dpg,ประเทศไทย,https://www.jd.co.th/product/2998598.html
106,2387229,Felix อาหารแมวโต สูตรไก่ในเยลลี่ 70 กรัม Chicken in Jelly,17,JD CENTRAL,147,https://img.jd.co.th/n1/jfs/t1/44/1987076500/368221/73579fc0/5ec4dba1Nb4a734e4.jpg!q50.jpg.dpg,ประเทศไทย,https://www.jd.co.th/product/2387229.html
107,8578834,เพดดิกรี®อาหารสุนัขชนิดแห้ง แบบเม็ด สูตรลูกสุนัข รสไก่ไข่และนม 1.3กก 1 ถุง Bag,132,JD CENTRAL,13,https://img.jd.co.th/n1/jfs/t25/349/3621246812/58729/de8021be/5f3e2381N5b561337.jpg!q50.jpg.dpg,ประเทศไทย,https://www.jd.co.th/product/8578834.html
108,8578876,เพดดิกรี®อาหารสุนัขชนิดแห้ง แบบเม็ด สูตรสุนัขโต รสไก่และผัก 1.5กก. 1 ถุง Bag,135,JD CENTRAL,1,https://img.jd.co.th/n1/jfs/t31/79/3272054515/69298/e9f08304/5f3e2516N785f5f2a.jpg!q50.jpg.dpg,ประเทศไทย,https://www.jd.co.th/product/8578876.html
109,2972145,Supercoat ซุปเปอร์โค้ท อาหารสุนัข สุนัขโตพันธุ์เล็ก ไก่ 1.5กก Chicken,159,JD CENTRAL,25,https://img.jd.co.th/n1/jfs/t7/90/2859770635/276575/d911558a/5ec4e3d2Na5da6c8a.jpg!q50.jpg.dpg,ประเทศไทย,https://www.jd.co.th/product/2972145.html
110,8578836,เพดดิกรี®อาหารสุนัขชนิดแห้ง แบบเม็ด สูตรสุนัขพันธุ์เล็ก รสไก่ตับและผัก 2.7กก. Bag,222,JD CENTRAL,21,https://img.jd.co.th/n1/jfs/t10/361/3599136573/66693/a538284/5f3e22b2N4f496039.jpg!q50.jpg.dpg,ประเทศไทย,https://www.jd.co.th/product/8578836.html
111,695837,CIAO เพ้าซ์ อาหารแมวชนิดเปียก ชนิดซุป - สันในไก่+หอยเชลล์ 40g (IC-213) -,12,JD CENTRAL,172,https://img.jd.co.th/n1/jfs/t4/171/44773865/174694/e2a5edc1/5b867bfeN67174ebe.jpg!q50.jpg.dpg,ประเทศไทย,https://www.jd.co.th/product/695837.html
112,8627441,วิสกัส เทมเทชันส์รสเทสตี้ไก่ 85กรัม Chicken Flavour,71,JD CENTRAL,17,https://img.jd.co.th/n1/jfs/t7/19/3331839887/276160/82156286/5f0ffc18Nd1a2c307.jpg!q50.jpg.dpg,ประเทศไทย,https://www.jd.co.th/product/8627441.html
113,13015584,สมาร์ทฮาร์ท สุนัขพันธุ์เล็ก (ไก่ตับ) 20kg. Chicken & Liver Flavor 20Kg.,1283,JD CENTRAL,5,https://img.jd.co.th/n1/jfs/t22/127/2555595434/354126/49f1907a/5fa91119Nebcf705b.png!q50.jpg.dpg,ประเทศไทย,https://www.jd.co.th/product/13015584.html
114,2972130,Supercoat ซุปเปอร์โค้ท อาหารสุนัข สูตรสุนัขโต เนื้อไก่ 1.5กก. Chicken,155,JD CENTRAL,1,https://img.jd.co.th/n1/jfs/t13/6/2845839108/289456/bfc93d86/5ec4e403N8062f9bf.jpg!q50.jpg.dpg,ประเทศไทย,https://www.jd.co.th/product/2972130.html
115,695882,INABA ถ้วย อาหารแมวชนิดเปียก - พุดดิ้งเนื้อสันในไก่ 65g (IMC-153),23,JD CENTRAL,21,https://img.jd.co.th/n1/jfs/t22/240/44351769/136459/f8a3f4b9/5b868683N67a0d90c.jpg!q50.jpg.dpg,ประเทศไทย,https://www.jd.co.th/product/695882.html
116,13015573,"สมาร์ทฮาร์ท ลุกสุนัข (ไก่ ไข่และนม) 15kg. Chicken , Egg  & Milk Flavor 15Kg.",989,JD CENTRAL,7,https://img.jd.co.th/n1/jfs/t34/57/4045805142/349541/ced24059/5fa91193N80a7deaf.png!q50.jpg.dpg,ประเทศไทย,https://www.jd.co.th/product/13015573.html
117,695885,INABA ถ้วย อาหารแมวชนิดเปียก- เนื้อสันในไก่และปลาโอสไลซ์ในเยลลี่ 65g (IMC-163) -,23,JD CENTRAL,13,https://img.jd.co.th/n1/jfs/t22/250/53134551/122736/bb9e794f/5b868743Ncb566aaf.jpg!q50.jpg.dpg,ประเทศไทย,https://www.jd.co.th/product/695885.html
118,695827,CIAO อาหารแมวชนิดเปียก ซุปใส รสสันในไก่ หอยเชลล์ แบบซอง 40 กรัม Chicken Scallop Soup,12,JD CENTRAL,219,https://img.jd.co.th/n1/jfs/t4/168/45748082/183312/2278f263/5b867b6bN72d30790.jpg!q50.jpg.dpg,ประเทศไทย,https://www.jd.co.th/product/695827.html
119,2972745,เบลลอตต้า อาหารเปียกแมวแบบกระป๋อง ทูน่าและไก่รวม3ชั้น 85 กรัม แพ็ค 24 กระป๋อง Tuna with Chicken 3 layers,309,JD CENTRAL,27,https://img.jd.co.th/n1/jfs/t25/288/6535054945/332417/ae04aafa/6070439bN5e7d63f9.png!q50.jpg.dpg,ประเทศไทย,https://www.jd.co.th/product/2972745.html
120,2972153,Supercoat ซุปเปอร์โค้ท อาหารสุนัข สูตรลูกสุนัข เนื้อไก่ 3 กก Chicken,285,JD CENTRAL,24,https://img.jd.co.th/n1/jfs/t4/213/2821545456/310351/dde1df90/5ec4e14eNf590bb9b.jpg!q50.jpg.dpg,ประเทศไทย,https://www.jd.co.th/product/2972153.html
121,2334166,เพ็ทเอท (Pet 8) อาหารเปียกสำหรับแมว รสทูน่าหน้าไก่ในเยลลี่ 85 กรัม (CC22) Tuna Topping Chicken,10,JD CENTRAL,856,https://img.jd.co.th/n1/jfs/t28/247/35242812/178828/42cc76c2/5bf53fceNe8adcfaa.jpg!q50.jpg.dpg,ประเทศไทย,https://www.jd.co.th/product/2334166.html
122,5023514,Nekko [12 ซอง] อาหารแมวเน็กโกะ ปลาทูน่าหน้าเนื้อไก่ 70 กรัม X 12 ซอง Tuna Topping Sasami 70 g x 12 Pcs,159,JD CENTRAL,393,https://img.jd.co.th/n1/jfs/t28/102/2004825547/636638/303cd1f5/5e5213e9Nd2e16b40.png!q50.jpg.dpg,ประเทศไทย,https://www.jd.co.th/product/5023514.html
123,5090338,เบลลอตต้า อาหารเปียกแมว (กระป๋อง) ปลาทูน่าและไก่รวม 3 ชั้น 400g. Chicken 400g,35,JD CENTRAL,111,https://img.jd.co.th/n1/jfs/t7/135/5217171362/508387/f1ff4aab/6023c3d3N331e93fa.png!q50.jpg.dpg,ประเทศไทย,https://www.jd.co.th/product/5090338.html
124,262101,[ส่งฟรี] อัลโป อาหารสุนัขโต ชนิดแห้ง รสเนื้อไก่ ตับ และผัก 20 กก. 20 kg,829,JD CENTRAL,79,https://img.jd.co.th/n1/jfs/t34/185/2478329266/284247/8d16af16/5ec4d395N60548dfb.jpg!q50.jpg.dpg,ประเทศไทย,https://www.jd.co.th/product/262101.html
125,4259767,Dailipet ( เดลี่ เพ็ท ) อาหารสุนัขโตพันธุ์เล็ก รสเนื้อ ไก่ และตับ 1 กก. Small Breed 1 Kg.,45,JD CENTRAL,164,https://img.jd.co.th/n1/jfs/t10/156/2033253830/181497/147aa7b0/5df9f528N0f3799d8.jpg!q50.jpg.dpg,ประเทศไทย,https://www.jd.co.th/product/4259767.html
126,8578926,[ ส่งฟรี! ] เพดดิกรี®อาหารสุนัขชนิดแห้ง แบบเม็ด สูตรสุนัขโต รสไก่และตับย่าง 10กก. 1 ถุง Bag,549,JD CENTRAL,63,https://img.jd.co.th/n1/jfs/t7/22/3579757006/65466/96fd1546/5f3e265bN801df16f.jpg!q50.jpg.dpg,ประเทศไทย,https://www.jd.co.th/product/8578926.html
127,4812636,CIAO [ยกลัง 16 ชิ้น] เพ้าซ์ อาหารแมวชนิดเปียก ชนิดซุป - ทูน่ามากุโระ+สันในไก่ รสหอยเชลล์ 40gx16 ชิ้น (IC-201) Wet Food 40g x 16 Pcs,173,JD CENTRAL,132,https://img.jd.co.th/n1/jfs/t1/8/2018634785/147934/61946b4c/5ed0cf3fN99f141ad.jpg!q50.jpg.dpg,ประเทศไทย,https://www.jd.co.th/product/4812636.html
128,262098,อัลโป อาหารสุนัขโต ชนิดแห้ง รสเนื้อไก่ ตับ และผัก 10 กก. 10 kg,449,JD CENTRAL,128,https://img.jd.co.th/n1/jfs/t34/160/2500549998/269478/f321fa1c/5ec4d302N6bf407a5.jpg!q50.jpg.dpg,ประเทศไทย,https://www.jd.co.th/product/262098.html
129,4812621,CIAO [ยกลัง 16 ชิ้น] เพ้าซ์ อาหารแมวชนิดเปียก ชนิดซุป - ทูน่ามากุโระ+หอยเชลล์หน้าสันในไก่ 40gx16 ชิ้น (IC-211) Wet Food 40g x 16 Pcs,173,JD CENTRAL,121,https://img.jd.co.th/n1/jfs/t1/284/2063923582/138694/2a2e9598/5ed0cf13N923882d8.jpg!q50.jpg.dpg,ประเทศไทย,https://www.jd.co.th/product/4812621.html
130,2365379,เบลลอตต้า อาหารเปียกแมวแบบซอง ปลาทูน่าและไก่ 85 กรัม แพ็ค 12 ซอง Tuna and Chicken,129,JD CENTRAL,455,https://img.jd.co.th/n1/jfs/t25/267/6611796802/290402/85a8771/60704252N44381e2a.png!q50.jpg.dpg,ประเทศไทย,https://www.jd.co.th/product/2365379.html
131,8578868,เพดดิกรี®อาหารสุนัขชนิดแห้ง แบบเม็ด สูตรสุนัขพันธุ์เล็ก รสไก่ตับและผัก 1.3กก. Bag,122,JD CENTRAL,9,https://img.jd.co.th/n1/jfs/t10/359/3551252363/169745/eed6cfa0/5f3e2280Ncfcc13b7.jpg!q50.jpg.dpg,ประเทศไทย,https://www.jd.co.th/product/8578868.html
132,3802457,Bellotta (เบลลอตต้า) อาหารเปียกแมว(ซอง) - ปลาทูน่าและไก่ 85g x24 ชิ้น Tuna and Chicken 85g x 24,249,JD CENTRAL,128,https://img.jd.co.th/n1/jfs/t25/59/6561085195/291237/23090804/6070434dN173391ab.png!q50.jpg.dpg,ประเทศไทย,https://www.jd.co.th/product/3802457.html
133,18752987,วิสกัส® เทสตี้มิกซ์ อาหารเปียกแมว 1+ ปี ไก่พร้อมปลาแซลมอน สาหร่ายวากาเมะในน้ำเกรวี่  70ก.x 24 ชิ้น Chicken w Salmon Wagame Seaweed In Gravy 70Gx 24 Pcs.,349,JD CENTRAL,5,https://img.jd.co.th/n1/jfs/t16/174/6789520028/593025/201138b8/607d2940N9f5d0a8b.png!q50.jpg.dpg,ประเทศไทย,https://www.jd.co.th/product/18752987.html
134,2265462,เบลลอตต้า อาหารเปียกแมวแบบซอง ปลาทูน่าและไก่ 85 กรัม Tuna and Chicken,12,JD CENTRAL,141,https://img.jd.co.th/n1/jfs/t19/45/6572361906/283017/d82534eb/6070419bN8a957bde.png!q50.jpg.dpg,ประเทศไทย,https://www.jd.co.th/product/2265462.html
135,2972138,[ส่งฟรี] Supercoat ซุปเปอร์โค้ท อาหารสุนัข สูตรสุนัขโต เนื้อไก่ 10กก Chicken 10  kg,639,JD CENTRAL,50,https://img.jd.co.th/n1/jfs/t19/281/2854321729/318683/bd4c0346/5ec4e292N208868ec.jpg!q50.jpg.dpg,ประเทศไทย,https://www.jd.co.th/product/2972138.html
136,1970988,NEKKO อาหารแมว สูตรปลาทูน่าหน้าเนื้อไก่ 70 กรัม Tuna Topping Sasami,14,JD CENTRAL,195,https://img.jd.co.th/n1/jfs/t10/270/199168225/121543/a81fe199/5bc20788N001eeaf2.jpg!q50.jpg.dpg,ประเทศไทย,https://www.jd.co.th/product/1970988.html
137,2972173,Supercoat อาหารสุนัข สูตรสุนัขโตพันธุ์เล็ก รสเนื้อไก่ 3 กก. Chicken,285,JD CENTRAL,36,https://img.jd.co.th/n1/jfs/t34/365/2535814641/306514/d4324785/5ec4e18cN3eb0a191.jpg!q50.jpg.dpg,ประเทศไทย,https://www.jd.co.th/product/2972173.html
138,8578904,เพดดิกรี®อาหารสุนัขชนิดแห้ง แบบเม็ด สูตรสุนัขโต รสไก่และตับย่าง 3กก. 1 ถุง Bag,205,JD CENTRAL,35,https://img.jd.co.th/n1/jfs/t25/34/3605981141/71080/488f2c06/5f3e262eN24fe52c6.jpg!q50.jpg.dpg,ประเทศไทย,https://www.jd.co.th/product/8578904.html
139,8578792,[ ส่งฟรี! ] เพดดิกรี®อาหารสุนัขชนิดแห้ง แบบเม็ด สูตรสุนัขพันธุ์เล็ก รสไก่ตับและผัก 8กก. 1 ถุง Bag,555,JD CENTRAL,36,https://img.jd.co.th/n1/jfs/t34/97/3298699631/65939/c7d207be/5f3e2334N07e11a46.jpg!q50.jpg.dpg,ประเทศไทย,https://www.jd.co.th/product/8578792.html
140,4812637,CIAO [ยกลัง 16 ชิ้น] เพ้าซ์ อาหารแมวชนิดเปียก ชนิดซุป - ทูน่ามากุโระ+สันในไก่หน้าปลาข้าวสาร 40gx16 ชิ้น (IC-202) Wet Food 40g x 16 Pcs,173,JD CENTRAL,92,https://img.jd.co.th/n1/jfs/t10/79/2184031300/996176/689db8a6/5e26a557N7581ce38.jpg!q50.jpg.dpg,ประเทศไทย,https://www.jd.co.th/product/4812637.html
141,4812625,CIAO [ยกลัง 16 ชิ้น] เพ้าซ์ อาหารแมวชนิดเปียก ชนิดซุป - ทูน่าคัทสึโอะ+สันในไก่หน้าปลาโอแห้ง 40gx16 ชิ้น (IC-204) Wet Food 40g x 16 Pcs,173,JD CENTRAL,92,https://img.jd.co.th/n1/jfs/t10/78/2173635502/38276/590050e4/5e26a5e4N5e536706.jpg!q50.jpg.dpg,ประเทศไทย,https://www.jd.co.th/product/4812625.html
142,5111403,[12 ซอง] Me-O ( มีโอ ) ดีไลท์ เพ้าซ์ อาหารแมวชนิดเปียก รสปลาทูน่า-ไก่ฉีกในเยลลี่ 70g.x12 ซอง Tuna With  Chicken Flake 70 g.x12 Pcs.,199,JD CENTRAL,16,https://img.jd.co.th/n1/jfs/t7/348/2363529290/170726/2fe51808/5e5dde43N143fc409.jpg!q50.jpg.dpg,ประเทศไทย,https://www.jd.co.th/product/5111403.html
143,8578859,ชีบา®อาหารแมวชนิดเปียก แบบกระป๋อง ดีลักซ์ รสไก่ในน้ำเกรวี่ 85กรัม 1 กระป๋อง Can,27,JD CENTRAL,7,https://img.jd.co.th/n1/jfs/t19/320/3354021744/250067/36cd7d2d/5f0ff6d3N7e3e1df3.jpg!q50.jpg.dpg,ประเทศไทย,https://www.jd.co.th/product/8578859.html
144,18752996,วิสกัส® เทสตี้มิกซ์ อาหารเปียกแมว 1+ ปี ไก่พร้อมปลาทูน่าและแครอทในน้ำเกรวี่ 70ก.x 24 ชิ้น Chicken w Tuna n Carrot In Gravy 70Gx 24 Pcs.,349,JD CENTRAL,3,https://img.jd.co.th/n1/jfs/t7/178/6751321937/586184/ab55e487/607d2a9fNb535bf7e.png!q50.jpg.dpg,ประเทศไทย,https://www.jd.co.th/product/18752996.html
145,7212691,SUPERCOAT ซุปเปอร์โค้ท อาหารสุนัข สูตรสุนัขโตพันธุ์เล็ก รสไก่ 8 กิโลกรัม Chicken 8 kg.,639,JD CENTRAL,17,https://img.jd.co.th/n1/jfs/t1/10/2028206944/380435/c334a5d9/5ec4e468N27f268e1.jpg!q50.jpg.dpg,ประเทศไทย,https://www.jd.co.th/product/7212691.html
146,11874799,[ส่งฟรี] เพดดิกรี®อาหารสุนัขชนิดแห้ง แบบเม็ด สูตรสุนัขโต รสไก่และผัก 20กก. 1 ถุง Chicken and Vegetable,1009,JD CENTRAL,32,https://img.jd.co.th/n1/jfs/t10/315/4084288024/454190/7d148da6/5f7c0d91N119b9584.png!q50.jpg.dpg,ประเทศไทย,https://www.jd.co.th/product/11874799.html
147,5208495,[12 ซอง] เฟลิกซ์ เซนเซชั่น อาหารแมว ในเยลลี่ รสไก่และผักโขม 70 ก. (12 ซอง) Pack13 70G.,169,JD CENTRAL,39,https://img.jd.co.th/n1/jfs/t10/41/2413082126/230057/76657502/5e71e49aNbc8c5c7f.jpg!q50.jpg.dpg,ประเทศไทย,https://www.jd.co.th/product/5208495.html
148,8578777,เพดดิกรี®อาหารสุนัขชนิดแห้ง แบบเม็ด สูตรสุนัขโต รสไก่และผัก 3กก. 1 ถุง Bag,201,JD CENTRAL,21,https://img.jd.co.th/n1/jfs/t25/23/3599985815/70955/49ad66f0/5f3e2546N34f5645e.jpg!q50.jpg.dpg,ประเทศไทย,https://www.jd.co.th/product/8578777.html
149,2998595,SmartHeart สมาร์ทฮาร์ท อาหารสุนัขโต ไก่และตับ 20กก. Chicken & Liver 20kg.,1019,JD CENTRAL,26,https://img.jd.co.th/n1/jfs/t19/12/1825179611/293677/fbcc353b/5dd3bec8Nd708c132.jpg!q50.jpg.dpg,ประเทศไทย,https://www.jd.co.th/product/2998595.html
150,4812624,CIAO [ยกลัง 16 ชิ้น] เพ้าซ์ อาหารแมวชนิดเปียก ชนิดซุป - ทูน่าคัทสึโอะ+หอยเชลล์หน้าสันในไก่ 40gx16 ชิ้น (IC-212) Wet Food 40g x 16 Pcs,173,JD CENTRAL,46,https://img.jd.co.th/n1/jfs/t25/299/2208549699/1004128/a60106c9/5e26a66fN32b43dc4.jpg!q50.jpg.dpg,ประเทศไทย,https://www.jd.co.th/product/4812624.html
151,3189775,Cherman อาหารเปียกแมว รสปลาทูน่าและไก่ในเยลลี่ แบบเพ้าช์ 85 กรัม Tuna and Chicken,14,JD CENTRAL,53,https://img.jd.co.th/n1/jfs/t34/34/1256678190/800384/db4b5d23/5dbff5cdN735a2fbe.png!q50.jpg.dpg,ประเทศไทย,https://www.jd.co.th/product/3189775.html
152,162411,สมาร์ทฮาร์ท อาหารสุนัขพันธุ์เล็กชนิดเม็ด รสไก่และตับ 3 กก. Chicken and Liver,249,JD CENTRAL,77,https://img.jd.co.th/n1/jfs/t1/180/960602043/285513/6f6e9d9f/5dd3c246N1b18d04e.jpg!q50.jpg.dpg,ประเทศไทย,https://www.jd.co.th/product/162411.html
153,9459544,[ส่งฟรี!]PEDIGREE DOG FOOD DRY ADULT เพดดิกรีอาหารสุนัขชนิดแห้ง แบบเม็ด สูตรสุนัขโต รสไก่และผัก 20 กิโลกรัม อาหารสัตว์เลี้ 20kg 20kg,1009,Pedigree & Whiskas Official Store,10,https://img.jd.co.th/n1/jfs/t22/309/1662365421/1826940/b0141d3d/5f27d202Nd933a3da.png!q50.jpg.dpg,ประเทศไทย,https://www.jd.co.th/product/9459544.html
154,16157101,เบลลอตต้า[คอลเลคชัน บ้านแมว] อาหารเปียก สำหรับน้องแมว แบบกระป๋อง รสทูน่าไก่ 3 ชั้น 400g. x 24 กระป๋อง/Bellotta  Wet Cat Food (Can)Tuna Chicken 3 Layer Pink400g x 24,844,JD CENTRAL,no review,https://img.jd.co.th/n1/jfs/t16/176/5435213752/122773/8875d02c/604732f1Nd3e84c51.jpg!q50.jpg.dpg,ประเทศไทย,https://www.jd.co.th/product/16157101.html
155,4259783,Dailipet ( เดลี่ เพ็ท ) อาหารสุนัขโต ทุกสายพันธุ์ รสเนื้อ ไก่ และตับ 20 กก. All Breed 20 Kg.,609,JD CENTRAL,55,https://img.jd.co.th/n1/jfs/t13/179/1908129476/129841/ad3dede0/5de76091Nbda4bd87.jpg!q50.jpg.dpg,ประเทศไทย,https://www.jd.co.th/product/4259783.html
156,7011026,Pet 8 (เพ็ทเอท) อาหารเม็ด สำหรับสุนัขโต รสตับ และ ไก่  10 กก.( CD42 ) Liver & Chicken Flavor 10 kg.,325,JD CENTRAL,27,https://img.jd.co.th/n1/jfs/t7/164/2630771220/150454/391d56fa/5e96f632N87bfe555.jpg!q50.jpg.dpg,ประเทศไทย,https://www.jd.co.th/product/7011026.html
157,695842,CIAO เพ้าซ์ อาหารแมวชนิดเปียก ชนิดซุป - ทูน่าคัทสึโอะ+หอยเชลล์หน้าสันในไก่ 40g (IC-212) -,12,JD CENTRAL,169,https://img.jd.co.th/n1/jfs/t10/164/47057652/174478/423f9275/5b867bd7N5234a716.jpg!q50.jpg.dpg,ประเทศไทย,https://www.jd.co.th/product/695842.html
158,18753016,วิสกัส® เทสตี้มิกซ์ อาหารเปียกแมว 1+ ปี ไก่พร้อมปลาทูน่าและแครอทในน้ำเกรวี่ 70ก. Chicken w Tuna n Carrot In Gravy,16,JD CENTRAL,2,https://img.jd.co.th/n1/jfs/t16/347/6619767331/64176/3139b191/6073ffd9Nc2c2e9cf.jpg!q50.jpg.dpg,ประเทศไทย,https://www.jd.co.th/product/18753016.html
159,162421,สมาร์ทฮาร์ท อาหารสุนัขโตชนิดเม็ด รสไก่และตับ 10 กก. Chicken and Liver,545,JD CENTRAL,53,https://img.jd.co.th/n1/jfs/t25/105/1804961060/287787/7c753c2/5dd3bd9eNfcccf886.jpg!q50.jpg.dpg,ประเทศไทย,https://www.jd.co.th/product/162421.html
160,162428,สมาร์ทฮาร์ท อาหารสุนัขโตชนิดเม็ด รสไก่และตับ 3 กก. Chicken and Liver,219,JD CENTRAL,54,https://img.jd.co.th/n1/jfs/t7/197/1790551529/277384/87c8e504/5dd3c205Nab9c0646.jpg!q50.jpg.dpg,ประเทศไทย,https://www.jd.co.th/product/162428.html
161,695833,CIAO อาหารแมวชนิดเปียก ซุปใส รสทูน่าคัทสึโอะ สันในไก่ หน้าปลาโอแห้ง แบบซอง 40 กรัม Kutsuo Chicken Dried Fish Soup,12,JD CENTRAL,244,https://img.jd.co.th/n1/jfs/t7/160/47353520/188863/6417d22e/5b867b3cNabefee63.jpg!q50.jpg.dpg,ประเทศไทย,https://www.jd.co.th/product/695833.html
162,2972164,Supercoat ซุปเปอร์โค้ท อาหารสุนัข สูตรลูกสุนัข เนื้อไก่ 400กรัม Chicken,45,JD CENTRAL,8,https://img.jd.co.th/n1/jfs/t31/11/2510251952/306320/f21f39ff/5ec4e003Nb78db6f9.jpg!q50.jpg.dpg,ประเทศไทย,https://www.jd.co.th/product/2972164.html
163,4812627,CIAO [ยกลัง 16 ชิ้น] เพ้าซ์ อาหารแมวชนิดเปียก ชนิดซุป - สันในไก่+หอยเชลล์ 40gx16 ชิ้น (IC-213) Wet Food 40g x 16 Pcs,173,JD CENTRAL,29,https://img.jd.co.th/n1/jfs/t19/68/2224326611/888040/332699c8/5e26a4bfNd1df7b5b.jpg!q50.jpg.dpg,ประเทศไทย,https://www.jd.co.th/product/4812627.html
164,4812620,CIAO [ยกลัง 16 ชิ้น] เพ้าซ์ อาหารแมวชนิดเปียก ชนิดซุป - สันในไก่ รสหอยเชลล์ 40gx16 ชิ้น (IC-205) Wet Food 40g x 16 Pcs,173,JD CENTRAL,53,https://img.jd.co.th/n1/jfs/t16/98/2188932169/946196/38ab1ec4/5e26a60cNc9ff81f2.jpg!q50.jpg.dpg,ประเทศไทย,https://www.jd.co.th/product/4812620.html
165,2998598,SmartHeart สมาร์ทฮาร์ท อาหารสุนัขพันธุ์เล็ก ไก่และตับ 10กก. Chicken & Liver Flavor 10kg.,699,JD CENTRAL,36,https://img.jd.co.th/n1/jfs/t28/194/1492063566/279956/134e8cb2/5dd3bcfdN326c4e69.jpg!q50.jpg.dpg,ประเทศไทย,https://www.jd.co.th/product/2998598.html
166,2387229,Felix อาหารแมวโต สูตรไก่ในเยลลี่ 70 กรัม Chicken in Jelly,17,JD CENTRAL,147,https://img.jd.co.th/n1/jfs/t1/44/1987076500/368221/73579fc0/5ec4dba1Nb4a734e4.jpg!q50.jpg.dpg,ประเทศไทย,https://www.jd.co.th/product/2387229.html
167,8578834,เพดดิกรี®อาหารสุนัขชนิดแห้ง แบบเม็ด สูตรลูกสุนัข รสไก่ไข่และนม 1.3กก 1 ถุง Bag,132,JD CENTRAL,13,https://img.jd.co.th/n1/jfs/t25/349/3621246812/58729/de8021be/5f3e2381N5b561337.jpg!q50.jpg.dpg,ประเทศไทย,https://www.jd.co.th/product/8578834.html
168,8578876,เพดดิกรี®อาหารสุนัขชนิดแห้ง แบบเม็ด สูตรสุนัขโต รสไก่และผัก 1.5กก. 1 ถุง Bag,135,JD CENTRAL,1,https://img.jd.co.th/n1/jfs/t31/79/3272054515/69298/e9f08304/5f3e2516N785f5f2a.jpg!q50.jpg.dpg,ประเทศไทย,https://www.jd.co.th/product/8578876.html
169,2972145,Supercoat ซุปเปอร์โค้ท อาหารสุนัข สุนัขโตพันธุ์เล็ก ไก่ 1.5กก Chicken,159,JD CENTRAL,25,https://img.jd.co.th/n1/jfs/t7/90/2859770635/276575/d911558a/5ec4e3d2Na5da6c8a.jpg!q50.jpg.dpg,ประเทศไทย,https://www.jd.co.th/product/2972145.html
170,8578836,เพดดิกรี®อาหารสุนัขชนิดแห้ง แบบเม็ด สูตรสุนัขพันธุ์เล็ก รสไก่ตับและผัก 2.7กก. Bag,222,JD CENTRAL,21,https://img.jd.co.th/n1/jfs/t10/361/3599136573/66693/a538284/5f3e22b2N4f496039.jpg!q50.jpg.dpg,ประเทศไทย,https://www.jd.co.th/product/8578836.html
171,695837,CIAO เพ้าซ์ อาหารแมวชนิดเปียก ชนิดซุป - สันในไก่+หอยเชลล์ 40g (IC-213) -,12,JD CENTRAL,172,https://img.jd.co.th/n1/jfs/t4/171/44773865/174694/e2a5edc1/5b867bfeN67174ebe.jpg!q50.jpg.dpg,ประเทศไทย,https://www.jd.co.th/product/695837.html
172,8627441,วิสกัส เทมเทชันส์รสเทสตี้ไก่ 85กรัม Chicken Flavour,71,JD CENTRAL,17,https://img.jd.co.th/n1/jfs/t7/19/3331839887/276160/82156286/5f0ffc18Nd1a2c307.jpg!q50.jpg.dpg,ประเทศไทย,https://www.jd.co.th/product/8627441.html
173,13015584,สมาร์ทฮาร์ท สุนัขพันธุ์เล็ก (ไก่ตับ) 20kg. Chicken & Liver Flavor 20Kg.,1283,JD CENTRAL,5,https://img.jd.co.th/n1/jfs/t22/127/2555595434/354126/49f1907a/5fa91119Nebcf705b.png!q50.jpg.dpg,ประเทศไทย,https://www.jd.co.th/product/13015584.html
174,2972130,Supercoat ซุปเปอร์โค้ท อาหารสุนัข สูตรสุนัขโต เนื้อไก่ 1.5กก. Chicken,155,JD CENTRAL,1,https://img.jd.co.th/n1/jfs/t13/6/2845839108/289456/bfc93d86/5ec4e403N8062f9bf.jpg!q50.jpg.dpg,ประเทศไทย,https://www.jd.co.th/product/2972130.html
175,695882,INABA ถ้วย อาหารแมวชนิดเปียก - พุดดิ้งเนื้อสันในไก่ 65g (IMC-153),23,JD CENTRAL,21,https://img.jd.co.th/n1/jfs/t22/240/44351769/136459/f8a3f4b9/5b868683N67a0d90c.jpg!q50.jpg.dpg,ประเทศไทย,https://www.jd.co.th/product/695882.html
176,13015573,"สมาร์ทฮาร์ท ลุกสุนัข (ไก่ ไข่และนม) 15kg. Chicken , Egg  & Milk Flavor 15Kg.",989,JD CENTRAL,7,https://img.jd.co.th/n1/jfs/t34/57/4045805142/349541/ced24059/5fa91193N80a7deaf.png!q50.jpg.dpg,ประเทศไทย,https://www.jd.co.th/product/13015573.html
177,695885,INABA ถ้วย อาหารแมวชนิดเปียก- เนื้อสันในไก่และปลาโอสไลซ์ในเยลลี่ 65g (IMC-163) -,23,JD CENTRAL,13,https://img.jd.co.th/n1/jfs/t22/250/53134551/122736/bb9e794f/5b868743Ncb566aaf.jpg!q50.jpg.dpg,ประเทศไทย,https://www.jd.co.th/product/695885.html
178,695827,CIAO อาหารแมวชนิดเปียก ซุปใส รสสันในไก่ หอยเชลล์ แบบซอง 40 กรัม Chicken Scallop Soup,12,JD CENTRAL,219,https://img.jd.co.th/n1/jfs/t4/168/45748082/183312/2278f263/5b867b6bN72d30790.jpg!q50.jpg.dpg,ประเทศไทย,https://www.jd.co.th/product/695827.html
179,2972745,เบลลอตต้า อาหารเปียกแมวแบบกระป๋อง ทูน่าและไก่รวม3ชั้น 85 กรัม แพ็ค 24 กระป๋อง Tuna with Chicken 3 layers,309,JD CENTRAL,27,https://img.jd.co.th/n1/jfs/t25/288/6535054945/332417/ae04aafa/6070439bN5e7d63f9.png!q50.jpg.dpg,ประเทศไทย,https://www.jd.co.th/product/2972745.html
180,2972153,Supercoat ซุปเปอร์โค้ท อาหารสุนัข สูตรลูกสุนัข เนื้อไก่ 3 กก Chicken,285,JD CENTRAL,24,https://img.jd.co.th/n1/jfs/t4/213/2821545456/310351/dde1df90/5ec4e14eNf590bb9b.jpg!q50.jpg.dpg,ประเทศไทย,https://www.jd.co.th/product/2972153.html
