num,user_name,comment,date,image_h,image_l,reaction,post_url,post_id,post_text,meaning,good_word,bad_word
1,Heartrocker,1587,2020-12-28 13:12:06,https://stickershop.line-scdn.net/stickershop/v1/product/14044316/LINEStorePC/main.png;compress=true,https://external.fbkk12-4.fna.fbcdn.net/safe_image.php?d=AQFFHivYm1ZHZZdh&w=112&h=112&url=https%3A%2F%2Fstickershop.line-scdn.net%2Fstickershop%2Fv1%2Fproduct%2F14044316%2FLINEStorePC%2Fmain.png%3Bcompress%3Dtrue&cfs=1&jq=75&ext=jpg&ccb=3-5&_nc_hash=AQEsS1LXnH8gsbaj,37913,https://facebook.com/MightyCaster/posts/3415199901912478,3415199901912478,"‡∏î‡πà‡∏ß‡∏ô‡∏ô‡∏ô! ‡∏™‡∏ï‡∏¥‡πä‡∏Å‡πÄ‡∏Å‡∏≠‡∏£‡πå‡πÑ‡∏•‡∏ô‡πå‡πÄ‡∏ß‡∏≠‡∏£‡πå‡∏ä‡∏±‡πà‡∏ô‡πÉ‡∏´‡∏°‡πà‡∏°‡∏≤‡πÅ‡∏•‡πâ‡∏ß‡∏Ñ‡∏£‡πä‡∏≤‡∏ö‡∏ö‡∏ö‡∏ö‡∏ö ‡∏à‡∏±‡∏ö‡∏à‡∏≠‡∏á‡∏Å‡∏±‡∏ô‡πÑ‡∏î‡πâ‡πÅ‡∏•‡πâ‡∏ß‡∏ß‡∏±‡∏ô‡∏ô‡∏µ‡πâ‡πÄ‡∏î‡πâ‡∏≠ ‡πÅ‡∏™‡∏î‡∏á‡∏Ñ‡∏ß‡∏≤‡∏°‡∏£‡∏π‡πâ‡∏™‡∏∂‡∏Å‡πÑ‡∏î‡πâ‡∏Ñ‡∏£‡∏ö‡∏à‡∏ö‡∏™‡∏≥‡∏´‡∏£‡∏±‡∏ö‡∏™‡∏≤‡∏¢‡πÄ‡∏Å‡∏°‡πÄ‡∏°‡∏≠‡∏£‡πå‡πÅ‡∏•‡∏∞‡∏™‡∏≤‡∏¢‡∏ï‡∏ß‡∏á‡∏ï‡∏µ‡∏á ‡∏Ñ‡∏•‡∏¥‡∏Å‡∏ó‡∏µ‡πà‡∏•‡∏¥‡πâ‡∏á‡∏Ñ‡πå‡∏´‡∏£‡∏∑‡∏≠‡πÄ‡∏™‡∏¥‡∏£‡πå‡∏ä‡∏Ñ‡∏≥‡∏ß‡πà‡∏≤ HRK ‡πÉ‡∏ô‡∏£‡πâ‡∏≤‡∏ô‡∏™‡∏ï‡∏¥‡πä‡∏Å‡πÄ‡∏Å‡∏≠‡∏£‡πå‡πÑ‡∏•‡∏ô‡πå‡πÑ‡∏î‡πâ‡πÄ‡∏•‡∏¢‡∏¢‡∏¢‡∏¢!
‡∏Ç‡∏≠‡∏ö‡∏Ñ‡∏∏‡∏ì‡∏°‡∏≤‡∏Å‡∏Æ‡πä‡∏∞!
https://line.me/S/sticker/14044316

‡∏î‡πà‡∏ß‡∏ô‡∏ô‡∏ô! ‡∏™‡∏ï‡∏¥‡πä‡∏Å‡πÄ‡∏Å‡∏≠‡∏£‡πå‡πÑ‡∏•‡∏ô‡πå‡πÄ‡∏ß‡∏≠‡∏£‡πå‡∏ä‡∏±‡πà‡∏ô‡πÉ‡∏´‡∏°‡πà‡∏°‡∏≤‡πÅ‡∏•‡πâ‡∏ß‡∏Ñ‡∏£‡πä‡∏≤‡∏ö‡∏ö‡∏ö‡∏ö‡∏ö ‡∏à‡∏±‡∏ö‡∏à‡∏≠‡∏á‡∏Å‡∏±‡∏ô‡πÑ‡∏î‡πâ‡πÅ‡∏•‡πâ‡∏ß‡∏ß‡∏±‡∏ô‡∏ô‡∏µ‡πâ‡πÄ‡∏î‡πâ‡∏≠ ‡πÅ‡∏™‡∏î‡∏á‡∏Ñ‡∏ß‡∏≤‡∏°‡∏£‡∏π‡πâ‡∏™‡∏∂‡∏Å‡πÑ‡∏î‡πâ‡∏Ñ‡∏£‡∏ö‡∏à‡∏ö‡∏™‡∏≥‡∏´‡∏£‡∏±‡∏ö‡∏™‡∏≤‡∏¢‡πÄ‡∏Å‡∏°‡πÄ‡∏°‡∏≠‡∏£‡πå‡πÅ‡∏•‡∏∞‡∏™‡∏≤‡∏¢‡∏ï‡∏ß‡∏á‡∏ï‡∏µ‡∏á ‡∏Ñ‡∏•‡∏¥‡∏Å‡∏ó‡∏µ‡πà‡∏•‡∏¥‡πâ‡∏á‡∏Ñ‡πå‡∏´‡∏£‡∏∑‡∏≠‡πÄ‡∏™‡∏¥‡∏£‡πå‡∏ä‡∏Ñ‡∏≥‡∏ß‡πà‡∏≤ HRK ‡πÉ‡∏ô‡∏£‡πâ‡∏≤‡∏ô‡∏™‡∏ï‡∏¥‡πä‡∏Å‡πÄ‡∏Å‡∏≠‡∏£‡πå‡πÑ‡∏•‡∏ô‡πå‡πÑ‡∏î‡πâ‡πÄ‡∏•‡∏¢‡∏¢‡∏¢‡∏¢!
‡∏Ç‡∏≠‡∏ö‡∏Ñ‡∏∏‡∏ì‡∏°‡∏≤‡∏Å‡∏Æ‡πä‡∏∞!
https://line.me/S/sticker/14044316

STORE.LINE.ME
HRK: Stickers For Fun! ‚Äì LINE stickers | LINE STORE
Fun is Everything. Everything is Fun.",neutral,"['‡∏Ç‡∏≠‡∏ö‡∏Ñ‡∏∏‡∏ì', '‡∏Ç‡∏≠‡∏ö‡∏Ñ‡∏∏‡∏ì']","['‡∏ï‡∏µ', '‡∏ï‡∏µ']"
2,Heartrocker,119,2021-07-06 21:30:59,https://i.ytimg.com/vi/22nxd36W5S8/maxresdefault_live.jpg,https://external.fbkk12-4.fna.fbcdn.net/safe_image.php?d=AQEM1ogesybeonif&w=476&h=249&url=https%3A%2F%2Fi.ytimg.com%2Fvi%2F22nxd36W5S8%2Fmaxresdefault_live.jpg&cfs=1&jq=75&ext=jpg&ccb=3-5&_nc_hash=AQH5GoIfpDUEqi3C,10962,https://facebook.com/MightyCaster/posts/3928246537274476,3928246537274476,"‡∏™‡∏±‡∏Å‡∏´‡∏ô‡πà‡∏≠‡∏¢‡∏≠‡∏£‡πà‡∏≠‡∏¢‡πÅ‡∏ô‡πà

‡∏™‡∏±‡∏Å‡∏´‡∏ô‡πà‡∏≠‡∏¢‡∏≠‡∏£‡πà‡∏≠‡∏¢‡πÅ‡∏ô‡πà

YOUTUBE.COM
‡∏Ç‡∏≠‡∏¢‡∏¥‡∏á‡∏´‡∏ô‡πà‡∏≠‡∏¢‡∏•‡∏∞‡∏Å‡∏±‡∏ô - LIVE - Apex Legends New Season #3
‡∏≠‡∏¢‡πà‡∏≤‡∏•‡∏∑‡∏°‡∏Å‡∏î‡∏ï‡∏¥‡∏î‡∏ï‡∏≤‡∏°‡πÅ‡∏•‡∏∞‡∏Å‡∏î‡∏Å‡∏£‡∏∞‡∏î‡∏¥‡πà‡∏á‡πÑ‡∏ß‡πâ‡∏î‡πâ‡∏ß‡∏¢‡∏ô‡∏∞‡∏Ñ‡∏£‡∏±‡∏ö ‡πÄ‡∏î‡∏µ‡πã‡∏¢‡∏ß‡∏û‡∏•‡∏≤‡∏î‡∏Ñ‡∏•‡∏¥‡∏õ‡πÉ‡∏´‡∏°‡πà‡πÜ ‡∏ô‡∏∞‡∏£‡∏±‡∏ö‡∏ô‡∏Å‡∏≠‡πâ‡∏ß‡∏ô‡πÑ‡∏õ‡πÄ‡∏•‡∏µ‡πâ‡∏¢‡∏á : https://www.youtube.com/channel/UC4plRabXFGdAE6HP-tBQKdQ/join...",positive,"['‡∏≠‡∏£‡πà‡∏≠‡∏¢', '‡πÅ‡∏ô‡πà', '‡∏≠‡∏£‡πà‡∏≠‡∏¢', '‡πÅ‡∏ô‡πà', '‡∏≠‡∏¢‡πà‡∏≤', '‡∏ï‡∏¥‡∏î‡∏ï‡∏≤‡∏°']","['‡∏•‡∏∑‡∏°', '‡∏≠‡πâ‡∏ß‡∏ô']"
3,Heartrocker,2867,2021-07-06 16:57:27,,https://scontent.fbkk8-4.fna.fbcdn.net/v/t1.6435-0/cp0/e15/q65/p320x320/202327786_3949322935176430_8774856867562153250_n.jpg?_nc_cat=1&ccb=1-3&_nc_sid=8024bb&_nc_ohc=oSQEdGO6o8QAX_tKdr_&_nc_ht=scontent.fbkk8-4.fna&tp=3&oh=2922c1f3808b5496617e8c2038dbf291&oe=60E9476E,67243,https://facebook.com/MightyCaster/posts/3927641624001634,3927641624001634,"‡πÅ‡∏™‡∏ô‡πÑ‡∏•‡∏Å‡πå..... ‡πÑ‡∏°‡πà‡∏ô‡πà‡∏≤‡∏ñ‡∏∂‡∏á üòÉ

‡πÅ‡∏™‡∏ô‡πÑ‡∏•‡∏Å‡πå..... ‡πÑ‡∏°‡πà‡∏ô‡πà‡∏≤‡∏ñ‡∏∂‡∏á üòÉ

Home Sweet Home : Game
17 ‡∏ä‡∏°. ¬∑
‡∏ó‡∏µ‡∏°‡∏á‡∏≤‡∏ô‡∏ä‡∏π‡∏°‡∏∑‡∏≠‡πÅ‡∏•‡πâ‡∏ß ‚úãüèº
‡∏£‡∏ß‡∏°‡∏û‡∏•‡∏±‡∏á 100,000 LIKE
‡∏à‡∏∞‡∏™‡πà‡∏á‡πÄ‡∏ö‡∏•‡πÑ‡∏õ‡∏£‡∏±‡∏ö HRK ‡πÄ‡∏Ç‡πâ‡∏≤‡∏ô‡∏¥‡∏ß‡∏£‡∏ì‡πå!!
#‡πÅ‡∏ä‡∏£‡πå‡πÑ‡∏õ‡πÉ‡∏´‡πâ‡∏ñ‡∏∂‡∏á #‡∏õ‡∏∞‡∏ã‡∏∂‡πà‡∏°
#‡∏û‡∏µ‡πà‡πÄ‡∏≠‡∏Å‡πÄ‡∏ö‡∏•‡∏ô‡∏≥‡∏ó‡∏≤‡∏á‡πÄ‡∏Ç‡πâ‡∏≤‡∏ô‡∏¥‡∏ß‡∏£‡∏ì‡πå‡πÄ‡∏≠‡∏á
#HRK #Heartrocker
The team has shown their hand ‚úãüèº
Help us reach the power of 100,000‚Ä¶ ‡πÄ‡∏û‡∏¥‡πà‡∏°‡πÄ‡∏ï‡∏¥‡∏° LIKE
And we will send Belle to get HRK into the Niwarn!!
#Share #Patch
#LeadintoNiwarn
‚ñ¨‚ñ¨‚ñ¨‚ñ¨‚ñ¨‚ñ¨‚ñ¨‚ñ¨‚ñ¨‚ñ¨‚ñ¨‚ñ¨‚ñ¨‚ñ¨‚ñ¨‚ñ¨‚ñ¨‚ñ¨‚ñ¨‚ñ¨
Discord: https://discord.gg/hsh-survive
Twitter: https://twitter.com/SurviveHome
Steam Store: https://bit.ly/38nGgR0
Official Website : https://www.homesweethomegame.com/survive-home
YouTube : https://www.youtube.com/channel/UCRCJwuptcSMegOmyuEh59oQ
#HomeSweetHomeSurvive #HomeSweetHome #HSHS #HSHSurvive



Home Sweet Home : Game
17 ‡∏ä‡∏°. ¬∑
‡∏ó‡∏µ‡∏°‡∏á‡∏≤‡∏ô‡∏ä‡∏π‡∏°‡∏∑‡∏≠‡πÅ‡∏•‡πâ‡∏ß ‚úãüèº
‡∏£‡∏ß‡∏°‡∏û‡∏•‡∏±‡∏á 100,000 LIKE
‡∏à‡∏∞‡∏™‡πà‡∏á‡πÄ‡∏ö‡∏•‡πÑ‡∏õ‡∏£‡∏±‡∏ö HRK ‡πÄ‡∏Ç‡πâ‡∏≤‡∏ô‡∏¥‡∏ß‡∏£‡∏ì‡πå!!
#‡πÅ‡∏ä‡∏£‡πå‡πÑ‡∏õ‡πÉ‡∏´‡πâ‡∏ñ‡∏∂‡∏á #‡∏õ‡∏∞‡∏ã‡∏∂‡πà‡∏°
#‡∏û‡∏µ‡πà‡πÄ‡∏≠‡∏Å‡πÄ‡∏ö‡∏•‡∏ô‡∏≥‡∏ó‡∏≤‡∏á‡πÄ‡∏Ç‡πâ‡∏≤‡∏ô‡∏¥‡∏ß‡∏£‡∏ì‡πå‡πÄ‡∏≠‡∏á
#HRK #Heartrocker
The team has shown their hand ‚úãüèº
Help us reach the power of 100,000‚Ä¶ ‡πÄ‡∏û‡∏¥‡πà‡∏°‡πÄ‡∏ï‡∏¥‡∏° LIKE
And we will send Belle to get HRK into the Niwarn!!
#Share #Patch
#LeadintoNiwarn
‚ñ¨‚ñ¨‚ñ¨‚ñ¨‚ñ¨‚ñ¨‚ñ¨‚ñ¨‚ñ¨‚ñ¨‚ñ¨‚ñ¨‚ñ¨‚ñ¨‚ñ¨‚ñ¨‚ñ¨‚ñ¨‚ñ¨‚ñ¨
Discord: https://discord.gg/hsh-survive
Twitter: https://twitter.com/SurviveHome
Steam Store: https://bit.ly/38nGgR0
Official Website : https://www.homesweethomegame.com/survive-home
YouTube : https://www.youtube.com/channel/UCRCJwuptcSMegOmyuEh59oQ
#HomeSweetHomeSurvive #HomeSweetHome #HSHS #HSHSurvive",neutral,[],[]
4,Heartrocker,202,2021-07-04 20:55:55,https://i.ytimg.com/vi/5e0dwHWk3BI/maxresdefault_live.jpg,https://external.fbkk12-4.fna.fbcdn.net/safe_image.php?d=AQGNFm3t9swEwNb5&w=476&h=249&url=https%3A%2F%2Fi.ytimg.com%2Fvi%2F5e0dwHWk3BI%2Fmaxresdefault_live.jpg&cfs=1&jq=75&ext=jpg&ccb=3-5&_nc_hash=AQGF5HhizCBMP_JP,13369,https://facebook.com/MightyCaster/posts/3922857197813410,3922857197813410,"‡∏Ç‡∏≠‡∏á‡∏à‡∏£‡∏¥‡∏á‡∏Ñ‡∏£‡∏ô‡∏±‡∏ö

‡∏Ç‡∏≠‡∏á‡∏à‡∏£‡∏¥‡∏á‡∏Ñ‡∏£‡∏ô‡∏±‡∏ö

YOUTUBE.COM
‡∏û‡∏≤‡∏£‡πå‡∏ó‡πÅ‡∏£‡∏Å‡∏Ç‡∏≠‡∏á‡∏Ç‡∏£‡∏¥‡∏á‡∏≠‡∏±‡∏ô‡∏ô‡∏µ‡πâ LIVE - Night of The Dead New Season #1
‡∏≠‡∏¢‡πà‡∏≤‡∏•‡∏∑‡∏°‡∏Å‡∏î‡∏ï‡∏¥‡∏î‡∏ï‡∏≤‡∏°‡πÅ‡∏•‡∏∞‡∏Å‡∏î‡∏Å‡∏£‡∏∞‡∏î‡∏¥‡πà‡∏á‡πÑ‡∏ß‡πâ‡∏î‡πâ‡∏ß‡∏¢‡∏ô‡∏∞‡∏Ñ‡∏£‡∏±‡∏ö ‡πÄ‡∏î‡∏µ‡πã‡∏¢‡∏ß‡∏û‡∏•‡∏≤‡∏î‡∏Ñ‡∏•‡∏¥‡∏õ‡πÉ‡∏´‡∏°‡πà‡πÜ ‡∏ô‡∏∞‡∏£‡∏±‡∏ö‡∏ô‡∏Å‡∏≠‡πâ‡∏ß‡∏ô‡πÑ‡∏õ‡πÄ‡∏•‡∏µ‡πâ‡∏¢‡∏á : https://www.youtube.com/channel/UC4plRabXFGdAE6HP-tBQKdQ/join...",neutral,"['‡∏≠‡∏¢‡πà‡∏≤', '‡∏ï‡∏¥‡∏î‡∏ï‡∏≤‡∏°']","['‡∏•‡∏∑‡∏°', '‡∏≠‡πâ‡∏ß‡∏ô']"
5,Heartrocker,251,2021-07-03 20:36:59,https://i.ytimg.com/vi/gaRRX7zmkGE/maxresdefault_live.jpg,https://external.fbkk12-4.fna.fbcdn.net/safe_image.php?d=AQGMT0w5yKFbkm5A&w=476&h=249&url=https%3A%2F%2Fi.ytimg.com%2Fvi%2FgaRRX7zmkGE%2Fmaxresdefault_live.jpg&cfs=1&jq=75&ext=jpg&ccb=3-5&_nc_hash=AQGSh3fdmtnJK-TJ,14977,https://facebook.com/MightyCaster/posts/3920160651416398,3920160651416398,"‡∏°‡∏≤‡πÄ‡∏•‡∏¢‡∏¢‡∏¢‡∏¢‡∏¢‡∏¢ ‡∏°‡∏µ‡∏Ç‡∏≠‡∏á‡πÉ‡∏´‡∏°‡πà

‡∏°‡∏≤‡πÄ‡∏•‡∏¢‡∏¢‡∏¢‡∏¢‡∏¢‡∏¢ ‡∏°‡∏µ‡∏Ç‡∏≠‡∏á‡πÉ‡∏´‡∏°‡πà

YOUTUBE.COM
‡∏Å‡∏±‡∏ö‡∏î‡∏±‡∏Å‡πÉ‡∏´‡∏°‡πà‡∏Å‡πá‡∏°‡∏≤‡∏î‡∏¥‡∏Ñ‡∏£‡∏±‡∏ö - LIVE - Night of The Dead New season #1
‡∏≠‡∏¢‡πà‡∏≤‡∏•‡∏∑‡∏°‡∏Å‡∏î‡∏ï‡∏¥‡∏î‡∏ï‡∏≤‡∏°‡πÅ‡∏•‡∏∞‡∏Å‡∏î‡∏Å‡∏£‡∏∞‡∏î‡∏¥‡πà‡∏á‡πÑ‡∏ß‡πâ‡∏î‡πâ‡∏ß‡∏¢‡∏ô‡∏∞‡∏Ñ‡∏£‡∏±‡∏ö ‡πÄ‡∏î‡∏µ‡πã‡∏¢‡∏ß‡∏û‡∏•‡∏≤‡∏î‡∏Ñ‡∏•‡∏¥‡∏õ‡πÉ‡∏´‡∏°‡πà‡πÜ ‡∏ô‡∏∞‡∏£‡∏±‡∏ö‡∏ô‡∏Å‡∏≠‡πâ‡∏ß‡∏ô‡πÑ‡∏õ‡πÄ‡∏•‡∏µ‡πâ‡∏¢‡∏á : https://www.youtube.com/channel/UC4plRabXFGdAE6HP-tBQKdQ/join...",neutral,"['‡∏≠‡∏¢‡πà‡∏≤', '‡∏ï‡∏¥‡∏î‡∏ï‡∏≤‡∏°']","['‡∏•‡∏∑‡∏°', '‡∏≠‡πâ‡∏ß‡∏ô']"
6,Heartrocker,175,2021-07-02 20:56:23,https://i.ytimg.com/vi/I6ZMOWTvIZc/maxresdefault_live.jpg,https://external.fbkk12-4.fna.fbcdn.net/safe_image.php?d=AQFcn-YpCHpx4GO-&w=476&h=249&url=https%3A%2F%2Fi.ytimg.com%2Fvi%2FI6ZMOWTvIZc%2Fmaxresdefault_live.jpg&cfs=1&jq=75&ext=jpg&ccb=3-5&_nc_hash=AQGj9_KtSf7dlWHA,14804,https://facebook.com/MightyCaster/posts/3917503608348769,3917503608348769,"‡∏™‡∏ß‡∏î‡∏°‡∏±‡∏ô ‡∏ã‡∏±‡∏ô‡∏´‡∏°‡∏ß‡∏î

‡∏™‡∏ß‡∏î‡∏°‡∏±‡∏ô ‡∏ã‡∏±‡∏ô‡∏´‡∏°‡∏ß‡∏î

YOUTUBE.COM
‡∏™‡∏ß‡∏î‡πÉ‡∏´‡πâ‡∏¢‡∏±‡∏ö ‡∏ã‡∏±‡∏ö‡πÉ‡∏´‡πâ‡∏´‡∏¢‡∏ß‡∏î - LIVE - Home Sweet Home: Survive
‡∏≠‡∏¢‡πà‡∏≤‡∏•‡∏∑‡∏°‡∏Å‡∏î‡∏ï‡∏¥‡∏î‡∏ï‡∏≤‡∏°‡πÅ‡∏•‡∏∞‡∏Å‡∏î‡∏Å‡∏£‡∏∞‡∏î‡∏¥‡πà‡∏á‡πÑ‡∏ß‡πâ‡∏î‡πâ‡∏ß‡∏¢‡∏ô‡∏∞‡∏Ñ‡∏£‡∏±‡∏ö ‡πÄ‡∏î‡∏µ‡πã‡∏¢‡∏ß‡∏û‡∏•‡∏≤‡∏î‡∏Ñ‡∏•‡∏¥‡∏õ‡πÉ‡∏´‡∏°‡πà‡πÜ ‡∏ô‡∏∞‡∏£‡∏±‡∏ö‡∏ô‡∏Å‡∏≠‡πâ‡∏ß‡∏ô‡πÑ‡∏õ‡πÄ‡∏•‡∏µ‡πâ‡∏¢‡∏á : https://www.youtube.com/channel/UC4plRabXFGdAE6HP-tBQKdQ/join...",negative,"['‡∏≠‡∏¢‡πà‡∏≤', '‡∏ï‡∏¥‡∏î‡∏ï‡∏≤‡∏°']","['‡∏¢‡∏±‡∏ö', '‡∏•‡∏∑‡∏°', '‡∏≠‡πâ‡∏ß‡∏ô']"
7,Heartrocker,289,2021-07-01 21:15:54,https://i.ytimg.com/vi/BHYHNi7VZv0/maxresdefault.jpg,https://external.fbkk12-4.fna.fbcdn.net/safe_image.php?d=AQFtT85wpNaH0w3V&w=476&h=249&url=https%3A%2F%2Fi.ytimg.com%2Fvi%2FBHYHNi7VZv0%2Fmaxresdefault.jpg&cfs=1&jq=75&ext=jpg&ccb=3-5&_nc_hash=AQGMfMqtr06SUEoL,20446,https://facebook.com/MightyCaster/posts/3914828958616234,3914828958616234,"‡∏ñ‡πà‡∏≤‡∏¢‡∏£‡∏π‡∏õ‡∏´‡∏°‡∏π

‡∏ñ‡πà‡∏≤‡∏¢‡∏£‡∏π‡∏õ‡∏´‡∏°‡∏π

YOUTUBE.COM
‡πÄ‡∏õ‡πá‡∏ô‡∏ö‡πà‡∏≠‡∏¢‡∏°‡∏≤‡∏Å‡∏Ñ‡∏£‡∏±‡∏ö - Among Us Highlight #19
‡∏≠‡∏¢‡πà‡∏≤‡∏•‡∏∑‡∏°‡∏Å‡∏î‡∏ï‡∏¥‡∏î‡∏ï‡∏≤‡∏°‡πÅ‡∏•‡∏∞‡∏Å‡∏î‡∏Å‡∏£‡∏∞‡∏î‡∏¥‡πà‡∏á‡πÑ‡∏ß‡πâ‡∏î‡πâ‡∏ß‡∏¢‡∏ô‡∏∞‡∏Ñ‡∏£‡∏±‡∏ö ‡πÄ‡∏î‡∏µ‡πã‡∏¢‡∏ß‡∏û‡∏•‡∏≤‡∏î‡∏Ñ‡∏•‡∏¥‡∏õ‡πÉ‡∏´‡∏°‡πà‡πÜ ‡∏ô‡∏∞‡∏£‡∏±‡∏ö‡∏ô‡∏Å‡∏≠‡πâ‡∏ß‡∏ô‡πÑ‡∏õ‡πÄ‡∏•‡∏µ‡πâ‡∏¢‡∏á : https://www.youtube.com/channel/UC4plRabXFGdAE6HP-tBQKdQ/join...",neutral,"['‡∏≠‡∏¢‡πà‡∏≤', '‡∏ï‡∏¥‡∏î‡∏ï‡∏≤‡∏°']","['‡∏•‡∏∑‡∏°', '‡∏≠‡πâ‡∏ß‡∏ô']"
8,Heartrocker,186,2021-06-29 20:29:38,https://i.ytimg.com/vi/evKywupG7vw/maxresdefault_live.jpg,https://external.fbkk12-4.fna.fbcdn.net/safe_image.php?d=AQEj_4rsCmttgb-G&w=476&h=249&url=https%3A%2F%2Fi.ytimg.com%2Fvi%2FevKywupG7vw%2Fmaxresdefault_live.jpg&cfs=1&jq=75&ext=jpg&ccb=3-5&_nc_hash=AQH17N17bC__0mXQ,13752,https://facebook.com/MightyCaster/posts/3909312855834511,3909312855834511,"‡∏î‡∏±‡∏á‡∏õ‡πâ‡∏≤‡∏î

‡∏î‡∏±‡∏á‡∏õ‡πâ‡∏≤‡∏î

YOUTUBE.COM
LIVE - ‡∏ï‡∏ö‡∏î‡∏±‡∏á‡∏õ‡πâ‡∏≤‡∏î - Dead By Daylight 2021 #9
‡∏≠‡∏¢‡πà‡∏≤‡∏•‡∏∑‡∏°‡∏Å‡∏î‡∏ï‡∏¥‡∏î‡∏ï‡∏≤‡∏°‡πÅ‡∏•‡∏∞‡∏Å‡∏î‡∏Å‡∏£‡∏∞‡∏î‡∏¥‡πà‡∏á‡πÑ‡∏ß‡πâ‡∏î‡πâ‡∏ß‡∏¢‡∏ô‡∏∞‡∏Ñ‡∏£‡∏±‡∏ö ‡πÄ‡∏î‡∏µ‡πã‡∏¢‡∏ß‡∏û‡∏•‡∏≤‡∏î‡∏Ñ‡∏•‡∏¥‡∏õ‡πÉ‡∏´‡∏°‡πà‡πÜ ‡∏ô‡∏∞‡∏£‡∏±‡∏ö‡∏ô‡∏Å‡∏≠‡πâ‡∏ß‡∏ô‡πÑ‡∏õ‡πÄ‡∏•‡∏µ‡πâ‡∏¢‡∏á : https://www.youtube.com/channel/UC4plRabXFGdAE6HP-tBQKdQ/join...",negative,"['‡∏≠‡∏¢‡πà‡∏≤', '‡∏ï‡∏¥‡∏î‡∏ï‡∏≤‡∏°']","['‡∏ï‡∏ö', '‡∏•‡∏∑‡∏°', '‡∏≠‡πâ‡∏ß‡∏ô']"
9,Heartrocker,267,2021-06-28 19:40:06,https://i.ytimg.com/vi/hoMvoMImCb4/maxresdefault.jpg,https://external.fbkk12-4.fna.fbcdn.net/safe_image.php?d=AQEyYJveYElyLl-1&w=476&h=249&url=https%3A%2F%2Fi.ytimg.com%2Fvi%2FhoMvoMImCb4%2Fmaxresdefault.jpg&cfs=1&jq=75&ext=jpg&ccb=3-5&_nc_hash=AQFIlJqhVlX9BDBX,19829,https://facebook.com/MightyCaster/posts/3906525049446625,3906525049446625,"‡∏ï‡∏≠‡∏ô‡∏™‡∏≠‡∏á‡∏°‡∏≤‡πÅ‡∏•‡πâ‡∏ß‡∏Ñ‡∏£‡∏±‡∏ö‡πÄ‡∏£‡πá‡∏ß‡∏°‡∏≤‡∏Å

‡∏ï‡∏≠‡∏ô‡∏™‡∏≠‡∏á‡∏°‡∏≤‡πÅ‡∏•‡πâ‡∏ß‡∏Ñ‡∏£‡∏±‡∏ö‡πÄ‡∏£‡πá‡∏ß‡∏°‡∏≤‡∏Å

YOUTUBE.COM
‡∏£‡∏≤‡∏¢‡∏Å‡∏≤‡∏£‡∏¢‡∏±‡∏á‡πÑ‡∏°‡πà‡∏°‡∏µ‡∏ä‡∏∑‡πà‡∏≠‡πÄ‡∏•‡∏¢ EP.2 - ‡∏°‡∏¥‡∏™‡πÄ‡∏ï‡∏≠‡∏£‡πå‡∏ï‡∏∂‡πã‡∏á VS ‡πÄ‡∏à‡∏°‡∏™‡πå‡∏Ñ‡∏∞‡∏ô‡∏≠
‡∏≠‡∏¢‡πà‡∏≤‡∏•‡∏∑‡∏°‡∏Å‡∏î‡∏ï‡∏¥‡∏î‡∏ï‡∏≤‡∏°‡πÅ‡∏•‡∏∞‡∏Å‡∏î‡∏Å‡∏£‡∏∞‡∏î‡∏¥‡πà‡∏á‡πÑ‡∏ß‡πâ‡∏î‡πâ‡∏ß‡∏¢‡∏ô‡∏∞‡∏Ñ‡∏£‡∏±‡∏ö ‡πÄ‡∏î‡∏µ‡πã‡∏¢‡∏ß‡∏û‡∏•‡∏≤‡∏î‡∏Ñ‡∏•‡∏¥‡∏õ‡πÉ‡∏´‡∏°‡πà‡πÜ ‡∏ô‡∏∞‡∏£‡∏±‡∏ö‡∏ô‡∏Å‡∏≠‡πâ‡∏ß‡∏ô‡πÑ‡∏õ‡πÄ‡∏•‡∏µ‡πâ‡∏¢‡∏á : https://www.youtube.com/channel/UC4plRabXFGdAE6HP-tBQKdQ/join...",positive,"['‡πÄ‡∏£‡πá‡∏ß', '‡πÄ‡∏£‡πá‡∏ß', '‡∏°‡∏µ‡∏ä‡∏∑‡πà‡∏≠', '‡∏≠‡∏¢‡πà‡∏≤', '‡∏ï‡∏¥‡∏î‡∏ï‡∏≤‡∏°']","['‡∏•‡∏∑‡∏°', '‡∏≠‡πâ‡∏ß‡∏ô']"
10,Heartrocker,142,2021-06-27 20:39:58,https://i.ytimg.com/vi/BU2VnTo9y0w/maxresdefault_live.jpg,https://external.fbkk12-4.fna.fbcdn.net/safe_image.php?d=AQGbBYhX1HtEH9Po&w=476&h=249&url=https%3A%2F%2Fi.ytimg.com%2Fvi%2FBU2VnTo9y0w%2Fmaxresdefault_live.jpg&cfs=1&jq=75&ext=jpg&ccb=3-5&_nc_hash=AQFTfVI-7MfVatr4,11476,https://facebook.com/MightyCaster/posts/3904118826353914,3904118826353914,"‡πÑ‡∏î‡πâ

‡πÑ‡∏î‡πâ

YOUTUBE.COM
‡∏°‡∏µ‡∏Ñ‡∏ô‡πÅ‡∏ö‡∏Å - LIVE - Apex Legends New Season #2
‡∏≠‡∏¢‡πà‡∏≤‡∏•‡∏∑‡∏°‡∏Å‡∏î‡∏ï‡∏¥‡∏î‡∏ï‡∏≤‡∏°‡πÅ‡∏•‡∏∞‡∏Å‡∏î‡∏Å‡∏£‡∏∞‡∏î‡∏¥‡πà‡∏á‡πÑ‡∏ß‡πâ‡∏î‡πâ‡∏ß‡∏¢‡∏ô‡∏∞‡∏Ñ‡∏£‡∏±‡∏ö ‡πÄ‡∏î‡∏µ‡πã‡∏¢‡∏ß‡∏û‡∏•‡∏≤‡∏î‡∏Ñ‡∏•‡∏¥‡∏õ‡πÉ‡∏´‡∏°‡πà‡πÜ ‡∏ô‡∏∞‡∏£‡∏±‡∏ö‡∏ô‡∏Å‡∏≠‡πâ‡∏ß‡∏ô‡πÑ‡∏õ‡πÄ‡∏•‡∏µ‡πâ‡∏¢‡∏á : https://www.youtube.com/channel/UC4plRabXFGdAE6HP-tBQKdQ/join...",neutral,"['‡∏≠‡∏¢‡πà‡∏≤', '‡∏ï‡∏¥‡∏î‡∏ï‡∏≤‡∏°']","['‡∏•‡∏∑‡∏°', '‡∏≠‡πâ‡∏ß‡∏ô']"
11,Heartrocker,266,2021-06-26 21:09:02,https://i.ytimg.com/vi/mX-mf1ggvfg/maxresdefault_live.jpg,https://external.fbkk12-4.fna.fbcdn.net/safe_image.php?d=AQG_SAEjPEL1MkLI&w=476&h=249&url=https%3A%2F%2Fi.ytimg.com%2Fvi%2FmX-mf1ggvfg%2Fmaxresdefault_live.jpg&cfs=1&jq=75&ext=jpg&ccb=3-5&_nc_hash=AQGPtCHSL6AhkGNJ,15228,https://facebook.com/MightyCaster/posts/3901613199937810,3901613199937810,"‡πÄ‡∏£‡∏∑‡∏≠‡∏°‡∏≤

‡πÄ‡∏£‡∏∑‡∏≠‡∏°‡∏≤

YOUTUBE.COM
‡∏ã‡∏µ‡∏≠‡∏≠‡∏ü‡∏ã‡πà‡∏≠‡∏°‡πÄ‡∏£‡∏∑‡∏≠ - LIVE - Sea of Thieves
‡∏≠‡∏¢‡πà‡∏≤‡∏•‡∏∑‡∏°‡∏Å‡∏î‡∏ï‡∏¥‡∏î‡∏ï‡∏≤‡∏°‡πÅ‡∏•‡∏∞‡∏Å‡∏î‡∏Å‡∏£‡∏∞‡∏î‡∏¥‡πà‡∏á‡πÑ‡∏ß‡πâ‡∏î‡πâ‡∏ß‡∏¢‡∏ô‡∏∞‡∏Ñ‡∏£‡∏±‡∏ö ‡πÄ‡∏î‡∏µ‡πã‡∏¢‡∏ß‡∏û‡∏•‡∏≤‡∏î‡∏Ñ‡∏•‡∏¥‡∏õ‡πÉ‡∏´‡∏°‡πà‡πÜ ‡∏ô‡∏∞‡∏£‡∏±‡∏ö‡∏ô‡∏Å‡∏≠‡πâ‡∏ß‡∏ô‡πÑ‡∏õ‡πÄ‡∏•‡∏µ‡πâ‡∏¢‡∏á : https://www.youtube.com/channel/UC4plRabXFGdAE6HP-tBQKdQ/join...",neutral,"['‡∏≠‡∏¢‡πà‡∏≤', '‡∏ï‡∏¥‡∏î‡∏ï‡∏≤‡∏°']","['‡∏•‡∏∑‡∏°', '‡∏≠‡πâ‡∏ß‡∏ô']"
12,Heartrocker,203,2021-06-25 18:12:38,https://i.ytimg.com/vi/NNjXsOGEmFQ/maxresdefault.jpg,https://external.fbkk12-4.fna.fbcdn.net/safe_image.php?d=AQHNRUJJdHzCX4CM&w=476&h=249&url=https%3A%2F%2Fi.ytimg.com%2Fvi%2FNNjXsOGEmFQ%2Fmaxresdefault.jpg&cfs=1&jq=75&ext=jpg&ccb=3-5&_nc_hash=AQHwyzQ2T_KulVn9,16093,https://facebook.com/MightyCaster/posts/3898602803572183,3898602803572183,"‡∏≠‡πâ‡∏≤‡∏ß‡∏°‡∏µ‡∏Ñ‡∏•‡∏¥‡∏õ‡πÉ‡∏´‡∏°‡πà ‡∏ß‡πâ‡∏≤‡∏ß‡∏ß‡∏ß‡∏ß‡∏ß‡∏ß

‡∏≠‡πâ‡∏≤‡∏ß‡∏°‡∏µ‡∏Ñ‡∏•‡∏¥‡∏õ‡πÉ‡∏´‡∏°‡πà ‡∏ß‡πâ‡∏≤‡∏ß‡∏ß‡∏ß‡∏ß‡∏ß‡∏ß

YOUTUBE.COM
‡∏®‡∏∂‡∏Å‡∏•‡πâ‡∏≤‡∏á‡πÅ‡∏Ñ‡πâ‡∏ô ‡πÅ‡∏á‡∏∞‡∏ó‡∏±‡∏û‡∏û‡∏µ - Among Us Highlight #18
‡∏≠‡∏¢‡πà‡∏≤‡∏•‡∏∑‡∏°‡∏Å‡∏î‡∏ï‡∏¥‡∏î‡∏ï‡∏≤‡∏°‡πÅ‡∏•‡∏∞‡∏Å‡∏î‡∏Å‡∏£‡∏∞‡∏î‡∏¥‡πà‡∏á‡πÑ‡∏ß‡πâ‡∏î‡πâ‡∏ß‡∏¢‡∏ô‡∏∞‡∏Ñ‡∏£‡∏±‡∏ö ‡πÄ‡∏î‡∏µ‡πã‡∏¢‡∏ß‡∏û‡∏•‡∏≤‡∏î‡∏Ñ‡∏•‡∏¥‡∏õ‡πÉ‡∏´‡∏°‡πà‡πÜ ‡∏ô‡∏∞‡∏£‡∏±‡∏ö‡∏ô‡∏Å‡∏≠‡πâ‡∏ß‡∏ô‡πÑ‡∏õ‡πÄ‡∏•‡∏µ‡πâ‡∏¢‡∏á : https://www.youtube.com/channel/UC4plRabXFGdAE6HP-tBQKdQ/join...",neutral,"['‡∏≠‡∏¢‡πà‡∏≤', '‡∏ï‡∏¥‡∏î‡∏ï‡∏≤‡∏°']","['‡∏•‡∏∑‡∏°', '‡∏≠‡πâ‡∏ß‡∏ô']"
13,Heartrocker,189,2021-06-24 21:26:49,https://i.ytimg.com/vi/csuqMV60eyc/maxresdefault_live.jpg,https://external.fbkk12-4.fna.fbcdn.net/safe_image.php?d=AQHGf67SfGPwqp-5&w=476&h=249&url=https%3A%2F%2Fi.ytimg.com%2Fvi%2FcsuqMV60eyc%2Fmaxresdefault_live.jpg&cfs=1&jq=75&ext=jpg&ccb=3-5&_nc_hash=AQEq56LUnjY9ZV7H,13565,https://facebook.com/MightyCaster/posts/3896261803806283,3896261803806283,"‡∏Å‡∏µ‡πà‡∏Ñ‡∏¥‡∏•‡∏ß‡πà‡∏≤‡∏°‡∏≤

‡∏Å‡∏µ‡πà‡∏Ñ‡∏¥‡∏•‡∏ß‡πà‡∏≤‡∏°‡∏≤

YOUTUBE.COM
‡∏ï‡πâ‡∏≠‡∏á‡∏Å‡∏≤‡∏£‡πÄ‡∏•‡πà‡∏ô‡∏≠‡∏∞‡πÑ‡∏£‡∏ó‡∏µ‡πà‡∏°‡∏±‡∏ô‡πÄ‡∏£‡πâ‡∏≤‡πÉ‡∏à - LIVE - Bloodborne New Game #1
‡∏≠‡∏¢‡πà‡∏≤‡∏•‡∏∑‡∏°‡∏Å‡∏î‡∏ï‡∏¥‡∏î‡∏ï‡∏≤‡∏°‡πÅ‡∏•‡∏∞‡∏Å‡∏î‡∏Å‡∏£‡∏∞‡∏î‡∏¥‡πà‡∏á‡πÑ‡∏ß‡πâ‡∏î‡πâ‡∏ß‡∏¢‡∏ô‡∏∞‡∏Ñ‡∏£‡∏±‡∏ö ‡πÄ‡∏î‡∏µ‡πã‡∏¢‡∏ß‡∏û‡∏•‡∏≤‡∏î‡∏Ñ‡∏•‡∏¥‡∏õ‡πÉ‡∏´‡∏°‡πà‡πÜ ‡∏ô‡∏∞‡∏£‡∏±‡∏ö‡∏ô‡∏Å‡∏≠‡πâ‡∏ß‡∏ô‡πÑ‡∏õ‡πÄ‡∏•‡∏µ‡πâ‡∏¢‡∏á : https://www.youtube.com/channel/UC4plRabXFGdAE6HP-tBQKdQ/join...",positive,"['‡πÄ‡∏•‡πà‡∏ô', '‡∏≠‡∏¢‡πà‡∏≤', '‡∏ï‡∏¥‡∏î‡∏ï‡∏≤‡∏°']","['‡∏•‡∏∑‡∏°', '‡∏≠‡πâ‡∏ß‡∏ô']"
14,Heartrocker,126,2021-06-22 20:56:42,https://i.ytimg.com/vi/uTshNpNO-v0/maxresdefault_live.jpg,https://external.fbkk12-4.fna.fbcdn.net/safe_image.php?d=AQEGCjJtECTAF6xU&w=476&h=249&url=https%3A%2F%2Fi.ytimg.com%2Fvi%2FuTshNpNO-v0%2Fmaxresdefault_live.jpg&cfs=1&jq=75&ext=jpg&ccb=3-5&_nc_hash=AQGBVhupAatuwThW,10733,https://facebook.com/MightyCaster/posts/3890809834351480,3890809834351480,"‡πÄ‡∏≠‡πÄ‡∏õ‡∏Å‡∏ã‡πå ‡∏ô‡∏¥‡∏ß‡∏ã‡∏µ‡∏ã‡∏±‡πà‡∏ô‡∏°‡∏≤‡∏ñ‡∏∂‡∏á‡πÅ‡∏•‡πâ‡∏ß

‡πÄ‡∏≠‡πÄ‡∏õ‡∏Å‡∏ã‡πå ‡∏ô‡∏¥‡∏ß‡∏ã‡∏µ‡∏ã‡∏±‡πà‡∏ô‡∏°‡∏≤‡∏ñ‡∏∂‡∏á‡πÅ‡∏•‡πâ‡∏ß

YOUTUBE.COM
‡∏≠‡∏±‡∏ô‡∏ô‡∏µ‡πâ‡∏Å‡πá‡∏ô‡∏±‡∏ö‡πÄ‡∏õ‡πá‡∏ô‡∏ô‡∏¥‡∏ß‡∏ã‡∏µ‡∏ã‡∏±‡πà‡∏ô‡∏•‡∏∞‡∏Å‡∏±‡∏ô - LIVE - Apex Legends New Season #1
‡∏≠‡∏¢‡πà‡∏≤‡∏•‡∏∑‡∏°‡∏Å‡∏î‡∏ï‡∏¥‡∏î‡∏ï‡∏≤‡∏°‡πÅ‡∏•‡∏∞‡∏Å‡∏î‡∏Å‡∏£‡∏∞‡∏î‡∏¥‡πà‡∏á‡πÑ‡∏ß‡πâ‡∏î‡πâ‡∏ß‡∏¢‡∏ô‡∏∞‡∏Ñ‡∏£‡∏±‡∏ö ‡πÄ‡∏î‡∏µ‡πã‡∏¢‡∏ß‡∏û‡∏•‡∏≤‡∏î‡∏Ñ‡∏•‡∏¥‡∏õ‡πÉ‡∏´‡∏°‡πà‡πÜ ‡∏ô‡∏∞‡∏£‡∏±‡∏ö‡∏ô‡∏Å‡∏≠‡πâ‡∏ß‡∏ô‡πÑ‡∏õ‡πÄ‡∏•‡∏µ‡πâ‡∏¢‡∏á : https://www.youtube.com/channel/UC4plRabXFGdAE6HP-tBQKdQ/join...",neutral,"['‡∏≠‡∏¢‡πà‡∏≤', '‡∏ï‡∏¥‡∏î‡∏ï‡∏≤‡∏°']","['‡∏•‡∏∑‡∏°', '‡∏≠‡πâ‡∏ß‡∏ô']"
15,Heartrocker,290,2021-06-20 19:42:21,https://i.ytimg.com/vi/XG5nbk3yqHY/maxresdefault_live.jpg,https://external.fbkk12-4.fna.fbcdn.net/safe_image.php?d=AQHnpdQwbtwpSwfV&w=476&h=249&url=https%3A%2F%2Fi.ytimg.com%2Fvi%2FXG5nbk3yqHY%2Fmaxresdefault_live.jpg&cfs=1&jq=75&ext=jpg&ccb=3-5&_nc_hash=AQHF_G1SX8RqCeCh,16861,https://facebook.com/MightyCaster/posts/3885569654875498,3885569654875498,"‡πÄ‡∏õ‡∏¥‡∏î‡πÄ‡∏õ‡∏£‡∏µ‡∏¢‡∏ö‡πÑ‡∏î‡πâ‡∏Å‡πà‡∏≠‡∏ô

‡πÄ‡∏õ‡∏¥‡∏î‡πÄ‡∏õ‡∏£‡∏µ‡∏¢‡∏ö‡πÑ‡∏î‡πâ‡∏Å‡πà‡∏≠‡∏ô

YOUTUBE.COM
15 ‡∏Ñ‡∏ô‡πÇ‡∏â‡∏î‡πÇ‡∏Ñ‡∏ï‡∏£‡πÑ‡∏°‡πà‡∏ß‡∏∏‡πà‡∏ô‡∏ß‡∏≤‡∏¢‡πÄ‡∏ó‡πà‡∏≤‡πÑ‡∏´‡∏£‡πà - LIVE - Among Us New Season #1
‡∏≠‡∏¢‡πà‡∏≤‡∏•‡∏∑‡∏°‡∏Å‡∏î‡∏ï‡∏¥‡∏î‡∏ï‡∏≤‡∏°‡πÅ‡∏•‡∏∞‡∏Å‡∏î‡∏Å‡∏£‡∏∞‡∏î‡∏¥‡πà‡∏á‡πÑ‡∏ß‡πâ‡∏î‡πâ‡∏ß‡∏¢‡∏ô‡∏∞‡∏Ñ‡∏£‡∏±‡∏ö ‡πÄ‡∏î‡∏µ‡πã‡∏¢‡∏ß‡∏û‡∏•‡∏≤‡∏î‡∏Ñ‡∏•‡∏¥‡∏õ‡πÉ‡∏´‡∏°‡πà‡πÜ ‡∏ô‡∏∞‡∏£‡∏±‡∏ö‡∏ô‡∏Å‡∏≠‡πâ‡∏ß‡∏ô‡πÑ‡∏õ‡πÄ‡∏•‡∏µ‡πâ‡∏¢‡∏á : https://www.youtube.com/channel/UC4plRabXFGdAE6HP-tBQKdQ/join...",negative,"['‡∏≠‡∏¢‡πà‡∏≤', '‡∏ï‡∏¥‡∏î‡∏ï‡∏≤‡∏°']","['‡∏ß‡∏∏‡πà‡∏ô‡∏ß‡∏≤‡∏¢', '‡∏•‡∏∑‡∏°', '‡∏≠‡πâ‡∏ß‡∏ô']"
16,Heartrocker,146,2021-06-19 21:08:26,https://i.ytimg.com/vi/39bXaNge3BI/maxresdefault_live.jpg,https://external.fbkk12-4.fna.fbcdn.net/safe_image.php?w=476&h=249&url=https%3A%2F%2Fi.ytimg.com%2Fvi%2F39bXaNge3BI%2Fmaxresdefault_live.jpg&cfs=1&jq=75&ext=jpg&ccb=3-5&_nc_hash=AQHE8i3VrDGx7s21,16048,https://facebook.com/MightyCaster/posts/3883313125101151,3883313125101151,"‡∏´‡∏á‡∏≥‡πÄ‡∏´‡∏á‡∏∑‡∏≠‡∏Å

‡∏´‡∏á‡∏≥‡πÄ‡∏´‡∏á‡∏∑‡∏≠‡∏Å

YOUTUBE.COM
LIVE - ‡∏Ç‡∏≠‡∏à‡∏π‡∏Å‡πÇ‡∏Ñ‡∏° ‡πÜ - Dead By Daylight 2021 #8
‡∏≠‡∏¢‡πà‡∏≤‡∏•‡∏∑‡∏°‡∏Å‡∏î‡∏ï‡∏¥‡∏î‡∏ï‡∏≤‡∏°‡πÅ‡∏•‡∏∞‡∏Å‡∏î‡∏Å‡∏£‡∏∞‡∏î‡∏¥‡πà‡∏á‡πÑ‡∏ß‡πâ‡∏î‡πâ‡∏ß‡∏¢‡∏ô‡∏∞‡∏Ñ‡∏£‡∏±‡∏ö ‡πÄ‡∏î‡∏µ‡πã‡∏¢‡∏ß‡∏û‡∏•‡∏≤‡∏î‡∏Ñ‡∏•‡∏¥‡∏õ‡πÉ‡∏´‡∏°‡πà‡πÜ ‡∏ô‡∏∞‡∏£‡∏±‡∏ö‡∏ô‡∏Å‡∏≠‡πâ‡∏ß‡∏ô‡πÑ‡∏õ‡πÄ‡∏•‡∏µ‡πâ‡∏¢‡∏á : https://www.youtube.com/channel/UC4plRabXFGdAE6HP-tBQKdQ/join...",neutral,"['‡∏≠‡∏¢‡πà‡∏≤', '‡∏ï‡∏¥‡∏î‡∏ï‡∏≤‡∏°']","['‡∏•‡∏∑‡∏°', '‡∏≠‡πâ‡∏ß‡∏ô']"
17,Heartrocker,131,2021-06-18 20:25:00,https://i.ytimg.com/vi/AZRkgkglX8c/maxresdefault_live.jpg,https://external.fbkk12-4.fna.fbcdn.net/safe_image.php?w=476&h=249&url=https%3A%2F%2Fi.ytimg.com%2Fvi%2FAZRkgkglX8c%2Fmaxresdefault_live.jpg&cfs=1&jq=75&ext=jpg&ccb=3-5&_nc_hash=AQH8G14qR_tVEQzW,10760,https://facebook.com/MightyCaster/posts/3880736368692160,3880736368692160,"‡∏ô‡∏±‡∏Å‡∏ï‡∏î‡∏õ‡∏•‡∏≤‡∏°‡∏∑‡∏≠‡∏â‡∏°‡∏±‡∏á‡∏°‡∏≤‡πÅ‡∏•‡πâ‡∏ß

‡∏ô‡∏±‡∏Å‡∏ï‡∏î‡∏õ‡∏•‡∏≤‡∏°‡∏∑‡∏≠‡∏â‡∏°‡∏±‡∏á‡∏°‡∏≤‡πÅ‡∏•‡πâ‡∏ß

YOUTUBE.COM
LIVE - ‡∏ß‡∏±‡∏ô‡∏ô‡∏µ‡πâ‡∏°‡∏µ‡πÄ‡∏Ñ‡∏£‡∏∑‡πà‡∏≠‡∏á‡∏à‡∏±‡∏Å‡∏£‡∏™‡∏±‡∏á‡∏´‡∏£‡∏ì‡πå - Overwatch 2021 #2
‡∏≠‡∏¢‡πà‡∏≤‡∏•‡∏∑‡∏°‡∏Å‡∏î‡∏ï‡∏¥‡∏î‡∏ï‡∏≤‡∏°‡πÅ‡∏•‡∏∞‡∏Å‡∏î‡∏Å‡∏£‡∏∞‡∏î‡∏¥‡πà‡∏á‡πÑ‡∏ß‡πâ‡∏î‡πâ‡∏ß‡∏¢‡∏ô‡∏∞‡∏Ñ‡∏£‡∏±‡∏ö ‡πÄ‡∏î‡∏µ‡πã‡∏¢‡∏ß‡∏û‡∏•‡∏≤‡∏î‡∏Ñ‡∏•‡∏¥‡∏õ‡πÉ‡∏´‡∏°‡πà‡πÜ ‡∏ô‡∏∞‡∏£‡∏±‡∏ö‡∏ô‡∏Å‡∏≠‡πâ‡∏ß‡∏ô‡πÑ‡∏õ‡πÄ‡∏•‡∏µ‡πâ‡∏¢‡∏á : https://www.youtube.com/channel/UC4plRabXFGdAE6HP-tBQKdQ/join...",neutral,"['‡∏≠‡∏¢‡πà‡∏≤', '‡∏ï‡∏¥‡∏î‡∏ï‡∏≤‡∏°']","['‡∏•‡∏∑‡∏°', '‡∏≠‡πâ‡∏ß‡∏ô']"
18,Heartrocker,282,2021-06-18 01:40:10,https://i.ytimg.com/vi/H0fgC7P63jk/maxresdefault.jpg,https://external.fbkk12-4.fna.fbcdn.net/safe_image.php?d=AQG7uWlDhzx9ris-&w=476&h=249&url=https%3A%2F%2Fi.ytimg.com%2Fvi%2FH0fgC7P63jk%2Fmaxresdefault.jpg&cfs=1&jq=75&ext=jpg&ccb=3-5&_nc_hash=AQFp5ThKIErIWXiH,14681,https://facebook.com/MightyCaster/posts/3878873188878478,3878873188878478,"‡∏Ñ‡∏•‡∏¥‡∏õ‡πÅ‡∏ö‡∏ö‡πÄ‡∏´‡∏•‡πà‡∏ó‡πà‡∏≠‡∏°‡∏±‡∏Å‡∏à‡∏∞‡∏°‡∏≤‡∏Å‡∏•‡∏≤‡∏á‡∏î‡∏∂‡∏Å‡πÅ‡∏ö‡∏ö‡∏ô‡∏µ‡πâ

‡∏Ñ‡∏•‡∏¥‡∏õ‡πÅ‡∏ö‡∏ö‡πÄ‡∏´‡∏•‡πà‡∏ó‡πà‡∏≠‡∏°‡∏±‡∏Å‡∏à‡∏∞‡∏°‡∏≤‡∏Å‡∏•‡∏≤‡∏á‡∏î‡∏∂‡∏Å‡πÅ‡∏ö‡∏ö‡∏ô‡∏µ‡πâ

YOUTUBE.COM
PATHFINDER GAMEPLAY By HRK | Apex Legends
‡∏≠‡∏¢‡πà‡∏≤‡∏•‡∏∑‡∏°‡∏Å‡∏î‡∏ï‡∏¥‡∏î‡∏ï‡∏≤‡∏°‡πÅ‡∏•‡∏∞‡∏Å‡∏î‡∏Å‡∏£‡∏∞‡∏î‡∏¥‡πà‡∏á‡πÑ‡∏ß‡πâ‡∏î‡πâ‡∏ß‡∏¢‡∏ô‡∏∞‡∏Ñ‡∏£‡∏±‡∏ö ‡πÄ‡∏î‡∏µ‡πã‡∏¢‡∏ß‡∏û‡∏•‡∏≤‡∏î‡∏Ñ‡∏•‡∏¥‡∏õ‡πÉ‡∏´‡∏°‡πà‡πÜ ‡∏ô‡∏∞‡∏£‡∏±‡∏ö‡∏ô‡∏Å‡∏≠‡πâ‡∏ß‡∏ô‡πÑ‡∏õ‡πÄ‡∏•‡∏µ‡πâ‡∏¢‡∏á : https://www.youtube.com/channel/UC4plRabXFGdAE6HP-tBQKdQ/join...",neutral,"['‡∏≠‡∏¢‡πà‡∏≤', '‡∏ï‡∏¥‡∏î‡∏ï‡∏≤‡∏°']","['‡∏•‡∏∑‡∏°', '‡∏≠‡πâ‡∏ß‡∏ô']"
19,Heartrocker,314,2021-06-17 14:14:32,,https://scontent.fbkk13-1.fna.fbcdn.net/v/t1.6435-0/cp0/e15/q65/p320x320/201638796_3877537762345354_5208028381189935110_n.jpg?_nc_cat=108&ccb=1-3&_nc_sid=110474&_nc_ohc=SCvHD7iV0vkAX8sOYG1&_nc_ht=scontent.fbkk13-1.fna&tp=3&oh=8204878a9b78bca56e3adf58192f512a&oe=60EA5593,30015,https://facebook.com/MightyCaster/posts/3877538925678571,3877538925678571,"‡πÄ‡∏°‡∏∑‡πà‡∏≠‡∏Ñ‡∏∑‡∏ô‡∏ô‡∏µ‡πà‡∏°‡∏µ‡πÅ‡∏ï‡πà‡∏Å‡∏£‡∏¥‡πä‡∏á ‡πÜ ‡πÜ ‡πÜ ‡πÜ ‡πÜ ‡πÜ 555555555
Cr. Everything is Cartoon

‡πÄ‡∏°‡∏∑‡πà‡∏≠‡∏Ñ‡∏∑‡∏ô‡∏ô‡∏µ‡πà‡∏°‡∏µ‡πÅ‡∏ï‡πà‡∏Å‡∏£‡∏¥‡πä‡∏á ‡πÜ ‡πÜ ‡πÜ ‡πÜ ‡πÜ ‡πÜ 555555555
Cr. Everything is Cartoon

",neutral,[],[]
20,Heartrocker,180,2021-06-16 20:39:03,https://i.ytimg.com/vi/1tzC3LxcBJs/maxresdefault_live.jpg,https://external.fbkk12-4.fna.fbcdn.net/safe_image.php?d=AQEVkrP2VRRHLPi5&w=476&h=249&url=https%3A%2F%2Fi.ytimg.com%2Fvi%2F1tzC3LxcBJs%2Fmaxresdefault_live.jpg&cfs=1&jq=75&ext=jpg&ccb=3-5&_nc_hash=AQFcygpXXW5h7JAq,14990,https://facebook.com/MightyCaster/posts/3875714902527640,3875714902527640,"‡∏û‡∏µ‡πà‡πÄ‡∏ô‡∏°‡∏≤‡πÅ‡∏•‡πâ‡∏ß‡∏ß‡∏ß‡∏ß‡∏ß‡∏ß‡∏ß

‡∏û‡∏µ‡πà‡πÄ‡∏ô‡∏°‡∏≤‡πÅ‡∏•‡πâ‡∏ß‡∏ß‡∏ß‡∏ß‡∏ß‡∏ß‡∏ß

YOUTUBE.COM
LIVE - Dead By Daylight 2021 - ‡∏ú‡∏µ‡∏≠‡∏û‡∏≤‡∏£‡πå‡∏ó‡πÄ‡∏°‡πâ‡∏ô‡∏ï‡πå
‡∏≠‡∏¢‡πà‡∏≤‡∏•‡∏∑‡∏°‡∏Å‡∏î‡∏ï‡∏¥‡∏î‡∏ï‡∏≤‡∏°‡πÅ‡∏•‡∏∞‡∏Å‡∏î‡∏Å‡∏£‡∏∞‡∏î‡∏¥‡πà‡∏á‡πÑ‡∏ß‡πâ‡∏î‡πâ‡∏ß‡∏¢‡∏ô‡∏∞‡∏Ñ‡∏£‡∏±‡∏ö ‡πÄ‡∏î‡∏µ‡πã‡∏¢‡∏ß‡∏û‡∏•‡∏≤‡∏î‡∏Ñ‡∏•‡∏¥‡∏õ‡πÉ‡∏´‡∏°‡πà‡πÜ ‡∏ô‡∏∞‡∏£‡∏±‡∏ö‡∏ô‡∏Å‡∏≠‡πâ‡∏ß‡∏ô‡πÑ‡∏õ‡πÄ‡∏•‡∏µ‡πâ‡∏¢‡∏á : https://www.youtube.com/channel/UC4plRabXFGdAE6HP-tBQKdQ/join...",neutral,"['‡∏≠‡∏¢‡πà‡∏≤', '‡∏ï‡∏¥‡∏î‡∏ï‡∏≤‡∏°']","['‡∏•‡∏∑‡∏°', '‡∏≠‡πâ‡∏ß‡∏ô']"
21,Heartrocker,137,2021-06-15 21:31:58,https://i.ytimg.com/vi/Uqd3jh6KNks/maxresdefault_live.jpg,https://external.fbkk12-4.fna.fbcdn.net/safe_image.php?d=AQFjgNO_kplEzFoj&w=476&h=249&url=https%3A%2F%2Fi.ytimg.com%2Fvi%2FUqd3jh6KNks%2Fmaxresdefault_live.jpg&cfs=1&jq=75&ext=jpg&ccb=3-5&_nc_hash=AQGZRw6U7rESKrHx,11483,https://facebook.com/MightyCaster/posts/3873278776104586,3873278776104586,"‡∏°‡∏≤‡πÄ‡∏•‡∏¢ ‡∏°‡∏≤

‡∏°‡∏≤‡πÄ‡∏•‡∏¢ ‡∏°‡∏≤

YOUTUBE.COM
LIVE - Overwatch 2021 ‡πÄ‡∏ß‡∏• 1
‡∏≠‡∏¢‡πà‡∏≤‡∏•‡∏∑‡∏°‡∏Å‡∏î‡∏ï‡∏¥‡∏î‡∏ï‡∏≤‡∏°‡πÅ‡∏•‡∏∞‡∏Å‡∏î‡∏Å‡∏£‡∏∞‡∏î‡∏¥‡πà‡∏á‡πÑ‡∏ß‡πâ‡∏î‡πâ‡∏ß‡∏¢‡∏ô‡∏∞‡∏Ñ‡∏£‡∏±‡∏ö ‡πÄ‡∏î‡∏µ‡πã‡∏¢‡∏ß‡∏û‡∏•‡∏≤‡∏î‡∏Ñ‡∏•‡∏¥‡∏õ‡πÉ‡∏´‡∏°‡πà‡πÜ ‡∏ô‡∏∞‡∏£‡∏±‡∏ö‡∏ô‡∏Å‡∏≠‡πâ‡∏ß‡∏ô‡πÑ‡∏õ‡πÄ‡∏•‡∏µ‡πâ‡∏¢‡∏á : https://www.youtube.com/channel/UC4plRabXFGdAE6HP-tBQKdQ/join...",neutral,"['‡∏≠‡∏¢‡πà‡∏≤', '‡∏ï‡∏¥‡∏î‡∏ï‡∏≤‡∏°']","['‡∏•‡∏∑‡∏°', '‡∏≠‡πâ‡∏ß‡∏ô']"
22,Heartrocker,279,2021-06-15 19:22:54,https://i.ytimg.com/vi/Sxbs4faYh6s/maxresdefault.jpg,https://external.fbkk12-4.fna.fbcdn.net/safe_image.php?d=AQGEWSmtSePR_ULj&w=476&h=249&url=https%3A%2F%2Fi.ytimg.com%2Fvi%2FSxbs4faYh6s%2Fmaxresdefault.jpg&cfs=1&jq=75&ext=jpg&ccb=3-5&_nc_hash=AQHIcs-yFHKMLHbE,16894,https://facebook.com/MightyCaster/posts/3873006169465180,3873006169465180,"‡πÅ‡∏ñ‡∏° ‡πÜ ‡πÜ‡πÜ ‡πÜ ‡πÜ ‡πÜ ‡πÜ ‡πÜ‡πÜ ‡πÜ

‡πÅ‡∏ñ‡∏° ‡πÜ ‡πÜ‡πÜ ‡πÜ ‡πÜ ‡πÜ ‡πÜ ‡πÜ‡πÜ ‡πÜ

YOUTUBE.COM
‡πÅ‡∏ñ‡∏° ‡πÜ ‡πÜ ‡πÜ ‡πÜ ‡πÜ ‡πÜ - Days Gone On PC - Part 22 (‡πÅ‡∏ñ‡∏° ‡πÜ ‡πÜ ‡πÜ)
‡∏≠‡∏¢‡πà‡∏≤‡∏•‡∏∑‡∏°‡∏Å‡∏î‡∏ï‡∏¥‡∏î‡∏ï‡∏≤‡∏°‡πÅ‡∏•‡∏∞‡∏Å‡∏î‡∏Å‡∏£‡∏∞‡∏î‡∏¥‡πà‡∏á‡πÑ‡∏ß‡πâ‡∏î‡πâ‡∏ß‡∏¢‡∏ô‡∏∞‡∏Ñ‡∏£‡∏±‡∏ö ‡πÄ‡∏î‡∏µ‡πã‡∏¢‡∏ß‡∏û‡∏•‡∏≤‡∏î‡∏Ñ‡∏•‡∏¥‡∏õ‡πÉ‡∏´‡∏°‡πà‡πÜ ‡∏ô‡∏∞‡∏£‡∏±‡∏ö‡∏ô‡∏Å‡∏≠‡πâ‡∏ß‡∏ô‡πÑ‡∏õ‡πÄ‡∏•‡∏µ‡πâ‡∏¢‡∏á : https://www.youtube.com/channel/UC4plRabXFGdAE6HP-tBQKdQ/join...",positive,"['‡πÅ‡∏ñ‡∏°', '‡πÅ‡∏ñ‡∏°', '‡πÅ‡∏ñ‡∏°', '‡πÅ‡∏ñ‡∏°', '‡∏≠‡∏¢‡πà‡∏≤', '‡∏ï‡∏¥‡∏î‡∏ï‡∏≤‡∏°']","['‡∏•‡∏∑‡∏°', '‡∏≠‡πâ‡∏ß‡∏ô']"
23,Heartrocker,207,2021-06-15 12:51:22,https://i.ytimg.com/vi/fTSJfAwFqkA/maxresdefault.jpg,https://external.fbkk12-4.fna.fbcdn.net/safe_image.php?d=AQFzwN-n2eEl6KNI&w=476&h=249&url=https%3A%2F%2Fi.ytimg.com%2Fvi%2FfTSJfAwFqkA%2Fmaxresdefault.jpg&cfs=1&jq=75&ext=jpg&ccb=3-5&_nc_hash=AQEPUglPnKSIbQLs,18258,https://facebook.com/MightyCaster/posts/3872340459531751,3872340459531751,"‡∏´‡∏≤‡∏¢‡∏Ñ‡∏¥‡∏î‡∏ñ‡∏∂‡∏á‡πÑ‡∏î‡πâ‡πÅ‡∏õ‡∏ö‡πÄ‡∏î‡∏µ‡∏¢‡∏ß‡πÄ‡∏≠‡∏á ‡∏à‡∏ö‡πÅ‡∏´‡∏•‡πà‡∏ß‡∏ß‡∏ß

‡∏´‡∏≤‡∏¢‡∏Ñ‡∏¥‡∏î‡∏ñ‡∏∂‡∏á‡πÑ‡∏î‡πâ‡πÅ‡∏õ‡∏ö‡πÄ‡∏î‡∏µ‡∏¢‡∏ß‡πÄ‡∏≠‡∏á ‡∏à‡∏ö‡πÅ‡∏´‡∏•‡πà‡∏ß‡∏ß‡∏ß

YOUTUBE.COM
‡∏ó‡πà‡∏≤‡∏°‡∏Å‡∏•‡∏≤‡∏á‡∏Å‡∏≠‡∏á‡πÑ‡∏ü ‡πÉ‡∏Ñ‡∏£‡∏≠‡∏¢‡∏π‡πà‡∏Å‡∏±‡∏ö‡πÄ‡∏£‡∏≤ - FINAL FANTASY VII Remake Yuffie #4 (‡∏ï‡∏≠‡∏ô‡∏à‡∏ö+‡∏â‡∏≤‡∏Å‡∏õ‡∏π Part 2)
‡∏≠‡∏¢‡πà‡∏≤‡∏•‡∏∑‡∏°‡∏Å‡∏î‡∏ï‡∏¥‡∏î‡∏ï‡∏≤‡∏°‡πÅ‡∏•‡∏∞‡∏Å‡∏î‡∏Å‡∏£‡∏∞‡∏î‡∏¥‡πà‡∏á‡πÑ‡∏ß‡πâ‡∏î‡πâ‡∏ß‡∏¢‡∏ô‡∏∞‡∏Ñ‡∏£‡∏±‡∏ö ‡πÄ‡∏î‡∏µ‡πã‡∏¢‡∏ß‡∏û‡∏•‡∏≤‡∏î‡∏Ñ‡∏•‡∏¥‡∏õ‡πÉ‡∏´‡∏°‡πà‡πÜ ‡∏ô‡∏∞‡∏£‡∏±‡∏ö‡∏ô‡∏Å‡∏≠‡πâ‡∏ß‡∏ô‡πÑ‡∏õ‡πÄ‡∏•‡∏µ‡πâ‡∏¢‡∏á : https://www.youtube.com/channel/UC4plRabXFGdAE6HP-tBQKdQ/join...",positive,"['‡∏Ñ‡∏¥‡∏î‡∏ñ‡∏∂‡∏á', '‡∏Ñ‡∏¥‡∏î‡∏ñ‡∏∂‡∏á', '‡∏≠‡∏¢‡πà‡∏≤', '‡∏ï‡∏¥‡∏î‡∏ï‡∏≤‡∏°']","['‡∏•‡∏∑‡∏°', '‡∏≠‡πâ‡∏ß‡∏ô']"
24,Heartrocker,298,2021-06-14 13:54:29,https://i.ytimg.com/vi/UBnopMeQc-I/maxresdefault.jpg,https://external.fbkk12-4.fna.fbcdn.net/safe_image.php?d=AQGU6pG5aQzYy7Gb&w=476&h=249&url=https%3A%2F%2Fi.ytimg.com%2Fvi%2FUBnopMeQc-I%2Fmaxresdefault.jpg&cfs=1&jq=75&ext=jpg&ccb=3-5&_nc_hash=AQFqPH-Da_xERmFr,16318,https://facebook.com/MightyCaster/posts/3869927749773022,3869927749773022,"‡∏à‡∏ö‡πÅ‡∏•‡πâ‡∏ß‡∏Ñ‡∏£‡∏±‡∏ö ‡πÄ‡∏î‡∏µ‡πã‡∏¢‡∏ß‡∏°‡∏µ‡∏Ñ‡∏•‡∏¥‡∏õ‡πÅ‡∏ñ‡∏° ‡∏°‡∏±‡∏ô‡πÄ‡∏≠‡∏≤‡∏°‡∏≤‡πÉ‡∏™‡πà‡πÉ‡∏ô‡∏û‡∏≤‡∏£‡πå‡∏ó‡∏ô‡∏µ‡πâ‡πÑ‡∏°‡πà‡πÑ‡∏î‡πâ‡πÄ‡∏î‡∏µ‡πã‡∏¢‡∏ß‡πÄ‡∏Å‡∏¥‡∏ô‡πÄ‡∏ß‡∏•‡∏≤‡∏Ñ‡∏•‡∏¥‡∏õ 55555555555

‡∏à‡∏ö‡πÅ‡∏•‡πâ‡∏ß‡∏Ñ‡∏£‡∏±‡∏ö ‡πÄ‡∏î‡∏µ‡πã‡∏¢‡∏ß‡∏°‡∏µ‡∏Ñ‡∏•‡∏¥‡∏õ‡πÅ‡∏ñ‡∏° ‡∏°‡∏±‡∏ô‡πÄ‡∏≠‡∏≤‡∏°‡∏≤‡πÉ‡∏™‡πà‡πÉ‡∏ô‡∏û‡∏≤‡∏£‡πå‡∏ó‡∏ô‡∏µ‡πâ‡πÑ‡∏°‡πà‡πÑ‡∏î‡πâ‡πÄ‡∏î‡∏µ‡πã‡∏¢‡∏ß‡πÄ‡∏Å‡∏¥‡∏ô‡πÄ‡∏ß‡∏•‡∏≤‡∏Ñ‡∏•‡∏¥‡∏õ 55555555555

YOUTUBE.COM
‡πÄ‡∏£‡∏¥‡πà‡∏°‡∏ï‡πâ‡∏ô‡∏Å‡∏±‡∏ô‡πÉ‡∏´‡∏°‡πà ‡∏Ç‡∏≠‡πÉ‡∏à‡∏≠‡∏¢‡πà‡∏≤‡∏ó‡πâ‡∏≠ - Days Gone On PC - Part 21 (‡∏ï‡∏≠‡∏ô‡∏à‡∏ö)
‡∏≠‡∏¢‡πà‡∏≤‡∏•‡∏∑‡∏°‡∏Å‡∏î‡∏ï‡∏¥‡∏î‡∏ï‡∏≤‡∏°‡πÅ‡∏•‡∏∞‡∏Å‡∏î‡∏Å‡∏£‡∏∞‡∏î‡∏¥‡πà‡∏á‡πÑ‡∏ß‡πâ‡∏î‡πâ‡∏ß‡∏¢‡∏ô‡∏∞‡∏Ñ‡∏£‡∏±‡∏ö ‡πÄ‡∏î‡∏µ‡πã‡∏¢‡∏ß‡∏û‡∏•‡∏≤‡∏î‡∏Ñ‡∏•‡∏¥‡∏õ‡πÉ‡∏´‡∏°‡πà‡πÜ ‡∏ô‡∏∞‡∏£‡∏±‡∏ö‡∏ô‡∏Å‡∏≠‡πâ‡∏ß‡∏ô‡πÑ‡∏õ‡πÄ‡∏•‡∏µ‡πâ‡∏¢‡∏á : https://www.youtube.com/channel/UC4plRabXFGdAE6HP-tBQKdQ/join...",negative,"['‡πÅ‡∏ñ‡∏°', '‡πÅ‡∏ñ‡∏°', '‡∏≠‡∏¢‡πà‡∏≤', '‡∏≠‡∏¢‡πà‡∏≤', '‡∏ï‡∏¥‡∏î‡∏ï‡∏≤‡∏°']","['‡πÄ‡∏Å‡∏¥‡∏ô', '‡πÄ‡∏Å‡∏¥‡∏ô', '‡∏ó‡πâ‡∏≠', '‡∏•‡∏∑‡∏°', '‡∏≠‡πâ‡∏ß‡∏ô']"
25,Heartrocker,215,2021-06-13 19:57:14,https://i.ytimg.com/vi/OazD7a3Bff0/maxresdefault_live.jpg,https://external.fbkk12-4.fna.fbcdn.net/safe_image.php?d=AQGp2yjQFjZ-8mPP&w=476&h=249&url=https%3A%2F%2Fi.ytimg.com%2Fvi%2FOazD7a3Bff0%2Fmaxresdefault_live.jpg&cfs=1&jq=75&ext=jpg&ccb=3-5&_nc_hash=AQGQn13d0p3LAewX,15469,https://facebook.com/MightyCaster/posts/3868026759963121,3868026759963121,"‡∏°‡∏≤‡∏Ñ‡∏£‡∏±‡∏ö

‡∏°‡∏≤‡∏Ñ‡∏£‡∏±‡∏ö

YOUTUBE.COM
LIVE - ‡∏î‡∏ö‡∏î‡∏•‡∏õ‡∏µ2021 ‡πÇ‡∏î‡∏¢‡∏ú‡∏π‡πâ‡πÄ‡∏•‡πà‡∏ô2017 ‡∏ï‡∏≠‡∏ô‡∏ó‡∏µ‡πà 6
‡∏≠‡∏¢‡πà‡∏≤‡∏•‡∏∑‡∏°‡∏Å‡∏î‡∏ï‡∏¥‡∏î‡∏ï‡∏≤‡∏°‡πÅ‡∏•‡∏∞‡∏Å‡∏î‡∏Å‡∏£‡∏∞‡∏î‡∏¥‡πà‡∏á‡πÑ‡∏ß‡πâ‡∏î‡πâ‡∏ß‡∏¢‡∏ô‡∏∞‡∏Ñ‡∏£‡∏±‡∏ö ‡πÄ‡∏î‡∏µ‡πã‡∏¢‡∏ß‡∏û‡∏•‡∏≤‡∏î‡∏Ñ‡∏•‡∏¥‡∏õ‡πÉ‡∏´‡∏°‡πà‡πÜ ‡∏ô‡∏∞‡∏£‡∏±‡∏ö‡∏ô‡∏Å‡∏≠‡πâ‡∏ß‡∏ô‡πÑ‡∏õ‡πÄ‡∏•‡∏µ‡πâ‡∏¢‡∏á : https://www.youtube.com/channel/UC4plRabXFGdAE6HP-tBQKdQ/join...",positive,"['‡πÄ‡∏•‡πà‡∏ô', '‡∏≠‡∏¢‡πà‡∏≤', '‡∏ï‡∏¥‡∏î‡∏ï‡∏≤‡∏°']","['‡∏•‡∏∑‡∏°', '‡∏≠‡πâ‡∏ß‡∏ô']"
26,Heartrocker,192,2021-06-12 19:41:29,https://i.ytimg.com/vi/MeWqwzIRtnA/maxresdefault.jpg,https://external.fbkk12-4.fna.fbcdn.net/safe_image.php?d=AQGIiUBRpKtXPI5W&w=476&h=249&url=https%3A%2F%2Fi.ytimg.com%2Fvi%2FMeWqwzIRtnA%2Fmaxresdefault.jpg&cfs=1&jq=75&ext=jpg&ccb=3-5&_nc_hash=AQF7bYtZGAldaCLJ,15944,https://facebook.com/MightyCaster/posts/3865480096884454,3865480096884454,"‡∏™‡∏£‡∏∏‡∏õ‡πÑ‡∏°‡πà‡∏°‡∏µ‡πÉ‡∏Ñ‡∏£‡∏£‡∏π‡πâ‡∏à‡∏±‡∏Å‡πÉ‡∏Ñ‡∏£

‡∏™‡∏£‡∏∏‡∏õ‡πÑ‡∏°‡πà‡∏°‡∏µ‡πÉ‡∏Ñ‡∏£‡∏£‡∏π‡πâ‡∏à‡∏±‡∏Å‡πÉ‡∏Ñ‡∏£

YOUTUBE.COM
‡πÑ‡∏°‡πà‡∏£‡∏π‡πâ‡∏à‡∏±‡∏Å‡πÉ‡∏Ñ‡∏£ ‡πÑ‡∏°‡πà‡∏°‡∏µ‡πÉ‡∏Ñ‡∏£‡∏£‡∏π‡πâ‡∏à‡∏±‡∏Å‡πÄ‡∏£‡∏≤ - FINAL FANTASY VII Remake Yuffie #3
‡∏≠‡∏¢‡πà‡∏≤‡∏•‡∏∑‡∏°‡∏Å‡∏î‡∏ï‡∏¥‡∏î‡∏ï‡∏≤‡∏°‡πÅ‡∏•‡∏∞‡∏Å‡∏î‡∏Å‡∏£‡∏∞‡∏î‡∏¥‡πà‡∏á‡πÑ‡∏ß‡πâ‡∏î‡πâ‡∏ß‡∏¢‡∏ô‡∏∞‡∏Ñ‡∏£‡∏±‡∏ö ‡πÄ‡∏î‡∏µ‡πã‡∏¢‡∏ß‡∏û‡∏•‡∏≤‡∏î‡∏Ñ‡∏•‡∏¥‡∏õ‡πÉ‡∏´‡∏°‡πà‡πÜ ‡∏ô‡∏∞‡∏£‡∏±‡∏ö‡∏ô‡∏Å‡∏≠‡πâ‡∏ß‡∏ô‡πÑ‡∏õ‡πÄ‡∏•‡∏µ‡πâ‡∏¢‡∏á : https://www.youtube.com/channel/UC4plRabXFGdAE6HP-tBQKdQ/join...",neutral,"['‡∏≠‡∏¢‡πà‡∏≤', '‡∏ï‡∏¥‡∏î‡∏ï‡∏≤‡∏°']","['‡∏•‡∏∑‡∏°', '‡∏≠‡πâ‡∏ß‡∏ô']"
27,Heartrocker,277,2021-06-12 10:58:49,https://i.ytimg.com/vi/mQZ0tInbuP4/maxresdefault.jpg,https://external.fbkk12-4.fna.fbcdn.net/safe_image.php?d=AQEqJRTtdie8TXiT&w=476&h=249&url=https%3A%2F%2Fi.ytimg.com%2Fvi%2FmQZ0tInbuP4%2Fmaxresdefault.jpg&cfs=1&jq=75&ext=jpg&ccb=3-5&_nc_hash=AQFoeetx8j0hJgdg,16293,https://facebook.com/MightyCaster/posts/3864606413638489,3864606413638489,"‡∏ô‡∏≤‡∏ô ‡πÜ ‡∏ó‡∏µ‡∏à‡∏∞‡∏°‡∏µ‡πÄ‡∏Å‡∏°‡∏ó‡∏µ‡πà‡πÄ‡∏Ç‡πâ‡∏≤‡∏û‡∏≤‡∏£‡πå‡∏ó‡∏¢‡∏µ‡πà‡∏™‡∏¥‡∏ö ‡πÑ‡∏õ‡∏•‡∏∏‡∏¢

‡∏ô‡∏≤‡∏ô ‡πÜ ‡∏ó‡∏µ‡∏à‡∏∞‡∏°‡∏µ‡πÄ‡∏Å‡∏°‡∏ó‡∏µ‡πà‡πÄ‡∏Ç‡πâ‡∏≤‡∏û‡∏≤‡∏£‡πå‡∏ó‡∏¢‡∏µ‡πà‡∏™‡∏¥‡∏ö ‡πÑ‡∏õ‡∏•‡∏∏‡∏¢

YOUTUBE.COM
‡πÑ‡∏ü‡πÅ‡∏Ñ‡πâ‡∏ô‡∏£‡πâ‡∏≠‡∏ô‡∏£‡∏ô ‡∏ñ‡∏ô‡∏ô‡πÇ‡∏•‡∏Å‡∏±‡∏ô‡∏ï‡πå - Days Gone On PC - Part 20
‡∏≠‡∏¢‡πà‡∏≤‡∏•‡∏∑‡∏°‡∏Å‡∏î‡∏ï‡∏¥‡∏î‡∏ï‡∏≤‡∏°‡πÅ‡∏•‡∏∞‡∏Å‡∏î‡∏Å‡∏£‡∏∞‡∏î‡∏¥‡πà‡∏á‡πÑ‡∏ß‡πâ‡∏î‡πâ‡∏ß‡∏¢‡∏ô‡∏∞‡∏Ñ‡∏£‡∏±‡∏ö ‡πÄ‡∏î‡∏µ‡πã‡∏¢‡∏ß‡∏û‡∏•‡∏≤‡∏î‡∏Ñ‡∏•‡∏¥‡∏õ‡πÉ‡∏´‡∏°‡πà‡πÜ ‡∏ô‡∏∞‡∏£‡∏±‡∏ö‡∏ô‡∏Å‡∏≠‡πâ‡∏ß‡∏ô‡πÑ‡∏õ‡πÄ‡∏•‡∏µ‡πâ‡∏¢‡∏á : https://www.youtube.com/channel/UC4plRabXFGdAE6HP-tBQKdQ/join...",negative,"['‡∏≠‡∏¢‡πà‡∏≤', '‡∏ï‡∏¥‡∏î‡∏ï‡∏≤‡∏°']","['‡πÅ‡∏Ñ‡πâ‡∏ô', '‡∏•‡∏∑‡∏°', '‡∏≠‡πâ‡∏ß‡∏ô']"
28,Heartrocker,191,2021-06-11 20:56:37,https://i.ytimg.com/vi/caQUJde6kf0/maxresdefault.jpg,https://external.fbkk12-4.fna.fbcdn.net/safe_image.php?d=AQHw3FWukgNaQYu8&w=476&h=249&url=https%3A%2F%2Fi.ytimg.com%2Fvi%2FcaQUJde6kf0%2Fmaxresdefault.jpg&cfs=1&jq=75&ext=jpg&ccb=3-5&_nc_hash=AQGXSzzTPUEhkqcH,17386,https://facebook.com/MightyCaster/posts/3863028240462973,3863028240462973,"‡∏õ‡πà‡∏ß‡∏ô‡∏ï‡πà‡∏≠‡∏û‡∏≤‡∏£‡πå‡∏ó‡∏™‡∏≠‡∏á‡∏™‡∏∏‡∏î‡∏°‡∏±‡∏ô‡∏™‡πå

‡∏õ‡πà‡∏ß‡∏ô‡∏ï‡πà‡∏≠‡∏û‡∏≤‡∏£‡πå‡∏ó‡∏™‡∏≠‡∏á‡∏™‡∏∏‡∏î‡∏°‡∏±‡∏ô‡∏™‡πå

YOUTUBE.COM
‡∏ó‡∏≥‡∏≠‡∏∞‡πÑ‡∏£‡πÄ‡∏Å‡∏£‡∏á‡πÉ‡∏à‡∏û‡∏µ‡πà‡∏î‡πâ‡∏ß‡∏¢! - FINAL FANTASY VII Remake Yuffie #2
‡∏≠‡∏¢‡πà‡∏≤‡∏•‡∏∑‡∏°‡∏Å‡∏î‡∏ï‡∏¥‡∏î‡∏ï‡∏≤‡∏°‡πÅ‡∏•‡∏∞‡∏Å‡∏î‡∏Å‡∏£‡∏∞‡∏î‡∏¥‡πà‡∏á‡πÑ‡∏ß‡πâ‡∏î‡πâ‡∏ß‡∏¢‡∏ô‡∏∞‡∏Ñ‡∏£‡∏±‡∏ö ‡πÄ‡∏î‡∏µ‡πã‡∏¢‡∏ß‡∏û‡∏•‡∏≤‡∏î‡∏Ñ‡∏•‡∏¥‡∏õ‡πÉ‡∏´‡∏°‡πà‡πÜ ‡∏ô‡∏∞‡∏£‡∏±‡∏ö‡∏ô‡∏Å‡∏≠‡πâ‡∏ß‡∏ô‡πÑ‡∏õ‡πÄ‡∏•‡∏µ‡πâ‡∏¢‡∏á : https://www.youtube.com/channel/UC4plRabXFGdAE6HP-tBQKdQ/join...",negative,"['‡∏≠‡∏¢‡πà‡∏≤', '‡∏ï‡∏¥‡∏î‡∏ï‡∏≤‡∏°']","['‡πÄ‡∏Å‡∏£‡∏á‡πÉ‡∏à', '‡∏•‡∏∑‡∏°', '‡∏≠‡πâ‡∏ß‡∏ô']"
29,Heartrocker,166,2021-06-11 11:22:50,https://i.ytimg.com/vi/zBoTeLX2XM0/maxresdefault.jpg,https://external.fbkk12-4.fna.fbcdn.net/safe_image.php?d=AQEY1D-gFWejl05M&w=476&h=249&url=https%3A%2F%2Fi.ytimg.com%2Fvi%2FzBoTeLX2XM0%2Fmaxresdefault.jpg&cfs=1&jq=75&ext=jpg&ccb=3-5&_nc_hash=AQEk-ELZh5Js3TEr,14302,https://facebook.com/MightyCaster/posts/3862006493898481,3862006493898481,"‡∏î‡∏µ‡∏Ñ‡∏≠‡∏ô‡∏™‡∏ï‡∏£‡∏±‡∏Ñ‡∏ä‡∏±‡πà‡∏ô‡∏û‡∏≤‡∏£‡πå‡∏ó‡∏™‡∏¥‡∏ö‡πÄ‡∏Å‡πâ‡∏≤‡πÅ‡∏•‡πâ‡∏ß‡πÄ‡∏î‡πâ‡∏≠

‡∏î‡∏µ‡∏Ñ‡∏≠‡∏ô‡∏™‡∏ï‡∏£‡∏±‡∏Ñ‡∏ä‡∏±‡πà‡∏ô‡∏û‡∏≤‡∏£‡πå‡∏ó‡∏™‡∏¥‡∏ö‡πÄ‡∏Å‡πâ‡∏≤‡πÅ‡∏•‡πâ‡∏ß‡πÄ‡∏î‡πâ‡∏≠

YOUTUBE.COM
‡πÄ‡∏™‡πâ‡∏ô‡∏ó‡∏≤‡∏á‡∏Ç‡πâ‡∏≤‡∏á‡∏´‡∏ô‡πâ‡∏≤ ‡∏ö‡∏≤‡∏á‡∏Ñ‡∏£‡∏≤‡∏ï‡πâ‡∏≠‡∏á‡∏ä‡∏ô - Days Gone On PC - Part 19
‡∏≠‡∏¢‡πà‡∏≤‡∏•‡∏∑‡∏°‡∏Å‡∏î‡∏ï‡∏¥‡∏î‡∏ï‡∏≤‡∏°‡πÅ‡∏•‡∏∞‡∏Å‡∏î‡∏Å‡∏£‡∏∞‡∏î‡∏¥‡πà‡∏á‡πÑ‡∏ß‡πâ‡∏î‡πâ‡∏ß‡∏¢‡∏ô‡∏∞‡∏Ñ‡∏£‡∏±‡∏ö ‡πÄ‡∏î‡∏µ‡πã‡∏¢‡∏ß‡∏û‡∏•‡∏≤‡∏î‡∏Ñ‡∏•‡∏¥‡∏õ‡πÉ‡∏´‡∏°‡πà‡πÜ ‡∏ô‡∏∞‡∏£‡∏±‡∏ö‡∏ô‡∏Å‡∏≠‡πâ‡∏ß‡∏ô‡πÑ‡∏õ‡πÄ‡∏•‡∏µ‡πâ‡∏¢‡∏á : https://www.youtube.com/channel/UC4plRabXFGdAE6HP-tBQKdQ/join...",positive,"['‡∏î‡∏µ', '‡∏î‡∏µ', '‡∏≠‡∏¢‡πà‡∏≤', '‡∏ï‡∏¥‡∏î‡∏ï‡∏≤‡∏°']","['‡∏•‡∏∑‡∏°', '‡∏≠‡πâ‡∏ß‡∏ô']"
30,Heartrocker,495,2021-06-10 19:54:01,https://i.ytimg.com/vi/pgF5JgiRhxY/maxresdefault.jpg,https://external.fbkk12-4.fna.fbcdn.net/safe_image.php?d=AQFFu1OpfKRiUwAA&w=476&h=249&url=https%3A%2F%2Fi.ytimg.com%2Fvi%2FpgF5JgiRhxY%2Fmaxresdefault.jpg&cfs=1&jq=75&ext=jpg&ccb=3-5&_nc_hash=AQHAq4l7Skoy0SsA,26993,https://facebook.com/MightyCaster/posts/3860298190735978,3860298190735978,"‡∏ï‡∏±‡∏ß‡∏õ‡πà‡∏ß‡∏ô‡∏°‡∏≤‡∏ñ‡∏∂‡∏á‡∏°‡∏¥‡∏î‡∏Å‡∏≤‡∏£‡πå‡πÅ‡∏•‡πâ‡∏ß

‡∏ï‡∏±‡∏ß‡∏õ‡πà‡∏ß‡∏ô‡∏°‡∏≤‡∏ñ‡∏∂‡∏á‡∏°‡∏¥‡∏î‡∏Å‡∏≤‡∏£‡πå‡πÅ‡∏•‡πâ‡∏ß

YOUTUBE.COM
‡∏ï‡∏±‡∏ß‡∏õ‡πà‡∏ß‡∏ô‡∏°‡∏≤‡∏ñ‡∏∂‡∏á‡πÅ‡∏•‡πâ‡∏ß! - FINAL FANTASY VII Remake Yuffie #1
‡∏≠‡∏¢‡πà‡∏≤‡∏•‡∏∑‡∏°‡∏Å‡∏î‡∏ï‡∏¥‡∏î‡∏ï‡∏≤‡∏°‡πÅ‡∏•‡∏∞‡∏Å‡∏î‡∏Å‡∏£‡∏∞‡∏î‡∏¥‡πà‡∏á‡πÑ‡∏ß‡πâ‡∏î‡πâ‡∏ß‡∏¢‡∏ô‡∏∞‡∏Ñ‡∏£‡∏±‡∏ö ‡πÄ‡∏î‡∏µ‡πã‡∏¢‡∏ß‡∏û‡∏•‡∏≤‡∏î‡∏Ñ‡∏•‡∏¥‡∏õ‡πÉ‡∏´‡∏°‡πà‡πÜ ‡∏ô‡∏∞‡∏£‡∏±‡∏ö‡∏ô‡∏Å‡∏≠‡πâ‡∏ß‡∏ô‡πÑ‡∏õ‡πÄ‡∏•‡∏µ‡πâ‡∏¢‡∏á : https://www.youtube.com/channel/UC4plRabXFGdAE6HP-tBQKdQ/join...",neutral,"['‡∏≠‡∏¢‡πà‡∏≤', '‡∏ï‡∏¥‡∏î‡∏ï‡∏≤‡∏°']","['‡∏•‡∏∑‡∏°', '‡∏≠‡πâ‡∏ß‡∏ô']"
31,Heartrocker,395,2021-06-10 11:16:13,https://i.ytimg.com/vi/xEq2yzXhPZk/maxresdefault.jpg,https://external.fbkk12-4.fna.fbcdn.net/safe_image.php?d=AQHV1JPcv3NoEdvS&w=476&h=249&url=https%3A%2F%2Fi.ytimg.com%2Fvi%2FxEq2yzXhPZk%2Fmaxresdefault.jpg&cfs=1&jq=75&ext=jpg&ccb=3-5&_nc_hash=AQEMvHCxF6GhMTCa,19923,https://facebook.com/MightyCaster/posts/3859381107494353,3859381107494353,"‡πÄ‡∏Ç‡∏µ‡∏¢‡∏î‡∏ú‡∏•‡∏±‡∏î‡∏Ç‡∏ô‡πÑ‡∏î‡πâ‡∏´‡∏£‡∏∑‡∏≠‡πÑ‡∏°‡πà ‡∏•‡∏≠‡∏á‡∏°‡∏≤‡∏´‡∏≤‡∏Ñ‡∏≥‡∏ï‡∏≠‡∏ö‡πÑ‡∏î‡πâ‡∏ó‡∏µ‡πà‡∏≠‡∏∑‡πà‡∏ô ‡πÑ‡∏°‡πà‡πÉ‡∏ä‡πà‡∏ó‡∏µ‡πà‡∏ô‡∏µ‡πà

‡πÄ‡∏Ç‡∏µ‡∏¢‡∏î‡∏ú‡∏•‡∏±‡∏î‡∏Ç‡∏ô‡πÑ‡∏î‡πâ‡∏´‡∏£‡∏∑‡∏≠‡πÑ‡∏°‡πà ‡∏•‡∏≠‡∏á‡∏°‡∏≤‡∏´‡∏≤‡∏Ñ‡∏≥‡∏ï‡∏≠‡∏ö‡πÑ‡∏î‡πâ‡∏ó‡∏µ‡πà‡∏≠‡∏∑‡πà‡∏ô ‡πÑ‡∏°‡πà‡πÉ‡∏ä‡πà‡∏ó‡∏µ‡πà‡∏ô‡∏µ‡πà

YOUTUBE.COM
‡∏≠‡∏¢‡πà‡∏≤‡∏°‡∏≤‡∏¢‡∏±‡∏î‡πÄ‡∏¢‡∏µ‡∏¢‡∏î ‡∏°‡∏µ‡πÄ‡∏Ç‡∏µ‡∏¢‡∏î‡∏ú‡∏•‡∏±‡∏î‡∏Ç‡∏ô - Days Gone On PC - Part 18(‡∏Ñ‡∏¥‡∏î‡∏Å‡∏•‡∏≠‡∏ô‡πÑ‡∏°‡πà‡∏≠‡∏≠‡∏Å‡∏†‡∏≤‡∏Ñ3)
‡∏≠‡∏¢‡πà‡∏≤‡∏•‡∏∑‡∏°‡∏Å‡∏î‡∏ï‡∏¥‡∏î‡∏ï‡∏≤‡∏°‡πÅ‡∏•‡∏∞‡∏Å‡∏î‡∏Å‡∏£‡∏∞‡∏î‡∏¥‡πà‡∏á‡πÑ‡∏ß‡πâ‡∏î‡πâ‡∏ß‡∏¢‡∏ô‡∏∞‡∏Ñ‡∏£‡∏±‡∏ö ‡πÄ‡∏î‡∏µ‡πã‡∏¢‡∏ß‡∏û‡∏•‡∏≤‡∏î‡∏Ñ‡∏•‡∏¥‡∏õ‡πÉ‡∏´‡∏°‡πà‡πÜ ‡∏ô‡∏∞‡∏£‡∏±‡∏ö‡∏ô‡∏Å‡∏≠‡πâ‡∏ß‡∏ô‡πÑ‡∏õ‡πÄ‡∏•‡∏µ‡πâ‡∏¢‡∏á : https://www.youtube.com/channel/UC4plRabXFGdAE6HP-tBQKdQ/join...",positive,"['‡∏≠‡∏¢‡πà‡∏≤', '‡∏≠‡∏¢‡πà‡∏≤', '‡∏ï‡∏¥‡∏î‡∏ï‡∏≤‡∏°']","['‡∏•‡∏∑‡∏°', '‡∏≠‡πâ‡∏ß‡∏ô']"
32,Heartrocker,283,2021-06-09 13:55:20,https://i.ytimg.com/vi/r9C_hOAe6co/maxresdefault.jpg,https://external.fbkk12-4.fna.fbcdn.net/safe_image.php?d=AQEaSP4pZnGU1jnA&w=476&h=249&url=https%3A%2F%2Fi.ytimg.com%2Fvi%2Fr9C_hOAe6co%2Fmaxresdefault.jpg&cfs=1&jq=75&ext=jpg&ccb=3-5&_nc_hash=AQFaz0k9g71alWJ6,17467,https://facebook.com/MightyCaster/posts/3856954217737042,3856954217737042,"‡∏≠‡∏¢‡πà‡∏≤‡∏•‡∏∑‡∏°‡∏°‡∏°‡∏°‡∏°‡∏°‡∏°‡∏°‡∏°‡∏°‡∏°‡∏°‡∏°

‡∏≠‡∏¢‡πà‡∏≤‡∏•‡∏∑‡∏°‡∏°‡∏°‡∏°‡∏°‡∏°‡∏°‡∏°‡∏°‡∏°‡∏°‡∏°‡∏°

YOUTUBE.COM
‡∏Ç‡∏≠‡∏ñ‡∏≤‡∏°‡πÑ‡∏î‡πâ‡πÑ‡∏´‡∏° ‡∏´‡∏≤‡∏Å‡πÑ‡∏°‡πà‡∏£‡∏±‡∏á‡πÄ‡∏Å‡∏µ‡∏¢‡∏à - Days Gone On PC - Part 17
‡∏≠‡∏¢‡πà‡∏≤‡∏•‡∏∑‡∏°‡∏Å‡∏î‡∏ï‡∏¥‡∏î‡∏ï‡∏≤‡∏°‡πÅ‡∏•‡∏∞‡∏Å‡∏î‡∏Å‡∏£‡∏∞‡∏î‡∏¥‡πà‡∏á‡πÑ‡∏ß‡πâ‡∏î‡πâ‡∏ß‡∏¢‡∏ô‡∏∞‡∏Ñ‡∏£‡∏±‡∏ö ‡πÄ‡∏î‡∏µ‡πã‡∏¢‡∏ß‡∏û‡∏•‡∏≤‡∏î‡∏Ñ‡∏•‡∏¥‡∏õ‡πÉ‡∏´‡∏°‡πà‡πÜ ‡∏ô‡∏∞‡∏£‡∏±‡∏ö‡∏ô‡∏Å‡∏≠‡πâ‡∏ß‡∏ô‡πÑ‡∏õ‡πÄ‡∏•‡∏µ‡πâ‡∏¢‡∏á : https://www.youtube.com/channel/UC4plRabXFGdAE6HP-tBQKdQ/join...",negative,"['‡∏≠‡∏¢‡πà‡∏≤', '‡∏≠‡∏¢‡πà‡∏≤', '‡∏≠‡∏¢‡πà‡∏≤', '‡∏ï‡∏¥‡∏î‡∏ï‡∏≤‡∏°']","['‡∏•‡∏∑‡∏°', '‡∏•‡∏∑‡∏°', '‡∏£‡∏±‡∏á‡πÄ‡∏Å‡∏µ‡∏¢‡∏à', '‡∏•‡∏∑‡∏°', '‡∏≠‡πâ‡∏ß‡∏ô']"
33,Heartrocker,233,2021-06-08 11:13:45,https://i.ytimg.com/vi/MhVV3lLv4MY/maxresdefault.jpg,https://external.fbkk12-4.fna.fbcdn.net/safe_image.php?d=AQH_ign1Rwdw2y00&w=476&h=249&url=https%3A%2F%2Fi.ytimg.com%2Fvi%2FMhVV3lLv4MY%2Fmaxresdefault.jpg&cfs=1&jq=75&ext=jpg&ccb=3-5&_nc_hash=AQGjYG4s1IhcN5jM,15931,https://facebook.com/MightyCaster/posts/3854020848030379,3854020848030379,"‡∏£‡πâ‡∏≠‡∏ô‡πÅ‡∏£‡∏á‡∏á‡∏á‡∏á‡∏á‡∏á‡∏á‡∏á‡∏á‡∏á‡∏á‡∏á‡∏á‡∏á‡∏á‡∏á‡∏á

‡∏£‡πâ‡∏≠‡∏ô‡πÅ‡∏£‡∏á‡∏á‡∏á‡∏á‡∏á‡∏á‡∏á‡∏á‡∏á‡∏á‡∏á‡∏á‡∏á‡∏á‡∏á‡∏á‡∏á

YOUTUBE.COM
‡∏™‡πà‡∏≠‡∏á‡∏Ç‡∏≠‡∏á‡∏ã‡πâ‡∏≥‡∏ã‡πâ‡∏≥ ‡∏ó‡∏≥‡∏¢‡∏±‡∏á‡πÑ‡∏á‡πÑ‡∏´‡∏ß - Days Gone On PC - Part 16
‡∏≠‡∏¢‡πà‡∏≤‡∏•‡∏∑‡∏°‡∏Å‡∏î‡∏ï‡∏¥‡∏î‡∏ï‡∏≤‡∏°‡πÅ‡∏•‡∏∞‡∏Å‡∏î‡∏Å‡∏£‡∏∞‡∏î‡∏¥‡πà‡∏á‡πÑ‡∏ß‡πâ‡∏î‡πâ‡∏ß‡∏¢‡∏ô‡∏∞‡∏Ñ‡∏£‡∏±‡∏ö ‡πÄ‡∏î‡∏µ‡πã‡∏¢‡∏ß‡∏û‡∏•‡∏≤‡∏î‡∏Ñ‡∏•‡∏¥‡∏õ‡πÉ‡∏´‡∏°‡πà‡πÜ ‡∏ô‡∏∞‡∏£‡∏±‡∏ö‡∏ô‡∏Å‡∏≠‡πâ‡∏ß‡∏ô‡πÑ‡∏õ‡πÄ‡∏•‡∏µ‡πâ‡∏¢‡∏á : https://www.youtube.com/channel/UC4plRabXFGdAE6HP-tBQKdQ/join...",negative,"['‡∏≠‡∏¢‡πà‡∏≤', '‡∏ï‡∏¥‡∏î‡∏ï‡∏≤‡∏°']","['‡∏á‡∏á', '‡∏á‡∏á', '‡∏á‡∏á', '‡∏á‡∏á', '‡∏á‡∏á', '‡∏á‡∏á', '‡∏á‡∏á', '‡∏á‡∏á', '‡∏á‡∏á', '‡∏á‡∏á', '‡∏á‡∏á', '‡∏á‡∏á', '‡∏á‡∏á', '‡∏á‡∏á', '‡∏á‡∏á', '‡∏á‡∏á', '‡∏ã‡πâ‡∏≥', '‡∏ã‡πâ‡∏≥', '‡∏•‡∏∑‡∏°', '‡∏≠‡πâ‡∏ß‡∏ô']"
34,Heartrocker,167,2021-06-07 11:52:52,https://i.ytimg.com/vi/gauPZiz5al0/maxresdefault.jpg,https://external.fbkk12-4.fna.fbcdn.net/safe_image.php?d=AQFrinc9ajiqpMJa&w=476&h=249&url=https%3A%2F%2Fi.ytimg.com%2Fvi%2FgauPZiz5al0%2Fmaxresdefault.jpg&cfs=1&jq=75&ext=jpg&ccb=3-5&_nc_hash=AQGZ0OkF1s8_aQEe,11021,https://facebook.com/MightyCaster/posts/3851207174978413,3851207174978413,"‡∏≠‡∏¢‡πà‡∏≤‡∏•‡∏∑‡∏°‡∏°‡∏°‡∏°‡∏°‡∏° ‡πÅ‡∏ä‡∏£‡πå‡∏Ñ‡∏•‡∏¥‡∏õ

‡∏≠‡∏¢‡πà‡∏≤‡∏•‡∏∑‡∏°‡∏°‡∏°‡∏°‡∏°‡∏° ‡πÅ‡∏ä‡∏£‡πå‡∏Ñ‡∏•‡∏¥‡∏õ

YOUTUBE.COM
‡∏Ç‡∏≠‡πÄ‡∏à‡∏≠‡∏™‡∏±‡∏Å‡∏Ñ‡∏£‡∏±‡πâ‡∏á ‡∏Å‡πà‡∏≠‡∏ô‡∏â‡∏±‡∏ô‡∏à‡∏∞‡πÑ‡∏õ - Days Gone On PC - Part 15
‡∏≠‡∏¢‡πà‡∏≤‡∏•‡∏∑‡∏°‡∏Å‡∏î‡∏ï‡∏¥‡∏î‡∏ï‡∏≤‡∏°‡πÅ‡∏•‡∏∞‡∏Å‡∏î‡∏Å‡∏£‡∏∞‡∏î‡∏¥‡πà‡∏á‡πÑ‡∏ß‡πâ‡∏î‡πâ‡∏ß‡∏¢‡∏ô‡∏∞‡∏Ñ‡∏£‡∏±‡∏ö ‡πÄ‡∏î‡∏µ‡πã‡∏¢‡∏ß‡∏û‡∏•‡∏≤‡∏î‡∏Ñ‡∏•‡∏¥‡∏õ‡πÉ‡∏´‡∏°‡πà‡πÜ ‡∏ô‡∏∞‡∏£‡∏±‡∏ö‡∏ô‡∏Å‡∏≠‡πâ‡∏ß‡∏ô‡πÑ‡∏õ‡πÄ‡∏•‡∏µ‡πâ‡∏¢‡∏á : https://www.youtube.com/channel/UC4plRabXFGdAE6HP-tBQKdQ/join...",positive,"['‡∏≠‡∏¢‡πà‡∏≤', '‡∏≠‡∏¢‡πà‡∏≤', '‡πÄ‡∏à‡∏≠', '‡∏≠‡∏¢‡πà‡∏≤', '‡∏ï‡∏¥‡∏î‡∏ï‡∏≤‡∏°']","['‡∏•‡∏∑‡∏°', '‡∏•‡∏∑‡∏°', '‡∏•‡∏∑‡∏°', '‡∏≠‡πâ‡∏ß‡∏ô']"
35,Heartrocker,223,2021-06-06 21:05:36,https://i.ytimg.com/vi/qjLpRxYQMnQ/maxresdefault_live.jpg,https://external.fbkk12-4.fna.fbcdn.net/safe_image.php?d=AQFxJ78SvYgH7pTr&w=476&h=249&url=https%3A%2F%2Fi.ytimg.com%2Fvi%2FqjLpRxYQMnQ%2Fmaxresdefault_live.jpg&cfs=1&jq=75&ext=jpg&ccb=3-5&_nc_hash=AQFFGhVHni7znFlT,13318,https://facebook.com/MightyCaster/posts/3849534238479040,3849534238479040,"‡∏ö‡∏£‡πä‡∏∞

‡∏ö‡∏£‡πä‡∏∞

YOUTUBE.COM
‡∏≠‡∏°‡πä‡∏á‡∏´‡∏°‡πà‡∏á‡πÄ‡∏´‡∏°‡∏µ‡∏¢‡∏ß‡∏´‡∏á‡πà‡∏≤‡∏ß
‡∏≠‡∏¢‡πà‡∏≤‡∏•‡∏∑‡∏°‡∏Å‡∏î‡∏ï‡∏¥‡∏î‡∏ï‡∏≤‡∏°‡πÅ‡∏•‡∏∞‡∏Å‡∏î‡∏Å‡∏£‡∏∞‡∏î‡∏¥‡πà‡∏á‡πÑ‡∏ß‡πâ‡∏î‡πâ‡∏ß‡∏¢‡∏ô‡∏∞‡∏Ñ‡∏£‡∏±‡∏ö ‡πÄ‡∏î‡∏µ‡πã‡∏¢‡∏ß‡∏û‡∏•‡∏≤‡∏î‡∏Ñ‡∏•‡∏¥‡∏õ‡πÉ‡∏´‡∏°‡πà‡πÜ ‡∏ô‡∏∞‡∏£‡∏±‡∏ö‡∏ô‡∏Å‡∏≠‡πâ‡∏ß‡∏ô‡πÑ‡∏õ‡πÄ‡∏•‡∏µ‡πâ‡∏¢‡∏á : https://www.youtube.com/channel/UC4plRabXFGdAE6HP-tBQKdQ/join...",neutral,"['‡∏≠‡∏¢‡πà‡∏≤', '‡∏ï‡∏¥‡∏î‡∏ï‡∏≤‡∏°']","['‡∏•‡∏∑‡∏°', '‡∏≠‡πâ‡∏ß‡∏ô']"
36,Heartrocker,145,2021-06-05 20:02:01,https://i.ytimg.com/vi/HGwCant3_v0/maxresdefault_live.jpg,https://external.fbkk12-4.fna.fbcdn.net/safe_image.php?d=AQHW6EITEc9FFr0k&w=476&h=249&url=https%3A%2F%2Fi.ytimg.com%2Fvi%2FHGwCant3_v0%2Fmaxresdefault_live.jpg&cfs=1&jq=75&ext=jpg&ccb=3-5&_nc_hash=AQFiK4r506H3Epxw,11055,https://facebook.com/MightyCaster/posts/3846729702092827,3846729702092827,"‡∏°‡∏≤‡∏¢‡∏∏‡∏á

‡∏°‡∏≤‡∏¢‡∏∏‡∏á

YOUTUBE.COM
LIVE - Apex Legends #20 - ‡πÄ‡∏Ñ‡∏≤‡∏∞‡∏™‡∏ô‡∏¥‡∏°‡∏ï‡∏≠‡∏ô‡∏ó‡∏µ‡πà‡πÅ‡∏õ‡∏î‡∏•‡πâ‡∏≤‡∏ô
‡∏≠‡∏¢‡πà‡∏≤‡∏•‡∏∑‡∏°‡∏Å‡∏î‡∏ï‡∏¥‡∏î‡∏ï‡∏≤‡∏°‡πÅ‡∏•‡∏∞‡∏Å‡∏î‡∏Å‡∏£‡∏∞‡∏î‡∏¥‡πà‡∏á‡πÑ‡∏ß‡πâ‡∏î‡πâ‡∏ß‡∏¢‡∏ô‡∏∞‡∏Ñ‡∏£‡∏±‡∏ö ‡πÄ‡∏î‡∏µ‡πã‡∏¢‡∏ß‡∏û‡∏•‡∏≤‡∏î‡∏Ñ‡∏•‡∏¥‡∏õ‡πÉ‡∏´‡∏°‡πà‡πÜ ‡∏ô‡∏∞‡∏£‡∏±‡∏ö‡∏ô‡∏Å‡∏≠‡πâ‡∏ß‡∏ô‡πÑ‡∏õ‡πÄ‡∏•‡∏µ‡πâ‡∏¢‡∏á : https://www.youtube.com/channel/UC4plRabXFGdAE6HP-tBQKdQ/join...",neutral,"['‡∏≠‡∏¢‡πà‡∏≤', '‡∏ï‡∏¥‡∏î‡∏ï‡∏≤‡∏°']","['‡∏•‡∏∑‡∏°', '‡∏≠‡πâ‡∏ß‡∏ô']"
37,Heartrocker,235,2021-06-05 12:35:30,https://i.ytimg.com/vi/VI8_AL6nWjE/maxresdefault.jpg,https://external.fbkk12-4.fna.fbcdn.net/safe_image.php?d=AQFXHns0rYCYWF89&w=476&h=249&url=https%3A%2F%2Fi.ytimg.com%2Fvi%2FVI8_AL6nWjE%2Fmaxresdefault.jpg&cfs=1&jq=75&l&ext=jpg&ccb=3-5&_nc_hash=AQHxjlHrSAtJSXAC,16849,https://facebook.com/MightyCaster/posts/3845908402174957,3845908402174957,"‡∏ä‡πà‡∏ß‡∏á‡∏´‡∏•‡∏±‡∏á‡∏°‡∏≤‡∏ô‡∏µ‡πà‡πÄ‡∏ô‡∏∑‡πâ‡∏≠‡πÄ‡∏£‡∏∑‡πà‡∏≠‡∏á‡πÄ‡∏Ç‡πâ‡∏°‡∏Ç‡πâ‡∏ô‡∏Ç‡∏∂‡πâ‡∏ô‡∏°‡∏≤‡∏Å‡∏Å‡∏Å

‡∏ä‡πà‡∏ß‡∏á‡∏´‡∏•‡∏±‡∏á‡∏°‡∏≤‡∏ô‡∏µ‡πà‡πÄ‡∏ô‡∏∑‡πâ‡∏≠‡πÄ‡∏£‡∏∑‡πà‡∏≠‡∏á‡πÄ‡∏Ç‡πâ‡∏°‡∏Ç‡πâ‡∏ô‡∏Ç‡∏∂‡πâ‡∏ô‡∏°‡∏≤‡∏Å‡∏Å‡∏Å

YOUTUBE.COM
‡∏ó‡∏≥‡∏Ç‡∏π‡πà‡∏Å‡∏£‡∏£‡πÇ‡∏ä‡∏Å ‡πÇ‡∏¢‡∏Å‡∏¢‡πâ‡∏≤‡∏¢‡∏Å‡∏±‡∏ô‡πÑ‡∏´‡∏° - Days Gone On PC - Part 14
‡∏≠‡∏¢‡πà‡∏≤‡∏•‡∏∑‡∏°‡∏Å‡∏î‡∏ï‡∏¥‡∏î‡∏ï‡∏≤‡∏°‡πÅ‡∏•‡∏∞‡∏Å‡∏î‡∏Å‡∏£‡∏∞‡∏î‡∏¥‡πà‡∏á‡πÑ‡∏ß‡πâ‡∏î‡πâ‡∏ß‡∏¢‡∏ô‡∏∞‡∏Ñ‡∏£‡∏±‡∏ö ‡πÄ‡∏î‡∏µ‡πã‡∏¢‡∏ß‡∏û‡∏•‡∏≤‡∏î‡∏Ñ‡∏•‡∏¥‡∏õ‡πÉ‡∏´‡∏°‡πà‡πÜ ‡∏ô‡∏∞‡∏£‡∏±‡∏ö‡∏ô‡∏Å‡∏≠‡πâ‡∏ß‡∏ô‡πÑ‡∏õ‡πÄ‡∏•‡∏µ‡πâ‡∏¢‡∏á : https://www.youtube.com/channel/UC4plRabXFGdAE6HP-tBQKdQ/join...",neutral,"['‡∏≠‡∏¢‡πà‡∏≤', '‡∏ï‡∏¥‡∏î‡∏ï‡∏≤‡∏°']","['‡∏•‡∏∑‡∏°', '‡∏≠‡πâ‡∏ß‡∏ô']"
38,Heartrocker,151,2021-06-04 22:27:04,https://i.ytimg.com/vi/iELfwLzhzdM/maxresdefault_live.jpg,https://external.fbkk12-4.fna.fbcdn.net/safe_image.php?w=476&h=249&url=https%3A%2F%2Fi.ytimg.com%2Fvi%2FiELfwLzhzdM%2Fmaxresdefault_live.jpg&cfs=1&jq=75&ext=jpg&ccb=3-5&_nc_hash=AQFnJt8lrs4wo2yq,12324,https://facebook.com/MightyCaster/posts/3844354218997042,3844354218997042,"‡∏≠‡∏∞‡∏î‡∏π‡πâ‡∏•‡πà‡∏≤

‡∏≠‡∏∞‡∏î‡∏π‡πâ‡∏•‡πà‡∏≤

YOUTUBE.COM
LIVE - ‡∏Å‡∏≤‡∏£‡πÄ‡∏•‡πà‡∏ô‡∏î‡∏ö‡∏î‡∏• 2021 ‡∏£‡∏≠‡∏ö‡∏ó‡∏µ‡πà 5
‡∏≠‡∏¢‡πà‡∏≤‡∏•‡∏∑‡∏°‡∏Å‡∏î‡∏ï‡∏¥‡∏î‡∏ï‡∏≤‡∏°‡πÅ‡∏•‡∏∞‡∏Å‡∏î‡∏Å‡∏£‡∏∞‡∏î‡∏¥‡πà‡∏á‡πÑ‡∏ß‡πâ‡∏î‡πâ‡∏ß‡∏¢‡∏ô‡∏∞‡∏Ñ‡∏£‡∏±‡∏ö ‡πÄ‡∏î‡∏µ‡πã‡∏¢‡∏ß‡∏û‡∏•‡∏≤‡∏î‡∏Ñ‡∏•‡∏¥‡∏õ‡πÉ‡∏´‡∏°‡πà‡πÜ ‡∏ô‡∏∞‡∏£‡∏±‡∏ö‡∏ô‡∏Å‡∏≠‡πâ‡∏ß‡∏ô‡πÑ‡∏õ‡πÄ‡∏•‡∏µ‡πâ‡∏¢‡∏á : https://www.youtube.com/channel/UC4plRabXFGdAE6HP-tBQKdQ/join...",positive,"['‡πÄ‡∏•‡πà‡∏ô', '‡∏≠‡∏¢‡πà‡∏≤', '‡∏ï‡∏¥‡∏î‡∏ï‡∏≤‡∏°']","['‡∏•‡∏∑‡∏°', '‡∏≠‡πâ‡∏ß‡∏ô']"
39,Heartrocker,309,2021-06-04 12:11:22,https://i.ytimg.com/vi/bkl4j49wlZk/maxresdefault.jpg,https://external.fbkk12-4.fna.fbcdn.net/safe_image.php?d=AQENaxld2ONDbZ2M&w=476&h=249&url=https%3A%2F%2Fi.ytimg.com%2Fvi%2Fbkl4j49wlZk%2Fmaxresdefault.jpg&cfs=1&jq=75&ext=jpg&ccb=3-5&_nc_hash=AQGoVxrmoZzuIU0E,22631,https://facebook.com/MightyCaster/posts/3843129999119464,3843129999119464,"‡∏ï‡∏≠‡∏ô‡∏™‡∏¥‡∏ö‡∏™‡∏≤‡∏°‡πÅ‡∏•‡πâ‡∏ß‡∏à‡πâ‡∏≤‡∏≤‡∏≤‡∏≤‡∏≤

‡∏ï‡∏≠‡∏ô‡∏™‡∏¥‡∏ö‡∏™‡∏≤‡∏°‡πÅ‡∏•‡πâ‡∏ß‡∏à‡πâ‡∏≤‡∏≤‡∏≤‡∏≤‡∏≤

YOUTUBE.COM
‡∏ü‡∏∑‡∏ô‡πÑ‡∏ü‡πÅ‡∏ú‡∏î‡πÄ‡∏ú‡∏≤ ‡πÄ‡∏≠‡∏≤‡∏ô‡πâ‡∏≥‡∏ã‡∏±‡∏î‡πÇ‡∏ö‡∏Å - Days Gone On PC - Part 13
‡∏≠‡∏¢‡πà‡∏≤‡∏•‡∏∑‡∏°‡∏Å‡∏î‡∏ï‡∏¥‡∏î‡∏ï‡∏≤‡∏°‡πÅ‡∏•‡∏∞‡∏Å‡∏î‡∏Å‡∏£‡∏∞‡∏î‡∏¥‡πà‡∏á‡πÑ‡∏ß‡πâ‡∏î‡πâ‡∏ß‡∏¢‡∏ô‡∏∞‡∏Ñ‡∏£‡∏±‡∏ö ‡πÄ‡∏î‡∏µ‡πã‡∏¢‡∏ß‡∏û‡∏•‡∏≤‡∏î‡∏Ñ‡∏•‡∏¥‡∏õ‡πÉ‡∏´‡∏°‡πà‡πÜ ‡∏ô‡∏∞‡∏£‡∏±‡∏ö‡∏ô‡∏Å‡∏≠‡πâ‡∏ß‡∏ô‡πÑ‡∏õ‡πÄ‡∏•‡∏µ‡πâ‡∏¢‡∏á : https://www.youtube.com/channel/UC4plRabXFGdAE6HP-tBQKdQ/join...",neutral,"['‡∏≠‡∏¢‡πà‡∏≤', '‡∏ï‡∏¥‡∏î‡∏ï‡∏≤‡∏°']","['‡∏•‡∏∑‡∏°', '‡∏≠‡πâ‡∏ß‡∏ô']"
40,Heartrocker,265,2021-06-03 11:53:17,https://i.ytimg.com/vi/vbId7Dmk6IY/maxresdefault.jpg,https://external.fbkk12-4.fna.fbcdn.net/safe_image.php?d=AQGXMKGvrK7jqEsq&w=476&h=249&url=https%3A%2F%2Fi.ytimg.com%2Fvi%2FvbId7Dmk6IY%2Fmaxresdefault.jpg&cfs=1&jq=75&ext=jpg&ccb=3-5&_nc_hash=AQFxjxnHtssehbh_,17181,https://facebook.com/MightyCaster/posts/3840124366086694,3840124366086694,"‡∏Å‡∏≤‡∏£‡∏ó‡∏≥‡∏õ‡∏Å‡πÅ‡∏ö‡∏ö‡πÄ‡∏Å‡πÄ‡∏£

‡∏Å‡∏≤‡∏£‡∏ó‡∏≥‡∏õ‡∏Å‡πÅ‡∏ö‡∏ö‡πÄ‡∏Å‡πÄ‡∏£

YOUTUBE.COM
‡∏ä‡∏≤‡∏ß‡πÄ‡∏£‡∏≤‡∏Ñ‡∏£‡∏∑‡πâ‡∏ô‡πÄ‡∏Ñ‡∏£‡∏á ‡∏ö‡∏£‡∏£‡πÄ‡∏•‡∏á‡∏´‡∏°‡πâ‡∏≠‡πÑ‡∏ü - Days Gone On PC - Part 12
‡∏≠‡∏¢‡πà‡∏≤‡∏•‡∏∑‡∏°‡∏Å‡∏î‡∏ï‡∏¥‡∏î‡∏ï‡∏≤‡∏°‡πÅ‡∏•‡∏∞‡∏Å‡∏î‡∏Å‡∏£‡∏∞‡∏î‡∏¥‡πà‡∏á‡πÑ‡∏ß‡πâ‡∏î‡πâ‡∏ß‡∏¢‡∏ô‡∏∞‡∏Ñ‡∏£‡∏±‡∏ö ‡πÄ‡∏î‡∏µ‡πã‡∏¢‡∏ß‡∏û‡∏•‡∏≤‡∏î‡∏Ñ‡∏•‡∏¥‡∏õ‡πÉ‡∏´‡∏°‡πà‡πÜ ‡∏ô‡∏∞‡∏£‡∏±‡∏ö‡∏ô‡∏Å‡∏≠‡πâ‡∏ß‡∏ô‡πÑ‡∏õ‡πÄ‡∏•‡∏µ‡πâ‡∏¢‡∏á : https://www.youtube.com/channel/UC4plRabXFGdAE6HP-tBQKdQ/join...",negative,"['‡∏≠‡∏¢‡πà‡∏≤', '‡∏ï‡∏¥‡∏î‡∏ï‡∏≤‡∏°']","['‡πÄ‡∏Å‡πÄ‡∏£', '‡πÄ‡∏Å‡πÄ‡∏£', '‡∏•‡∏∑‡∏°', '‡∏≠‡πâ‡∏ß‡∏ô']"
41,Heartrocker,256,2021-06-02 10:37:37,https://i.ytimg.com/vi/vSulY8bdS24/maxresdefault.jpg,https://external.fbkk12-4.fna.fbcdn.net/safe_image.php?d=AQFYuYwaqROEU7Sa&w=476&h=249&url=https%3A%2F%2Fi.ytimg.com%2Fvi%2FvSulY8bdS24%2Fmaxresdefault.jpg&cfs=1&jq=75&ext=jpg&ccb=3-5&_nc_hash=AQHXSTEpzt2ddZCu,17832,https://facebook.com/MightyCaster/posts/3837245663041231,3837245663041231,"‡πÑ‡∏°‡πà‡∏•‡∏∑‡∏°‡∏≠‡∏±‡∏ô‡∏ô‡∏µ‡πâ‡πÑ‡∏°‡πà‡∏•‡∏∑‡∏°

‡πÑ‡∏°‡πà‡∏•‡∏∑‡∏°‡∏≠‡∏±‡∏ô‡∏ô‡∏µ‡πâ‡πÑ‡∏°‡πà‡∏•‡∏∑‡∏°

YOUTUBE.COM
‡∏ï‡πà‡∏≠‡∏¢‡∏à‡∏ô‡∏´‡∏π‡∏î‡∏±‡∏ö ‡∏≠‡∏¢‡πà‡∏≤‡∏á‡∏Å‡∏±‡∏ö‡∏ô‡∏±‡∏Å‡πÄ‡∏•‡∏á - Days Gone On PC - Part 11
‡∏≠‡∏¢‡πà‡∏≤‡∏•‡∏∑‡∏°‡∏Å‡∏î‡∏ï‡∏¥‡∏î‡∏ï‡∏≤‡∏°‡πÅ‡∏•‡∏∞‡∏Å‡∏î‡∏Å‡∏£‡∏∞‡∏î‡∏¥‡πà‡∏á‡πÑ‡∏ß‡πâ‡∏î‡πâ‡∏ß‡∏¢‡∏ô‡∏∞‡∏Ñ‡∏£‡∏±‡∏ö ‡πÄ‡∏î‡∏µ‡πã‡∏¢‡∏ß‡∏û‡∏•‡∏≤‡∏î‡∏Ñ‡∏•‡∏¥‡∏õ‡πÉ‡∏´‡∏°‡πà‡πÜ ‡∏ô‡∏∞‡∏£‡∏±‡∏ö‡∏ô‡∏Å‡∏≠‡πâ‡∏ß‡∏ô‡πÑ‡∏õ‡πÄ‡∏•‡∏µ‡πâ‡∏¢‡∏á : https://www.youtube.com/channel/UC4plRabXFGdAE6HP-tBQKdQ/join...",negative,"['‡∏≠‡∏¢‡πà‡∏≤', '‡∏ï‡∏¥‡∏î‡∏ï‡∏≤‡∏°']","['‡∏•‡∏∑‡∏°', '‡∏•‡∏∑‡∏°', '‡∏•‡∏∑‡∏°', '‡∏•‡∏∑‡∏°', '‡∏ï‡πà‡∏≠‡∏¢', '‡∏à‡∏ô', '‡∏ô‡∏±‡∏Å‡πÄ‡∏•‡∏á', '‡∏•‡∏∑‡∏°', '‡∏≠‡πâ‡∏ß‡∏ô']"
42,Heartrocker,367,2021-06-01 16:19:02,https://i.ytimg.com/vi/LRDrrtqGniY/maxresdefault.jpg,https://external.fbkk12-4.fna.fbcdn.net/safe_image.php?d=AQEn4NYDhgpPg5fN&w=476&h=249&url=https%3A%2F%2Fi.ytimg.com%2Fvi%2FLRDrrtqGniY%2Fmaxresdefault.jpg&cfs=1&jq=75&ext=jpg&ccb=3-5&_nc_hash=AQFNHOD1IP6G-Hq5,17412,https://facebook.com/MightyCaster/posts/3835134953252302,3835134953252302,"‡∏≠‡∏∞‡∏•‡∏∑‡∏° ‡πÜ ‡πÜ‡πÜ ‡πÜ ‡πÜ‡πÜ ‡πÜ ‡πÜ ‡πÜ‡πÜ ‡πÜ ‡πÜ

‡∏≠‡∏∞‡∏•‡∏∑‡∏° ‡πÜ ‡πÜ‡πÜ ‡πÜ ‡πÜ‡πÜ ‡πÜ ‡πÜ ‡πÜ‡πÜ ‡πÜ ‡πÜ

YOUTUBE.COM
‡∏≠‡∏¢‡πà‡∏≤‡∏´‡∏ß‡∏±‡∏á‡∏à‡∏∞‡πÑ‡∏õ ‡πÉ‡∏´‡πâ‡πÄ‡∏≠‡πá‡∏á‡∏Ç‡πà‡∏°‡πÄ‡∏´‡∏á - Days Gone On PC - Part 10
‡∏≠‡∏¢‡πà‡∏≤‡∏•‡∏∑‡∏°‡∏Å‡∏î‡∏ï‡∏¥‡∏î‡∏ï‡∏≤‡∏°‡πÅ‡∏•‡∏∞‡∏Å‡∏î‡∏Å‡∏£‡∏∞‡∏î‡∏¥‡πà‡∏á‡πÑ‡∏ß‡πâ‡∏î‡πâ‡∏ß‡∏¢‡∏ô‡∏∞‡∏Ñ‡∏£‡∏±‡∏ö ‡πÄ‡∏î‡∏µ‡πã‡∏¢‡∏ß‡∏û‡∏•‡∏≤‡∏î‡∏Ñ‡∏•‡∏¥‡∏õ‡πÉ‡∏´‡∏°‡πà‡πÜ ‡∏ô‡∏∞‡∏£‡∏±‡∏ö‡∏ô‡∏Å‡∏≠‡πâ‡∏ß‡∏ô‡πÑ‡∏õ‡πÄ‡∏•‡∏µ‡πâ‡∏¢‡∏á : https://www.youtube.com/channel/UC4plRabXFGdAE6HP-tBQKdQ/join...",negative,"['‡∏≠‡∏¢‡πà‡∏≤', '‡∏≠‡∏¢‡πà‡∏≤', '‡∏ï‡∏¥‡∏î‡∏ï‡∏≤‡∏°']","['‡∏•‡∏∑‡∏°', '‡∏•‡∏∑‡∏°', '‡∏•‡∏∑‡∏°', '‡∏≠‡πâ‡∏ß‡∏ô']"
43,Heartrocker,196,2021-05-30 20:52:57,https://i.ytimg.com/vi/SU1Ert3ktmA/maxresdefault_live.jpg,https://external.fbkk12-4.fna.fbcdn.net/safe_image.php?d=AQHAEp-Qr-KSuViP&w=476&h=249&url=https%3A%2F%2Fi.ytimg.com%2Fvi%2FSU1Ert3ktmA%2Fmaxresdefault_live.jpg&cfs=1&jq=75&ext=jpg&ccb=3-5&_nc_hash=AQGTDv_Qxuumw3di,16984,https://facebook.com/MightyCaster/posts/3830300530402411,3830300530402411,"‡∏î‡∏ö‡∏î‡∏• ‡πÄ‡∏Å‡πá‡∏ö‡∏û‡πâ‡∏≠‡∏¢‡∏ô‡πå‡∏£‡∏≠‡πÅ‡∏û‡∏ó‡∏ä‡πå‡πÉ‡∏´‡∏°‡πà

‡∏î‡∏ö‡∏î‡∏• ‡πÄ‡∏Å‡πá‡∏ö‡∏û‡πâ‡∏≠‡∏¢‡∏ô‡πå‡∏£‡∏≠‡πÅ‡∏û‡∏ó‡∏ä‡πå‡πÉ‡∏´‡∏°‡πà

YOUTUBE.COM
LIVE - ‡∏Å‡∏≤‡∏£‡πÄ‡∏•‡πà‡∏ô‡∏î‡∏ö‡∏î‡∏• 2021 ‡∏£‡∏≠‡∏ö‡∏ó‡∏µ‡πà 4
‡∏≠‡∏¢‡πà‡∏≤‡∏•‡∏∑‡∏°‡∏Å‡∏î‡∏ï‡∏¥‡∏î‡∏ï‡∏≤‡∏°‡πÅ‡∏•‡∏∞‡∏Å‡∏î‡∏Å‡∏£‡∏∞‡∏î‡∏¥‡πà‡∏á‡πÑ‡∏ß‡πâ‡∏î‡πâ‡∏ß‡∏¢‡∏ô‡∏∞‡∏Ñ‡∏£‡∏±‡∏ö ‡πÄ‡∏î‡∏µ‡πã‡∏¢‡∏ß‡∏û‡∏•‡∏≤‡∏î‡∏Ñ‡∏•‡∏¥‡∏õ‡πÉ‡∏´‡∏°‡πà‡πÜ ‡∏ô‡∏∞‡∏£‡∏±‡∏ö‡∏ô‡∏Å‡∏≠‡πâ‡∏ß‡∏ô‡πÑ‡∏õ‡πÄ‡∏•‡∏µ‡πâ‡∏¢‡∏á : https://www.youtube.com/channel/UC4plRabXFGdAE6HP-tBQKdQ/join...",positive,"['‡πÄ‡∏•‡πà‡∏ô', '‡∏≠‡∏¢‡πà‡∏≤', '‡∏ï‡∏¥‡∏î‡∏ï‡∏≤‡∏°']","['‡∏•‡∏∑‡∏°', '‡∏≠‡πâ‡∏ß‡∏ô']"
44,Heartrocker,159,2021-05-29 19:33:02,https://i.ytimg.com/vi/pGbc4_hexCc/maxresdefault_live.jpg,https://external.fbkk12-4.fna.fbcdn.net/safe_image.php?d=AQE9eto8mXrxbBfV&w=476&h=249&url=https%3A%2F%2Fi.ytimg.com%2Fvi%2FpGbc4_hexCc%2Fmaxresdefault_live.jpg&cfs=1&jq=75&ext=jpg&ccb=3-5&_nc_hash=AQFxMI9z4NIsc-vE,14057,https://facebook.com/MightyCaster/posts/3827202470712217,3827202470712217,"‡πÄ‡∏≠‡πâ‡∏≤ ‡∏°‡∏≤‡πÑ‡∏ß‡πâ‡∏à‡∏±‡∏á

‡πÄ‡∏≠‡πâ‡∏≤ ‡∏°‡∏≤‡πÑ‡∏ß‡πâ‡∏à‡∏±‡∏á

YOUTUBE.COM
LIVE - Apex Legends #19 - ‡∏™‡∏ô‡∏¥‡∏°‡∏Å‡∏¥‡∏ô V2
‡∏≠‡∏¢‡πà‡∏≤‡∏•‡∏∑‡∏°‡∏Å‡∏î‡∏ï‡∏¥‡∏î‡∏ï‡∏≤‡∏°‡πÅ‡∏•‡∏∞‡∏Å‡∏î‡∏Å‡∏£‡∏∞‡∏î‡∏¥‡πà‡∏á‡πÑ‡∏ß‡πâ‡∏î‡πâ‡∏ß‡∏¢‡∏ô‡∏∞‡∏Ñ‡∏£‡∏±‡∏ö ‡πÄ‡∏î‡∏µ‡πã‡∏¢‡∏ß‡∏û‡∏•‡∏≤‡∏î‡∏Ñ‡∏•‡∏¥‡∏õ‡πÉ‡∏´‡∏°‡πà‡πÜ ‡∏ô‡∏∞‡∏£‡∏±‡∏ö‡∏ô‡∏Å‡∏≠‡πâ‡∏ß‡∏ô‡πÑ‡∏õ‡πÄ‡∏•‡∏µ‡πâ‡∏¢‡∏á : https://www.youtube.com/channel/UC4plRabXFGdAE6HP-tBQKdQ/join...",neutral,"['‡∏≠‡∏¢‡πà‡∏≤', '‡∏ï‡∏¥‡∏î‡∏ï‡∏≤‡∏°']","['‡∏•‡∏∑‡∏°', '‡∏≠‡πâ‡∏ß‡∏ô']"
45,Heartrocker,274,2021-05-29 13:04:17,https://i.ytimg.com/vi/2IvlVgNa9M8/maxresdefault.jpg,https://external.fbkk12-4.fna.fbcdn.net/safe_image.php?d=AQGFj9HXnDQI0skc&w=476&h=249&url=https%3A%2F%2Fi.ytimg.com%2Fvi%2F2IvlVgNa9M8%2Fmaxresdefault.jpg&cfs=1&jq=75&ext=jpg&ccb=3-5&_nc_hash=AQEEJ5DVHvSSTKoJ,22200,https://facebook.com/MightyCaster/posts/3826441430788321,3826441430788321,"‡∏°‡∏∏‡∏°‡∏´‡∏•‡πà‡∏≠ 555555555

‡∏°‡∏∏‡∏°‡∏´‡∏•‡πà‡∏≠ 555555555

YOUTUBE.COM
Q&A ONLINE #3 - ‡∏≠‡∏¢‡∏≤‡∏Å‡∏î‡∏π‡∏°‡∏∏‡∏°‡∏´‡∏•‡πà‡∏≠‡πÅ‡∏ö‡∏ö‡∏™‡∏°‡∏±‡∏¢‡∏Å‡πà‡∏≠‡∏ô w/Di5trotion&Patiiz
‡∏≠‡∏¢‡πà‡∏≤‡∏•‡∏∑‡∏°‡∏Å‡∏î‡∏ï‡∏¥‡∏î‡∏ï‡∏≤‡∏°‡πÅ‡∏•‡∏∞‡∏Å‡∏î‡∏Å‡∏£‡∏∞‡∏î‡∏¥‡πà‡∏á‡πÑ‡∏ß‡πâ‡∏î‡πâ‡∏ß‡∏¢‡∏ô‡∏∞‡∏Ñ‡∏£‡∏±‡∏ö ‡πÄ‡∏î‡∏µ‡πã‡∏¢‡∏ß‡∏û‡∏•‡∏≤‡∏î‡∏Ñ‡∏•‡∏¥‡∏õ‡πÉ‡∏´‡∏°‡πà‡πÜ ‡∏ô‡∏∞‡∏£‡∏±‡∏ö‡∏ô‡∏Å‡∏≠‡πâ‡∏ß‡∏ô‡πÑ‡∏õ‡πÄ‡∏•‡∏µ‡πâ‡∏¢‡∏á : https://www.youtube.com/channel/UC4plRabXFGdAE6HP-tBQKdQ/join...",neutral,"['‡∏≠‡∏¢‡πà‡∏≤', '‡∏ï‡∏¥‡∏î‡∏ï‡∏≤‡∏°']","['‡∏•‡∏∑‡∏°', '‡∏≠‡πâ‡∏ß‡∏ô']"
46,Heartrocker,304,2021-05-28 13:12:08,https://i.ytimg.com/vi/XdTTNG52CcY/maxresdefault.jpg,https://external.fbkk12-4.fna.fbcdn.net/safe_image.php?d=AQFu3GeZxTfA1IJO&w=476&h=249&url=https%3A%2F%2Fi.ytimg.com%2Fvi%2FXdTTNG52CcY%2Fmaxresdefault.jpg&cfs=1&jq=75&ext=jpg&ccb=3-5&_nc_hash=AQEcmGJdaTYSYHKM,18591,https://facebook.com/MightyCaster/posts/3823513854414412,3823513854414412,"‡πÄ‡∏´‡πâ‡∏¢‡∏ß‡∏±‡∏¢‡∏£‡∏∏‡πà‡∏ô‡∏ó‡∏≥‡πÑ‡∏¢‡∏ô‡∏¥‡πÄ‡∏¢‡∏≤‡∏´‡∏á‡∏±‡∏ö‡∏á‡∏±‡∏á

‡πÄ‡∏´‡πâ‡∏¢‡∏ß‡∏±‡∏¢‡∏£‡∏∏‡πà‡∏ô‡∏ó‡∏≥‡πÑ‡∏¢‡∏ô‡∏¥‡πÄ‡∏¢‡∏≤‡∏´‡∏á‡∏±‡∏ö‡∏á‡∏±‡∏á

YOUTUBE.COM
‡πÄ‡∏™‡∏µ‡∏¢‡πÅ‡∏Ç‡∏ô‡πÑ‡∏°‡πà‡∏ß‡πà‡∏≤ ‡πÄ‡∏™‡∏µ‡∏¢‡∏´‡∏ô‡πâ‡∏≤‡πÑ‡∏°‡πà‡πÑ‡∏î‡πâ - Days Gone On PC - Part 9
‡∏≠‡∏¢‡πà‡∏≤‡∏•‡∏∑‡∏°‡∏Å‡∏î‡∏ï‡∏¥‡∏î‡∏ï‡∏≤‡∏°‡πÅ‡∏•‡∏∞‡∏Å‡∏î‡∏Å‡∏£‡∏∞‡∏î‡∏¥‡πà‡∏á‡πÑ‡∏ß‡πâ‡∏î‡πâ‡∏ß‡∏¢‡∏ô‡∏∞‡∏Ñ‡∏£‡∏±‡∏ö ‡πÄ‡∏î‡∏µ‡πã‡∏¢‡∏ß‡∏û‡∏•‡∏≤‡∏î‡∏Ñ‡∏•‡∏¥‡∏õ‡πÉ‡∏´‡∏°‡πà‡πÜ ‡∏ô‡∏∞‡∏£‡∏±‡∏ö‡∏ô‡∏Å‡∏≠‡πâ‡∏ß‡∏ô‡πÑ‡∏õ‡πÄ‡∏•‡∏µ‡πâ‡∏¢‡∏á : https://www.youtube.com/channel/UC4plRabXFGdAE6HP-tBQKdQ/join...",negative,"['‡∏≠‡∏¢‡πà‡∏≤', '‡∏ï‡∏¥‡∏î‡∏ï‡∏≤‡∏°']","['‡πÄ‡∏™‡∏µ‡∏¢', '‡∏•‡∏∑‡∏°', '‡∏≠‡πâ‡∏ß‡∏ô']"
47,Heartrocker,189,2021-05-27 13:28:51,https://i.ytimg.com/vi/lWm4CNGs9qQ/maxresdefault.jpg,https://external.fbkk12-4.fna.fbcdn.net/safe_image.php?d=AQHBtIbe2SB3lLmY&w=476&h=249&url=https%3A%2F%2Fi.ytimg.com%2Fvi%2FlWm4CNGs9qQ%2Fmaxresdefault.jpg&cfs=1&jq=75&ext=jpg&ccb=3-5&_nc_hash=AQHJSWcRiVV_v6ww,17797,https://facebook.com/MightyCaster/posts/3820645321367932,3820645321367932,"‡πÄ‡∏õ‡πá‡∏ô‡∏Å‡∏•‡∏≠‡∏ô‡∏ó‡∏µ‡πà‡∏ï‡∏±‡πâ‡∏á‡πÉ‡∏à‡πÅ‡∏ï‡πà‡∏á‡∏°‡∏≤‡∏Å ‡πÉ‡∏ô‡∏Ñ‡∏•‡∏¥‡∏õ‡∏ï‡πâ‡∏≠‡∏á‡∏°‡∏µ‡πÄ‡∏ô‡∏∑‡πâ‡∏≠‡∏´‡∏≤‡πÄ‡∏Å‡∏µ‡πà‡∏¢‡∏ß‡∏Å‡∏±‡∏ö‡∏ñ‡∏±‡πà‡∏ß‡∏•‡∏¥‡∏™‡∏á‡πÅ‡∏ô‡πà‡∏ô‡∏≠‡∏ô

‡πÄ‡∏õ‡πá‡∏ô‡∏Å‡∏•‡∏≠‡∏ô‡∏ó‡∏µ‡πà‡∏ï‡∏±‡πâ‡∏á‡πÉ‡∏à‡πÅ‡∏ï‡πà‡∏á‡∏°‡∏≤‡∏Å ‡πÉ‡∏ô‡∏Ñ‡∏•‡∏¥‡∏õ‡∏ï‡πâ‡∏≠‡∏á‡∏°‡∏µ‡πÄ‡∏ô‡∏∑‡πâ‡∏≠‡∏´‡∏≤‡πÄ‡∏Å‡∏µ‡πà‡∏¢‡∏ß‡∏Å‡∏±‡∏ö‡∏ñ‡∏±‡πà‡∏ß‡∏•‡∏¥‡∏™‡∏á‡πÅ‡∏ô‡πà‡∏ô‡∏≠‡∏ô

YOUTUBE.COM
‡πÄ‡∏û‡∏£‡∏≤‡∏∞‡∏ñ‡∏±‡πà‡∏ß‡∏•‡∏¥‡∏™‡∏á ‡∏ï‡πâ‡∏≠‡∏á‡∏•‡∏á‡∏õ‡∏•‡∏π‡∏Å‡πÄ‡∏≠‡∏á - Days Gone On PC - Part 8(‡∏Ñ‡∏¥‡∏î‡∏Å‡∏•‡∏≠‡∏ô‡πÑ‡∏°‡πà‡∏≠‡∏≠‡∏Å‡∏†‡∏≤‡∏Ñ2)
‡∏≠‡∏¢‡πà‡∏≤‡∏•‡∏∑‡∏°‡∏Å‡∏î‡∏ï‡∏¥‡∏î‡∏ï‡∏≤‡∏°‡πÅ‡∏•‡∏∞‡∏Å‡∏î‡∏Å‡∏£‡∏∞‡∏î‡∏¥‡πà‡∏á‡πÑ‡∏ß‡πâ‡∏î‡πâ‡∏ß‡∏¢‡∏ô‡∏∞‡∏Ñ‡∏£‡∏±‡∏ö ‡πÄ‡∏î‡∏µ‡πã‡∏¢‡∏ß‡∏û‡∏•‡∏≤‡∏î‡∏Ñ‡∏•‡∏¥‡∏õ‡πÉ‡∏´‡∏°‡πà‡πÜ ‡∏ô‡∏∞‡∏£‡∏±‡∏ö‡∏ô‡∏Å‡∏≠‡πâ‡∏ß‡∏ô‡πÑ‡∏õ‡πÄ‡∏•‡∏µ‡πâ‡∏¢‡∏á : https://www.youtube.com/channel/UC4plRabXFGdAE6HP-tBQKdQ/join...",neutral,"['‡∏≠‡∏¢‡πà‡∏≤', '‡∏ï‡∏¥‡∏î‡∏ï‡∏≤‡∏°']","['‡∏•‡∏∑‡∏°', '‡∏≠‡πâ‡∏ß‡∏ô']"
48,Heartrocker,236,2021-05-26 13:03:41,https://i.ytimg.com/vi/TCLuOLnYj5M/maxresdefault.jpg,https://external.fbkk12-4.fna.fbcdn.net/safe_image.php?d=AQFF_9xiwkw8ji62&w=476&h=249&url=https%3A%2F%2Fi.ytimg.com%2Fvi%2FTCLuOLnYj5M%2Fmaxresdefault.jpg&cfs=1&jq=75&ext=jpg&ccb=3-5&_nc_hash=AQGZXL7o5iBB8jlz,18759,https://facebook.com/MightyCaster/posts/3817679228331208,3817679228331208,"‡∏≠‡∏∞‡∏•‡∏∑‡∏° ‡πÜ ‡πÜ‡πÜ ‡πÜ ‡πÜ ‡πÜ‡πÜ ‡πÜ ‡πÜ

‡∏≠‡∏∞‡∏•‡∏∑‡∏° ‡πÜ ‡πÜ‡πÜ ‡πÜ ‡πÜ ‡πÜ‡πÜ ‡πÜ ‡πÜ

YOUTUBE.COM
‡∏ñ‡πâ‡∏≤‡∏î‡∏∑‡πâ‡∏≠‡πÅ‡∏ö‡∏ö‡∏ô‡∏µ‡πâ ‡∏û‡∏µ‡πà‡∏≠‡∏≤‡∏à‡∏ï‡πâ‡∏≠‡∏á‡∏õ‡∏•‡∏á - Days Gone On PC - Part 7
‡∏≠‡∏¢‡πà‡∏≤‡∏•‡∏∑‡∏°‡∏Å‡∏î‡∏ï‡∏¥‡∏î‡∏ï‡∏≤‡∏°‡πÅ‡∏•‡∏∞‡∏Å‡∏î‡∏Å‡∏£‡∏∞‡∏î‡∏¥‡πà‡∏á‡πÑ‡∏ß‡πâ‡∏î‡πâ‡∏ß‡∏¢‡∏ô‡∏∞‡∏Ñ‡∏£‡∏±‡∏ö ‡πÄ‡∏î‡∏µ‡πã‡∏¢‡∏ß‡∏û‡∏•‡∏≤‡∏î‡∏Ñ‡∏•‡∏¥‡∏õ‡πÉ‡∏´‡∏°‡πà‡πÜ ‡∏ô‡∏∞‡∏£‡∏±‡∏ö‡∏ô‡∏Å‡∏≠‡πâ‡∏ß‡∏ô‡πÑ‡∏õ‡πÄ‡∏•‡∏µ‡πâ‡∏¢‡∏á : https://www.youtube.com/channel/UC4plRabXFGdAE6HP-tBQKdQ/join...",negative,"['‡∏≠‡∏¢‡πà‡∏≤', '‡∏ï‡∏¥‡∏î‡∏ï‡∏≤‡∏°']","['‡∏•‡∏∑‡∏°', '‡∏•‡∏∑‡∏°', '‡∏î‡∏∑‡πâ‡∏≠', '‡∏õ‡∏•‡∏á', '‡∏•‡∏∑‡∏°', '‡∏≠‡πâ‡∏ß‡∏ô']"
49,Heartrocker,183,2021-05-25 14:13:08,https://i.ytimg.com/vi/TgU9spW1uWw/maxresdefault.jpg,https://external.fbkk12-4.fna.fbcdn.net/safe_image.php?d=AQFeJRKq6AQ6EJ2O&w=476&h=249&url=https%3A%2F%2Fi.ytimg.com%2Fvi%2FTgU9spW1uWw%2Fmaxresdefault.jpg&cfs=1&jq=75&ext=jpg&ccb=3-5&_nc_hash=AQFZGXdLcPu8KfYF,17762,https://facebook.com/MightyCaster/posts/3814794838619647,3814794838619647,"‡∏ä‡∏∑‡πà‡∏≠‡∏Ñ‡∏•‡∏¥‡∏õ‡πÑ‡∏°‡πà‡∏°‡∏µ‡∏≠‡∏∞‡πÑ‡∏£‡πÄ‡∏Å‡∏µ‡πà‡∏¢‡∏ß‡∏Å‡∏±‡∏ö‡πÄ‡∏ô‡∏∑‡πâ‡∏≠‡∏´‡∏≤‡∏™‡∏±‡∏Å‡∏ô‡∏¥‡∏î55555555

‡∏ä‡∏∑‡πà‡∏≠‡∏Ñ‡∏•‡∏¥‡∏õ‡πÑ‡∏°‡πà‡∏°‡∏µ‡∏≠‡∏∞‡πÑ‡∏£‡πÄ‡∏Å‡∏µ‡πà‡∏¢‡∏ß‡∏Å‡∏±‡∏ö‡πÄ‡∏ô‡∏∑‡πâ‡∏≠‡∏´‡∏≤‡∏™‡∏±‡∏Å‡∏ô‡∏¥‡∏î55555555

YOUTUBE.COM
‡∏ô‡πâ‡∏≠‡∏á‡∏£‡∏≠‡∏™‡∏±‡∏Å‡∏Ñ‡∏£‡∏π‡πà ‡∏°‡∏±‡∏ô‡∏õ‡∏π‡∏ï‡πâ‡∏≠‡∏á‡∏´‡∏•‡∏á - Days Gone On PC - Part 6(‡∏Ñ‡∏¥‡∏î‡∏Å‡∏•‡∏≠‡∏ô‡πÑ‡∏°‡πà‡∏≠‡∏≠‡∏Å)
‡∏≠‡∏¢‡πà‡∏≤‡∏•‡∏∑‡∏°‡∏Å‡∏î‡∏ï‡∏¥‡∏î‡∏ï‡∏≤‡∏°‡πÅ‡∏•‡∏∞‡∏Å‡∏î‡∏Å‡∏£‡∏∞‡∏î‡∏¥‡πà‡∏á‡πÑ‡∏ß‡πâ‡∏î‡πâ‡∏ß‡∏¢‡∏ô‡∏∞‡∏Ñ‡∏£‡∏±‡∏ö ‡πÄ‡∏î‡∏µ‡πã‡∏¢‡∏ß‡∏û‡∏•‡∏≤‡∏î‡∏Ñ‡∏•‡∏¥‡∏õ‡πÉ‡∏´‡∏°‡πà‡πÜ ‡∏ô‡∏∞‡∏£‡∏±‡∏ö‡∏ô‡∏Å‡∏≠‡πâ‡∏ß‡∏ô‡πÑ‡∏õ‡πÄ‡∏•‡∏µ‡πâ‡∏¢‡∏á : https://www.youtube.com/channel/UC4plRabXFGdAE6HP-tBQKdQ/join...",negative,"['‡∏≠‡∏¢‡πà‡∏≤', '‡∏ï‡∏¥‡∏î‡∏ï‡∏≤‡∏°']","['‡∏´‡∏•‡∏á', '‡∏•‡∏∑‡∏°', '‡∏≠‡πâ‡∏ß‡∏ô']"
50,Heartrocker,233,2021-05-24 21:26:53,https://i.ytimg.com/vi/p0Js1r_ndzs/maxresdefault_live.jpg,https://external.fbkk12-4.fna.fbcdn.net/safe_image.php?d=AQHsdkEyXKSKPHTH&w=476&h=249&url=https%3A%2F%2Fi.ytimg.com%2Fvi%2Fp0Js1r_ndzs%2Fmaxresdefault_live.jpg&cfs=1&jq=75&ext=jpg&ccb=3-5&_nc_hash=AQHuhNRHLcWml7vd,18953,https://facebook.com/MightyCaster/posts/3812793842153080,3812793842153080,"‡∏ß‡∏±‡∏ô‡∏ô‡∏ô‡∏ô‡∏ô ‡∏ü‡∏≠‡∏≠‡∏≠‡∏≠‡∏≠‡∏≠‡∏≠‡∏≠ ‡∏≠‡∏≠‡∏≠‡∏•‡∏•‡∏•‡∏•‡∏•‡∏•‡∏•‡∏•‡∏•‡∏•‡∏•‡∏•‡∏•‡∏•‡∏•‡∏•‡∏•‡∏•

‡∏ß‡∏±‡∏ô‡∏ô‡∏ô‡∏ô‡∏ô ‡∏ü‡∏≠‡∏≠‡∏≠‡∏≠‡∏≠‡∏≠‡∏≠‡∏≠ ‡∏≠‡∏≠‡∏≠‡∏•‡∏•‡∏•‡∏•‡∏•‡∏•‡∏•‡∏•‡∏•‡∏•‡∏•‡∏•‡∏•‡∏•‡∏•‡∏•‡∏•‡∏•

YOUTUBE.COM
‡∏™‡πÅ‡∏°‡∏ä‡∏ä‡∏ä‡∏ä‡∏ä‡∏ä‡∏ä‡∏ä‡∏ä‡∏ä‡∏ä‡∏ä‡∏ä‡∏ä‡∏ä‡∏ä‡∏ä‡∏ä
‡∏≠‡∏¢‡πà‡∏≤‡∏•‡∏∑‡∏°‡∏Å‡∏î‡∏ï‡∏¥‡∏î‡∏ï‡∏≤‡∏°‡πÅ‡∏•‡∏∞‡∏Å‡∏î‡∏Å‡∏£‡∏∞‡∏î‡∏¥‡πà‡∏á‡πÑ‡∏ß‡πâ‡∏î‡πâ‡∏ß‡∏¢‡∏ô‡∏∞‡∏Ñ‡∏£‡∏±‡∏ö ‡πÄ‡∏î‡∏µ‡πã‡∏¢‡∏ß‡∏û‡∏•‡∏≤‡∏î‡∏Ñ‡∏•‡∏¥‡∏õ‡πÉ‡∏´‡∏°‡πà‡πÜ ‡∏ô‡∏∞‡∏£‡∏±‡∏ö‡∏ô‡∏Å‡∏≠‡πâ‡∏ß‡∏ô‡πÑ‡∏õ‡πÄ‡∏•‡∏µ‡πâ‡∏¢‡∏á : https://www.youtube.com/channel/UC4plRabXFGdAE6HP-tBQKdQ/join...",neutral,"['‡∏≠‡∏¢‡πà‡∏≤', '‡∏ï‡∏¥‡∏î‡∏ï‡∏≤‡∏°']","['‡∏•‡∏∑‡∏°', '‡∏≠‡πâ‡∏ß‡∏ô']"
51,Heartrocker,184,2021-05-24 14:04:22,https://i.ytimg.com/vi/vQeCrelNh88/maxresdefault.jpg,https://external.fbkk12-4.fna.fbcdn.net/safe_image.php?d=AQHer3HQEThttfD5&w=476&h=249&url=https%3A%2F%2Fi.ytimg.com%2Fvi%2FvQeCrelNh88%2Fmaxresdefault.jpg&cfs=1&jq=75&ext=jpg&ccb=3-5&_nc_hash=AQF5MuSCWTKJtiEY,18206,https://facebook.com/MightyCaster/posts/3811855225580275,3811855225580275,"‡∏°‡∏µ‡∏°‡∏≤‡∏≠‡πà‡∏≠‡∏ô‡∏¢‡∏á‡∏≠‡πà‡∏≠‡∏ô‡πÇ‡∏¢‡∏ô‡∏ô‡∏ô‡∏ô‡∏ô‡∏ô

‡∏°‡∏µ‡∏°‡∏≤‡∏≠‡πà‡∏≠‡∏ô‡∏¢‡∏á‡∏≠‡πà‡∏≠‡∏ô‡πÇ‡∏¢‡∏ô‡∏ô‡∏ô‡∏ô‡∏ô‡∏ô

YOUTUBE.COM
‡πÑ‡∏°‡πà‡∏ß‡πà‡∏≤‡∏ï‡∏£‡∏á‡πÑ‡∏´‡∏ô ‡∏Ç‡∏≠‡πÉ‡∏´‡πâ‡∏¢‡∏±‡∏á‡∏≠‡∏¢‡∏π‡πà - Days Gone On PC - Part 5
‡∏≠‡∏¢‡πà‡∏≤‡∏•‡∏∑‡∏°‡∏Å‡∏î‡∏ï‡∏¥‡∏î‡∏ï‡∏≤‡∏°‡πÅ‡∏•‡∏∞‡∏Å‡∏î‡∏Å‡∏£‡∏∞‡∏î‡∏¥‡πà‡∏á‡πÑ‡∏ß‡πâ‡∏î‡πâ‡∏ß‡∏¢‡∏ô‡∏∞‡∏Ñ‡∏£‡∏±‡∏ö ‡πÄ‡∏î‡∏µ‡πã‡∏¢‡∏ß‡∏û‡∏•‡∏≤‡∏î‡∏Ñ‡∏•‡∏¥‡∏õ‡πÉ‡∏´‡∏°‡πà‡πÜ ‡∏ô‡∏∞‡∏£‡∏±‡∏ö‡∏ô‡∏Å‡∏≠‡πâ‡∏ß‡∏ô‡πÑ‡∏õ‡πÄ‡∏•‡∏µ‡πâ‡∏¢‡∏á : https://www.youtube.com/channel/UC4plRabXFGdAE6HP-tBQKdQ/join...",positive,"['‡∏≠‡πà‡∏≠‡∏ô‡πÇ‡∏¢‡∏ô', '‡∏≠‡πà‡∏≠‡∏ô‡πÇ‡∏¢‡∏ô', '‡∏≠‡∏¢‡πà‡∏≤', '‡∏ï‡∏¥‡∏î‡∏ï‡∏≤‡∏°']","['‡∏•‡∏∑‡∏°', '‡∏≠‡πâ‡∏ß‡∏ô']"
52,Heartrocker,290,2021-05-23 21:08:17,https://i.ytimg.com/vi/B4SwQflNAo8/maxresdefault_live.jpg,https://external.fbkk12-4.fna.fbcdn.net/safe_image.php?d=AQEM1HnFmwrRtexn&w=476&h=249&url=https%3A%2F%2Fi.ytimg.com%2Fvi%2FB4SwQflNAo8%2Fmaxresdefault_live.jpg&cfs=1&jq=75&ext=jpg&ccb=3-5&_nc_hash=AQHJt8w0bQ8lIiaF,16361,https://facebook.com/MightyCaster/posts/3809892112443253,3809892112443253,"‡∏°‡∏≤

‡∏°‡∏≤

YOUTUBE.COM
‡∏≠‡πà‡∏≤‡∏ß
‡∏≠‡∏¢‡πà‡∏≤‡∏•‡∏∑‡∏°‡∏Å‡∏î‡∏ï‡∏¥‡∏î‡∏ï‡∏≤‡∏°‡πÅ‡∏•‡∏∞‡∏Å‡∏î‡∏Å‡∏£‡∏∞‡∏î‡∏¥‡πà‡∏á‡πÑ‡∏ß‡πâ‡∏î‡πâ‡∏ß‡∏¢‡∏ô‡∏∞‡∏Ñ‡∏£‡∏±‡∏ö ‡πÄ‡∏î‡∏µ‡πã‡∏¢‡∏ß‡∏û‡∏•‡∏≤‡∏î‡∏Ñ‡∏•‡∏¥‡∏õ‡πÉ‡∏´‡∏°‡πà‡πÜ ‡∏ô‡∏∞‡∏£‡∏±‡∏ö‡∏ô‡∏Å‡∏≠‡πâ‡∏ß‡∏ô‡πÑ‡∏õ‡πÄ‡∏•‡∏µ‡πâ‡∏¢‡∏á : https://www.youtube.com/channel/UC4plRabXFGdAE6HP-tBQKdQ/join...",neutral,"['‡∏≠‡∏¢‡πà‡∏≤', '‡∏ï‡∏¥‡∏î‡∏ï‡∏≤‡∏°']","['‡∏•‡∏∑‡∏°', '‡∏≠‡πâ‡∏ß‡∏ô']"
53,Heartrocker,296,2021-05-23 14:25:50,https://i.ytimg.com/vi/hcu5mFXNR2Y/maxresdefault.jpg,https://external.fbkk12-4.fna.fbcdn.net/safe_image.php?d=AQGx6W9FnbEF_gR8&w=476&h=249&url=https%3A%2F%2Fi.ytimg.com%2Fvi%2Fhcu5mFXNR2Y%2Fmaxresdefault.jpg&cfs=1&jq=75&ext=jpg&ccb=3-5&_nc_hash=AQEkLa3D0hUSteXX,22879,https://facebook.com/MightyCaster/posts/3809076822524782,3809076822524782,"‡∏≠‡∏±‡∏ô‡∏ô‡∏µ‡πâ‡πÅ‡∏ä‡∏£‡πå‡∏¢‡∏±‡∏á‡∏ô‡∏∞

‡∏≠‡∏±‡∏ô‡∏ô‡∏µ‡πâ‡πÅ‡∏ä‡∏£‡πå‡∏¢‡∏±‡∏á‡∏ô‡∏∞

YOUTUBE.COM
‡πÇ‡∏´‡∏°‡∏î‡πÅ‡∏ß‡πâ‡∏ô ‡πÅ‡∏™‡∏ô‡∏™‡∏ô‡∏±‡πà‡∏ô ‡∏≠‡∏¢‡πà‡∏≤‡∏á‡∏õ‡∏±‡πà‡∏ô ‡∏•‡∏±‡πà‡∏ô‡∏à‡∏£‡∏¥‡∏á ‡πÜ - Among Us Highlight #17
‡∏≠‡∏¢‡πà‡∏≤‡∏•‡∏∑‡∏°‡∏Å‡∏î‡∏ï‡∏¥‡∏î‡∏ï‡∏≤‡∏°‡πÅ‡∏•‡∏∞‡∏Å‡∏î‡∏Å‡∏£‡∏∞‡∏î‡∏¥‡πà‡∏á‡πÑ‡∏ß‡πâ‡∏î‡πâ‡∏ß‡∏¢‡∏ô‡∏∞‡∏Ñ‡∏£‡∏±‡∏ö ‡πÄ‡∏î‡∏µ‡πã‡∏¢‡∏ß‡∏û‡∏•‡∏≤‡∏î‡∏Ñ‡∏•‡∏¥‡∏õ‡πÉ‡∏´‡∏°‡πà‡πÜ ‡∏ô‡∏∞‡∏£‡∏±‡∏ö‡∏ô‡∏Å‡∏≠‡πâ‡∏ß‡∏ô‡πÑ‡∏õ‡πÄ‡∏•‡∏µ‡πâ‡∏¢‡∏á : https://www.youtube.com/channel/UC4plRabXFGdAE6HP-tBQKdQ/join...",neutral,"['‡∏≠‡∏¢‡πà‡∏≤', '‡∏ï‡∏¥‡∏î‡∏ï‡∏≤‡∏°']","['‡∏•‡∏∑‡∏°', '‡∏≠‡πâ‡∏ß‡∏ô']"
54,Heartrocker,132,2021-05-22 20:18:17,https://i.ytimg.com/vi/I2CTK2y36nA/maxresdefault_live.jpg,https://external.fbkk12-4.fna.fbcdn.net/safe_image.php?d=AQFpD-jfIMtOJP-D&w=476&h=249&url=https%3A%2F%2Fi.ytimg.com%2Fvi%2FI2CTK2y36nA%2Fmaxresdefault_live.jpg&cfs=1&jq=75&ext=jpg&ccb=3-5&_nc_hash=AQErvS2Jocilekkq,13196,https://facebook.com/MightyCaster/posts/3806955999403531,3806955999403531,"‡∏™‡∏ô‡∏¥‡∏°‡∏à‡∏∞‡πÄ‡∏Å‡∏≤‡∏∞‡∏´‡∏°‡∏î‡πÅ‡∏•‡πâ‡∏ß

‡∏™‡∏ô‡∏¥‡∏°‡∏à‡∏∞‡πÄ‡∏Å‡∏≤‡∏∞‡∏´‡∏°‡∏î‡πÅ‡∏•‡πâ‡∏ß

YOUTUBE.COM
LIVE - Apex Legends #18 - ‡∏ñ‡πâ‡∏≤‡πÑ‡∏°‡πà‡πÄ‡∏•‡πà‡∏ô‡∏ô‡∏≤‡∏ô‡∏™‡∏ô‡∏¥‡∏°‡∏à‡∏∞‡πÄ‡∏Ç‡∏£‡∏≠‡∏∞
‡∏≠‡∏¢‡πà‡∏≤‡∏•‡∏∑‡∏°‡∏Å‡∏î‡∏ï‡∏¥‡∏î‡∏ï‡∏≤‡∏°‡πÅ‡∏•‡∏∞‡∏Å‡∏î‡∏Å‡∏£‡∏∞‡∏î‡∏¥‡πà‡∏á‡πÑ‡∏ß‡πâ‡∏î‡πâ‡∏ß‡∏¢‡∏ô‡∏∞‡∏Ñ‡∏£‡∏±‡∏ö ‡πÄ‡∏î‡∏µ‡πã‡∏¢‡∏ß‡∏û‡∏•‡∏≤‡∏î‡∏Ñ‡∏•‡∏¥‡∏õ‡πÉ‡∏´‡∏°‡πà‡πÜ ‡∏ô‡∏∞‡∏£‡∏±‡∏ö‡∏ô‡∏Å‡∏≠‡πâ‡∏ß‡∏ô‡πÑ‡∏õ‡πÄ‡∏•‡∏µ‡πâ‡∏¢‡∏á : https://www.youtube.com/channel/UC4plRabXFGdAE6HP-tBQKdQ/join...",positive,"['‡πÄ‡∏•‡πà‡∏ô', '‡∏≠‡∏¢‡πà‡∏≤', '‡∏ï‡∏¥‡∏î‡∏ï‡∏≤‡∏°']","['‡∏•‡∏∑‡∏°', '‡∏≠‡πâ‡∏ß‡∏ô']"
55,Heartrocker,239,2021-05-22 13:28:59,https://i.ytimg.com/vi/GhlrIo1_A1Q/maxresdefault.jpg,https://external.fbkk12-4.fna.fbcdn.net/safe_image.php?d=AQGkl-iKeSDvgjge&w=476&h=249&url=https%3A%2F%2Fi.ytimg.com%2Fvi%2FGhlrIo1_A1Q%2Fmaxresdefault.jpg&cfs=1&jq=75&ext=jpg&ccb=3-5&_nc_hash=AQEAXLkivZc4UUsg,22331,https://facebook.com/MightyCaster/posts/3806140839485047,3806140839485047,"‡∏´‡∏ô‡πâ‡∏≤‡∏î‡∏µ‡∏Ñ‡∏≠‡∏¢‡πà‡∏≤‡∏á‡πÄ‡∏°‡πâ‡∏°555555555

‡∏´‡∏ô‡πâ‡∏≤‡∏î‡∏µ‡∏Ñ‡∏≠‡∏¢‡πà‡∏≤‡∏á‡πÄ‡∏°‡πâ‡∏°555555555

YOUTUBE.COM
‡∏™‡∏†‡∏≤‡∏û‡πÅ‡∏ö‡∏ö‡∏ô‡∏µ‡πâ ‡∏û‡∏µ‡πà‡∏Ç‡∏≠‡πÑ‡∏õ‡∏™‡πà‡∏á - Days Gone On PC - Part 4
‡∏≠‡∏¢‡πà‡∏≤‡∏•‡∏∑‡∏°‡∏Å‡∏î‡∏ï‡∏¥‡∏î‡∏ï‡∏≤‡∏°‡πÅ‡∏•‡∏∞‡∏Å‡∏î‡∏Å‡∏£‡∏∞‡∏î‡∏¥‡πà‡∏á‡πÑ‡∏ß‡πâ‡∏î‡πâ‡∏ß‡∏¢‡∏ô‡∏∞‡∏Ñ‡∏£‡∏±‡∏ö ‡πÄ‡∏î‡∏µ‡πã‡∏¢‡∏ß‡∏û‡∏•‡∏≤‡∏î‡∏Ñ‡∏•‡∏¥‡∏õ‡πÉ‡∏´‡∏°‡πà‡πÜ ‡∏ô‡∏∞‡∏£‡∏±‡∏ö‡∏ô‡∏Å‡∏≠‡πâ‡∏ß‡∏ô‡πÑ‡∏õ‡πÄ‡∏•‡∏µ‡πâ‡∏¢‡∏á : https://www.youtube.com/channel/UC4plRabXFGdAE6HP-tBQKdQ/join...",positive,"['‡∏î‡∏µ', '‡∏î‡∏µ', '‡∏≠‡∏¢‡πà‡∏≤', '‡∏ï‡∏¥‡∏î‡∏ï‡∏≤‡∏°']","['‡∏•‡∏∑‡∏°', '‡∏≠‡πâ‡∏ß‡∏ô']"
56,Heartrocker,272,2021-05-21 21:09:28,https://i.ytimg.com/vi/kbnbuxMXPlg/maxresdefault_live.jpg,https://external.fbkk12-4.fna.fbcdn.net/safe_image.php?d=AQFhE51yvxJqg8GQ&w=476&h=249&url=https%3A%2F%2Fi.ytimg.com%2Fvi%2FkbnbuxMXPlg%2Fmaxresdefault_live.jpg&cfs=1&jq=75&ext=jpg&ccb=3-5&_nc_hash=AQFSGRV3vu7rQBXN,13364,https://facebook.com/MightyCaster/posts/3804174103015054,3804174103015054,"‡πÉ‡∏ä‡πà ‡πÜ

‡πÉ‡∏ä‡πà ‡πÜ

YOUTUBE.COM
‡∏Ç‡πâ‡∏≤‡∏°‡∏õ‡∏µ‡πÅ‡∏•‡πâ‡∏ß - Pummel Party #6
‡∏≠‡∏¢‡πà‡∏≤‡∏•‡∏∑‡∏°‡∏Å‡∏î‡∏ï‡∏¥‡∏î‡∏ï‡∏≤‡∏°‡πÅ‡∏•‡∏∞‡∏Å‡∏î‡∏Å‡∏£‡∏∞‡∏î‡∏¥‡πà‡∏á‡πÑ‡∏ß‡πâ‡∏î‡πâ‡∏ß‡∏¢‡∏ô‡∏∞‡∏Ñ‡∏£‡∏±‡∏ö ‡πÄ‡∏î‡∏µ‡πã‡∏¢‡∏ß‡∏û‡∏•‡∏≤‡∏î‡∏Ñ‡∏•‡∏¥‡∏õ‡πÉ‡∏´‡∏°‡πà‡πÜ ‡∏ô‡∏∞‡∏£‡∏±‡∏ö‡∏ô‡∏Å‡∏≠‡πâ‡∏ß‡∏ô‡πÑ‡∏õ‡πÄ‡∏•‡∏µ‡πâ‡∏¢‡∏á : https://www.youtube.com/channel/UC4plRabXFGdAE6HP-tBQKdQ/join...",neutral,"['‡∏≠‡∏¢‡πà‡∏≤', '‡∏ï‡∏¥‡∏î‡∏ï‡∏≤‡∏°']","['‡∏•‡∏∑‡∏°', '‡∏≠‡πâ‡∏ß‡∏ô']"
57,Heartrocker,240,2021-05-21 13:31:27,https://i.ytimg.com/vi/8x3jNd6SGjM/maxresdefault.jpg,https://external.fbkk12-4.fna.fbcdn.net/safe_image.php?d=AQFR4EvE1_8jqLQO&w=476&h=249&url=https%3A%2F%2Fi.ytimg.com%2Fvi%2F8x3jNd6SGjM%2Fmaxresdefault.jpg&cfs=1&jq=75&ext=jpg&ccb=3-5&_nc_hash=AQErtCCof08aTM1A,20729,https://facebook.com/MightyCaster/posts/3803222376443560,3803222376443560,"‡∏Å‡∏•‡∏≠‡∏ô‡πÅ‡∏õ‡∏î‡∏°‡∏±‡∏ô‡πÅ‡∏ï‡πà‡∏á‡∏™‡∏ô‡∏∏‡∏Å‡∏°‡∏≤‡∏Å‡∏ã‡∏µ‡∏£‡∏µ‡πà‡∏™‡πå‡∏ô‡∏µ‡πâ ‡∏ô‡∏µ‡πà‡πÄ‡∏•‡πà‡∏ô‡∏ï‡πà‡∏≠‡πÄ‡∏û‡∏£‡∏≤‡∏∞‡∏≠‡∏¢‡∏≤‡∏Å‡πÅ‡∏ï‡πà‡∏á‡∏Å‡∏•‡∏≠‡∏ô

‡∏Å‡∏•‡∏≠‡∏ô‡πÅ‡∏õ‡∏î‡∏°‡∏±‡∏ô‡πÅ‡∏ï‡πà‡∏á‡∏™‡∏ô‡∏∏‡∏Å‡∏°‡∏≤‡∏Å‡∏ã‡∏µ‡∏£‡∏µ‡πà‡∏™‡πå‡∏ô‡∏µ‡πâ ‡∏ô‡∏µ‡πà‡πÄ‡∏•‡πà‡∏ô‡∏ï‡πà‡∏≠‡πÄ‡∏û‡∏£‡∏≤‡∏∞‡∏≠‡∏¢‡∏≤‡∏Å‡πÅ‡∏ï‡πà‡∏á‡∏Å‡∏•‡∏≠‡∏ô

YOUTUBE.COM
‡∏≠‡∏¢‡πà‡∏≤‡πÅ‡∏ï‡∏∞‡∏£‡∏ñ‡∏â‡∏±‡∏ô‡πÑ‡∏°‡πà‡∏á‡∏±‡πâ‡∏ô‡πÄ‡∏à‡∏≠‡∏î‡∏µ - Days Gone On PC - Part 3
‡∏≠‡∏¢‡πà‡∏≤‡∏•‡∏∑‡∏°‡∏Å‡∏î‡∏ï‡∏¥‡∏î‡∏ï‡∏≤‡∏°‡πÅ‡∏•‡∏∞‡∏Å‡∏î‡∏Å‡∏£‡∏∞‡∏î‡∏¥‡πà‡∏á‡πÑ‡∏ß‡πâ‡∏î‡πâ‡∏ß‡∏¢‡∏ô‡∏∞‡∏Ñ‡∏£‡∏±‡∏ö ‡πÄ‡∏î‡∏µ‡πã‡∏¢‡∏ß‡∏û‡∏•‡∏≤‡∏î‡∏Ñ‡∏•‡∏¥‡∏õ‡πÉ‡∏´‡∏°‡πà‡πÜ ‡∏ô‡∏∞‡∏£‡∏±‡∏ö‡∏ô‡∏Å‡∏≠‡πâ‡∏ß‡∏ô‡πÑ‡∏õ‡πÄ‡∏•‡∏µ‡πâ‡∏¢‡∏á : https://www.youtube.com/channel/UC4plRabXFGdAE6HP-tBQKdQ/join...",positive,"['‡∏™‡∏ô‡∏∏‡∏Å', '‡πÄ‡∏•‡πà‡∏ô', '‡∏™‡∏ô‡∏∏‡∏Å', '‡πÄ‡∏•‡πà‡∏ô', '‡∏≠‡∏¢‡πà‡∏≤', '‡∏≠‡∏¢‡πà‡∏≤', '‡∏ï‡∏¥‡∏î‡∏ï‡∏≤‡∏°']","['‡∏•‡∏∑‡∏°', '‡∏≠‡πâ‡∏ß‡∏ô']"
58,Heartrocker,191,2021-05-20 14:16:04,https://i.ytimg.com/vi/1tprBy-6gRM/maxresdefault.jpg,https://external.fbkk12-4.fna.fbcdn.net/safe_image.php?d=AQHpEXTMHaKB9iD2&w=476&h=249&url=https%3A%2F%2Fi.ytimg.com%2Fvi%2F1tprBy-6gRM%2Fmaxresdefault.jpg&cfs=1&jq=75&ext=jpg&ccb=3-5&_nc_hash=AQFG4KQCelD2TGSg,19216,https://facebook.com/MightyCaster/posts/3800545270044604,3800545270044604,"‡∏´‡∏°‡∏≤‡∏Å‡∏±‡∏î‡∏ï‡πâ‡∏≠‡∏á‡∏¢‡∏¥‡∏á‡∏ï‡∏≠‡∏ö

‡∏´‡∏°‡∏≤‡∏Å‡∏±‡∏î‡∏ï‡πâ‡∏≠‡∏á‡∏¢‡∏¥‡∏á‡∏ï‡∏≠‡∏ö

YOUTUBE.COM
‡∏™‡∏∏‡∏ô‡∏±‡∏Ç‡∏ï‡∏±‡∏ß‡πÉ‡∏´‡∏ç‡πà‡∏ó‡∏µ‡πà‡πÉ‡∏Ñ‡∏£‡∏Å‡πá‡∏´‡∏¢‡∏µ - Days Gone On PC - Part 2
‡∏≠‡∏¢‡πà‡∏≤‡∏•‡∏∑‡∏°‡∏Å‡∏î‡∏ï‡∏¥‡∏î‡∏ï‡∏≤‡∏°‡πÅ‡∏•‡∏∞‡∏Å‡∏î‡∏Å‡∏£‡∏∞‡∏î‡∏¥‡πà‡∏á‡πÑ‡∏ß‡πâ‡∏î‡πâ‡∏ß‡∏¢‡∏ô‡∏∞‡∏Ñ‡∏£‡∏±‡∏ö ‡πÄ‡∏î‡∏µ‡πã‡∏¢‡∏ß‡∏û‡∏•‡∏≤‡∏î‡∏Ñ‡∏•‡∏¥‡∏õ‡πÉ‡∏´‡∏°‡πà‡πÜ ‡∏ô‡∏∞‡∏£‡∏±‡∏ö‡∏ô‡∏Å‡∏≠‡πâ‡∏ß‡∏ô‡πÑ‡∏õ‡πÄ‡∏•‡∏µ‡πâ‡∏¢‡∏á : https://www.youtube.com/channel/UC4plRabXFGdAE6HP-tBQKdQ/join...",negative,"['‡∏≠‡∏¢‡πà‡∏≤', '‡∏ï‡∏¥‡∏î‡∏ï‡∏≤‡∏°']","['‡∏Å‡∏±‡∏î', '‡∏Å‡∏±‡∏î', '‡∏•‡∏∑‡∏°', '‡∏≠‡πâ‡∏ß‡∏ô']"
59,Heartrocker,386,2021-05-19 12:14:10,https://i.ytimg.com/vi/rbaddA3KhIE/maxresdefault.jpg,https://external.fbkk12-4.fna.fbcdn.net/safe_image.php?d=AQENas6v5QuaBqVH&w=476&h=249&url=https%3A%2F%2Fi.ytimg.com%2Fvi%2FrbaddA3KhIE%2Fmaxresdefault.jpg&cfs=1&jq=75&ext=jpg&ccb=3-5&_nc_hash=AQGcKgB39yJY0jRK,25920,https://facebook.com/MightyCaster/posts/3797551817010616,3797551817010616,"‡∏´‡∏ô‡∏µ‡∏ü‡∏≤‡∏£‡πå‡∏°‡∏ô‡∏π‡πà‡∏ô‡∏°‡∏≤‡πÄ‡∏à‡∏≠‡∏ü‡∏≤‡∏£‡πå‡∏°‡∏ô‡∏µ‡πâ

‡∏´‡∏ô‡∏µ‡∏ü‡∏≤‡∏£‡πå‡∏°‡∏ô‡∏π‡πà‡∏ô‡∏°‡∏≤‡πÄ‡∏à‡∏≠‡∏ü‡∏≤‡∏£‡πå‡∏°‡∏ô‡∏µ‡πâ

YOUTUBE.COM
‡∏ß‡∏±‡∏ô ‡πÜ ‡∏Ç‡∏≠‡∏á‡∏ú‡∏°‡∏ó‡∏µ‡πà‡∏°‡∏±‡∏ô‡∏ú‡πà‡∏≤‡∏ô‡πÑ‡∏õ - Days Gone On PC - Part 1
‡∏≠‡∏¢‡πà‡∏≤‡∏•‡∏∑‡∏°‡∏Å‡∏î‡∏ï‡∏¥‡∏î‡∏ï‡∏≤‡∏°‡πÅ‡∏•‡∏∞‡∏Å‡∏î‡∏Å‡∏£‡∏∞‡∏î‡∏¥‡πà‡∏á‡πÑ‡∏ß‡πâ‡∏î‡πâ‡∏ß‡∏¢‡∏ô‡∏∞‡∏Ñ‡∏£‡∏±‡∏ö ‡πÄ‡∏î‡∏µ‡πã‡∏¢‡∏ß‡∏û‡∏•‡∏≤‡∏î‡∏Ñ‡∏•‡∏¥‡∏õ‡πÉ‡∏´‡∏°‡πà‡πÜ ‡∏ô‡∏∞‡∏£‡∏±‡∏ö‡∏ô‡∏Å‡∏≠‡πâ‡∏ß‡∏ô‡πÑ‡∏õ‡πÄ‡∏•‡∏µ‡πâ‡∏¢‡∏á : https://www.youtube.com/channel/UC4plRabXFGdAE6HP-tBQKdQ/join...",positive,"['‡πÄ‡∏à‡∏≠', '‡πÄ‡∏à‡∏≠', '‡∏≠‡∏¢‡πà‡∏≤', '‡∏ï‡∏¥‡∏î‡∏ï‡∏≤‡∏°']","['‡∏•‡∏∑‡∏°', '‡∏≠‡πâ‡∏ß‡∏ô']"
60,Heartrocker,162,2021-05-18 21:26:10,https://i.ytimg.com/vi/9st5aNAMXLI/maxresdefault_live.jpg,https://external.fbkk12-4.fna.fbcdn.net/safe_image.php?d=AQF8-a2Zxh0obW8w&w=476&h=249&url=https%3A%2F%2Fi.ytimg.com%2Fvi%2F9st5aNAMXLI%2Fmaxresdefault_live.jpg&cfs=1&jq=75&ext=jpg&ccb=3-5&_nc_hash=AQEMFr-jmRBIkmOl,15889,https://facebook.com/MightyCaster/posts/3795724007193397,3795724007193397,"‡∏•‡∏á‡∏ï‡∏±‡∏ß‡πÅ‡∏•‡πâ‡∏ß‡∏°‡∏≤

‡∏•‡∏á‡∏ï‡∏±‡∏ß‡πÅ‡∏•‡πâ‡∏ß‡∏°‡∏≤

YOUTUBE.COM
‡∏≠‡∏¢‡∏≤‡∏Å‡∏•‡∏á‡∏ï‡∏±‡∏ß‡πÄ‡∏£‡∏≤‡∏ï‡πâ‡∏≠‡∏á‡∏•‡∏á‡∏ï‡∏±‡∏ß | Teamfight Tactics
‡∏≠‡∏¢‡πà‡∏≤‡∏•‡∏∑‡∏°‡∏Å‡∏î‡∏ï‡∏¥‡∏î‡∏ï‡∏≤‡∏°‡πÅ‡∏•‡∏∞‡∏Å‡∏î‡∏Å‡∏£‡∏∞‡∏î‡∏¥‡πà‡∏á‡πÑ‡∏ß‡πâ‡∏î‡πâ‡∏ß‡∏¢‡∏ô‡∏∞‡∏Ñ‡∏£‡∏±‡∏ö ‡πÄ‡∏î‡∏µ‡πã‡∏¢‡∏ß‡∏û‡∏•‡∏≤‡∏î‡∏Ñ‡∏•‡∏¥‡∏õ‡πÉ‡∏´‡∏°‡πà‡πÜ ‡∏ô‡∏∞‡∏£‡∏±‡∏ö‡∏ô‡∏Å‡∏≠‡πâ‡∏ß‡∏ô‡πÑ‡∏õ‡πÄ‡∏•‡∏µ‡πâ‡∏¢‡∏á : https://www.youtube.com/channel/UC4plRabXFGdAE6HP-tBQKdQ/join...",positive,"['‡∏•‡∏á‡∏ï‡∏±‡∏ß', '‡∏•‡∏á‡∏ï‡∏±‡∏ß', '‡∏•‡∏á‡∏ï‡∏±‡∏ß', '‡∏≠‡∏¢‡πà‡∏≤', '‡∏ï‡∏¥‡∏î‡∏ï‡∏≤‡∏°']","['‡∏•‡∏∑‡∏°', '‡∏≠‡πâ‡∏ß‡∏ô']"
61,Heartrocker,221,2021-05-17 18:19:58,https://i.ytimg.com/vi/w3Sd6f7CVPM/maxresdefault.jpg,https://external.fbkk12-4.fna.fbcdn.net/safe_image.php?d=AQEvSBDUtkVk4Ljo&w=476&h=249&url=https%3A%2F%2Fi.ytimg.com%2Fvi%2Fw3Sd6f7CVPM%2Fmaxresdefault.jpg&cfs=1&jq=75&ext=jpg&ccb=3-5&_nc_hash=AQFw1JWipLKDYT6w,20372,https://facebook.com/MightyCaster/posts/3791848560914275,3791848560914275,"‡∏´‡∏±‡∏ß‡∏ü‡∏π‡∏ä‡∏≤‡πÅ‡∏ô‡∏•

‡∏´‡∏±‡∏ß‡∏ü‡∏π‡∏ä‡∏≤‡πÅ‡∏ô‡∏•

YOUTUBE.COM
‡∏≠‡∏¢‡∏≤‡∏Å‡πÄ‡∏õ‡πá‡∏ô Impostor ‡∏ï‡πâ‡∏≠‡∏á‡∏´‡∏±‡∏ß‡∏ü‡∏π - Among Us Highlight #16
‡∏≠‡∏¢‡πà‡∏≤‡∏•‡∏∑‡∏°‡∏Å‡∏î‡∏ï‡∏¥‡∏î‡∏ï‡∏≤‡∏°‡πÅ‡∏•‡∏∞‡∏Å‡∏î‡∏Å‡∏£‡∏∞‡∏î‡∏¥‡πà‡∏á‡πÑ‡∏ß‡πâ‡∏î‡πâ‡∏ß‡∏¢‡∏ô‡∏∞‡∏Ñ‡∏£‡∏±‡∏ö ‡πÄ‡∏î‡∏µ‡πã‡∏¢‡∏ß‡∏û‡∏•‡∏≤‡∏î‡∏Ñ‡∏•‡∏¥‡∏õ‡πÉ‡∏´‡∏°‡πà‡πÜ ‡∏ô‡∏∞‡∏£‡∏±‡∏ö‡∏ô‡∏Å‡∏≠‡πâ‡∏ß‡∏ô‡πÑ‡∏õ‡πÄ‡∏•‡∏µ‡πâ‡∏¢‡∏á : https://www.youtube.com/channel/UC4plRabXFGdAE6HP-tBQKdQ/join...",neutral,"['‡∏≠‡∏¢‡πà‡∏≤', '‡∏ï‡∏¥‡∏î‡∏ï‡∏≤‡∏°']","['‡∏•‡∏∑‡∏°', '‡∏≠‡πâ‡∏ß‡∏ô']"
62,Heartrocker,146,2021-05-16 20:27:43,https://i.ytimg.com/vi/A8ajS-D0kIw/maxresdefault_live.jpg,https://external.fbkk12-4.fna.fbcdn.net/safe_image.php?d=AQEhByxU0_3V_Xp4&w=476&h=249&url=https%3A%2F%2Fi.ytimg.com%2Fvi%2FA8ajS-D0kIw%2Fmaxresdefault_live.jpg&cfs=1&jq=75&ext=jpg&ccb=3-5&_nc_hash=AQGZlo-VW1Wua68Z,14534,https://facebook.com/MightyCaster/posts/3789312124501252,3789312124501252,"‡∏≠‡∏¢‡∏≤‡∏Å‡∏¢‡∏¥‡∏á‡∏ï‡πâ‡∏≠‡∏á‡πÑ‡∏î‡πâ‡∏¢‡∏¥‡∏á

‡∏≠‡∏¢‡∏≤‡∏Å‡∏¢‡∏¥‡∏á‡∏ï‡πâ‡∏≠‡∏á‡πÑ‡∏î‡πâ‡∏¢‡∏¥‡∏á

YOUTUBE.COM
LIVE - Apex Legends #17 - ‡πÑ‡∏°‡πà‡πÑ‡∏î‡πâ‡πÄ‡∏•‡πà‡∏ô‡∏ô‡∏≤‡∏ô‡∏ï‡πâ‡∏≠‡∏á‡πÄ‡∏≠‡∏≤‡∏ã‡∏∞‡∏•‡∏∞
‡∏≠‡∏¢‡πà‡∏≤‡∏•‡∏∑‡∏°‡∏Å‡∏î‡∏ï‡∏¥‡∏î‡∏ï‡∏≤‡∏°‡πÅ‡∏•‡∏∞‡∏Å‡∏î‡∏Å‡∏£‡∏∞‡∏î‡∏¥‡πà‡∏á‡πÑ‡∏ß‡πâ‡∏î‡πâ‡∏ß‡∏¢‡∏ô‡∏∞‡∏Ñ‡∏£‡∏±‡∏ö ‡πÄ‡∏î‡∏µ‡πã‡∏¢‡∏ß‡∏û‡∏•‡∏≤‡∏î‡∏Ñ‡∏•‡∏¥‡∏õ‡πÉ‡∏´‡∏°‡πà‡πÜ ‡∏ô‡∏∞‡∏£‡∏±‡∏ö‡∏ô‡∏Å‡∏≠‡πâ‡∏ß‡∏ô‡πÑ‡∏õ‡πÄ‡∏•‡∏µ‡πâ‡∏¢‡∏á : https://www.youtube.com/channel/UC4plRabXFGdAE6HP-tBQKdQ/join...",positive,"['‡πÄ‡∏•‡πà‡∏ô', '‡∏≠‡∏¢‡πà‡∏≤', '‡∏ï‡∏¥‡∏î‡∏ï‡∏≤‡∏°']","['‡∏•‡∏∑‡∏°', '‡∏≠‡πâ‡∏ß‡∏ô']"
63,Heartrocker,336,2021-05-15 20:41:29,https://i.ytimg.com/vi/jq0oE1uo4vg/maxresdefault_live.jpg,https://external.fbkk12-4.fna.fbcdn.net/safe_image.php?w=476&h=249&url=https%3A%2F%2Fi.ytimg.com%2Fvi%2Fjq0oE1uo4vg%2Fmaxresdefault_live.jpg&cfs=1&jq=75&ext=jpg&ccb=3-5&_nc_hash=AQGA9nidywrI1Xto,21956,https://facebook.com/MightyCaster/posts/3786422314790233,3786422314790233,"‡πÄ‡∏≠‡∏≤‡∏¢‡∏±‡∏á‡πÑ‡∏á

‡πÄ‡∏≠‡∏≤‡∏¢‡∏±‡∏á‡πÑ‡∏á

YOUTUBE.COM
Night of the Dead ‡∏ï‡∏≠‡∏ô‡∏ó‡∏µ‡πà 6 (‡∏û‡∏±‡∏í‡∏ô‡∏≤‡πÇ‡∏Ñ‡∏£‡∏á‡∏Å‡∏≤‡∏£‡∏ï‡πà‡∏≠)
‡∏≠‡∏¢‡πà‡∏≤‡∏•‡∏∑‡∏°‡∏Å‡∏î‡∏ï‡∏¥‡∏î‡∏ï‡∏≤‡∏°‡πÅ‡∏•‡∏∞‡∏Å‡∏î‡∏Å‡∏£‡∏∞‡∏î‡∏¥‡πà‡∏á‡πÑ‡∏ß‡πâ‡∏î‡πâ‡∏ß‡∏¢‡∏ô‡∏∞‡∏Ñ‡∏£‡∏±‡∏ö ‡πÄ‡∏î‡∏µ‡πã‡∏¢‡∏ß‡∏û‡∏•‡∏≤‡∏î‡∏Ñ‡∏•‡∏¥‡∏õ‡πÉ‡∏´‡∏°‡πà‡πÜ ‡∏ô‡∏∞‡∏£‡∏±‡∏ö‡∏ô‡∏Å‡∏≠‡πâ‡∏ß‡∏ô‡πÑ‡∏õ‡πÄ‡∏•‡∏µ‡πâ‡∏¢‡∏á : https://www.youtube.com/channel/UC4plRabXFGdAE6HP-tBQKdQ/join...",neutral,"['‡∏≠‡∏¢‡πà‡∏≤', '‡∏ï‡∏¥‡∏î‡∏ï‡∏≤‡∏°']","['‡∏•‡∏∑‡∏°', '‡∏≠‡πâ‡∏ß‡∏ô']"
64,Heartrocker,1478,2021-05-15 13:37:48,https://i.ytimg.com/vi/16PsSyz5MPc/maxresdefault.jpg,https://external.fbkk12-4.fna.fbcdn.net/safe_image.php?d=AQEdektrXlp0-rwJ&w=476&h=249&url=https%3A%2F%2Fi.ytimg.com%2Fvi%2F16PsSyz5MPc%2Fmaxresdefault.jpg&cfs=1&jq=75&ext=jpg&ccb=3-5&_nc_hash=AQGiHRq3VsCuU-s0,48592,https://facebook.com/MightyCaster/posts/3785513394881125,3785513394881125,"‡∏à‡∏ö‡πÅ‡∏•‡πâ‡∏ß‡∏Ñ‡∏£‡∏±‡∏ö ‡∏î‡∏µ‡πÉ‡∏à‡∏ó‡∏µ‡πà‡πÑ‡∏î‡πâ‡∏á‡∏±‡∏î‡πÅ‡∏á‡∏∞‡πÅ‡∏ó‡∏∞‡∏´‡∏°‡∏π‡πà‡∏ö‡πâ‡∏≤‡∏ô‡∏à‡∏ô‡πÑ‡∏°‡πà‡∏ô‡πà‡∏≤‡∏à‡∏∞‡πÄ‡∏´‡∏•‡∏∑‡∏≠‡∏≠‡∏∞‡πÑ‡∏£‡πÅ‡∏•‡πâ‡∏ß5555555555 ‡∏™‡∏ô‡∏∏‡∏Å‡∏°‡∏≤‡∏Å ‡πÄ‡∏õ‡πá‡∏ô‡∏õ‡∏£‡∏∞‡∏™‡∏ö‡∏Å‡∏≤‡∏£‡∏ì‡πå‡∏Å‡∏≤‡∏£‡πÄ‡∏•‡πà‡∏ô RE ‡∏ó‡∏µ‡πà‡∏™‡∏ô‡∏∏‡∏Å‡∏ó‡∏µ‡πà‡∏™‡∏∏‡∏î‡πÄ‡∏ó‡πà‡∏≤‡∏ó‡∏µ‡πà‡πÄ‡∏Ñ‡∏¢‡πÄ‡∏•‡πà‡∏ô‡∏°‡∏≤ ‡∏Ç‡∏≠‡∏ö‡∏Ñ‡∏∏‡∏ì‡∏ó‡∏µ‡πà‡∏ï‡∏¥‡∏î‡∏ï‡∏≤‡∏°‡∏ô‡∏∞‡∏Ñ‡∏£‡πâ‡∏≤‡∏ö‡∏ö‡∏ö‡∏¢‡∏¢

‡∏à‡∏ö‡πÅ‡∏•‡πâ‡∏ß‡∏Ñ‡∏£‡∏±‡∏ö ‡∏î‡∏µ‡πÉ‡∏à‡∏ó‡∏µ‡πà‡πÑ‡∏î‡πâ‡∏á‡∏±‡∏î‡πÅ‡∏á‡∏∞‡πÅ‡∏ó‡∏∞‡∏´‡∏°‡∏π‡πà‡∏ö‡πâ‡∏≤‡∏ô‡∏à‡∏ô‡πÑ‡∏°‡πà‡∏ô‡πà‡∏≤‡∏à‡∏∞‡πÄ‡∏´‡∏•‡∏∑‡∏≠‡∏≠‡∏∞‡πÑ‡∏£‡πÅ‡∏•‡πâ‡∏ß5555555555 ‡∏™‡∏ô‡∏∏‡∏Å‡∏°‡∏≤‡∏Å ‡πÄ‡∏õ‡πá‡∏ô‡∏õ‡∏£‡∏∞‡∏™‡∏ö‡∏Å‡∏≤‡∏£‡∏ì‡πå‡∏Å‡∏≤‡∏£‡πÄ‡∏•‡πà‡∏ô RE ‡∏ó‡∏µ‡πà‡∏™‡∏ô‡∏∏‡∏Å‡∏ó‡∏µ‡πà‡∏™‡∏∏‡∏î‡πÄ‡∏ó‡πà‡∏≤‡∏ó‡∏µ‡πà‡πÄ‡∏Ñ‡∏¢‡πÄ‡∏•‡πà‡∏ô‡∏°‡∏≤ ‡∏Ç‡∏≠‡∏ö‡∏Ñ‡∏∏‡∏ì‡∏ó‡∏µ‡πà‡∏ï‡∏¥‡∏î‡∏ï‡∏≤‡∏°‡∏ô‡∏∞‡∏Ñ‡∏£‡πâ‡∏≤‡∏ö‡∏ö‡∏ö‡∏¢‡∏¢

YOUTUBE.COM
‡∏•‡∏≤‡∏Å‡∏±‡∏ô‡∏ï‡∏£‡∏á‡∏ô‡∏µ‡πâ ‡∏à‡∏á‡∏°‡∏µ‡∏Ñ‡∏ß‡∏≤‡∏°‡∏™‡∏∏‡∏Ç - RESIDENT EVIL: VILLAGE - Part 9 (‡∏ï‡∏≠‡∏ô‡∏à‡∏ö)
‡∏≠‡∏¢‡πà‡∏≤‡∏•‡∏∑‡∏°‡∏Å‡∏î‡∏ï‡∏¥‡∏î‡∏ï‡∏≤‡∏°‡πÅ‡∏•‡∏∞‡∏Å‡∏î‡∏Å‡∏£‡∏∞‡∏î‡∏¥‡πà‡∏á‡πÑ‡∏ß‡πâ‡∏î‡πâ‡∏ß‡∏¢‡∏ô‡∏∞‡∏Ñ‡∏£‡∏±‡∏ö ‡πÄ‡∏î‡∏µ‡πã‡∏¢‡∏ß‡∏û‡∏•‡∏≤‡∏î‡∏Ñ‡∏•‡∏¥‡∏õ‡πÉ‡∏´‡∏°‡πà‡πÜ ‡∏ô‡∏∞‡∏£‡∏±‡∏ö‡∏ô‡∏Å‡∏≠‡πâ‡∏ß‡∏ô‡πÑ‡∏õ‡πÄ‡∏•‡∏µ‡πâ‡∏¢‡∏á : https://www.youtube.com/channel/UC4plRabXFGdAE6HP-tBQKdQ/join...",positive,"['‡∏î‡∏µ‡πÉ‡∏à', '‡∏™‡∏ô‡∏∏‡∏Å', '‡πÄ‡∏•‡πà‡∏ô', '‡∏™‡∏ô‡∏∏‡∏Å', '‡πÄ‡∏•‡πà‡∏ô', '‡∏Ç‡∏≠‡∏ö‡∏Ñ‡∏∏‡∏ì', '‡∏ï‡∏¥‡∏î‡∏ï‡∏≤‡∏°', '‡∏î‡∏µ‡πÉ‡∏à', '‡∏™‡∏ô‡∏∏‡∏Å', '‡πÄ‡∏•‡πà‡∏ô', '‡∏™‡∏ô‡∏∏‡∏Å', '‡πÄ‡∏•‡πà‡∏ô', '‡∏Ç‡∏≠‡∏ö‡∏Ñ‡∏∏‡∏ì', '‡∏ï‡∏¥‡∏î‡∏ï‡∏≤‡∏°', '‡∏≠‡∏¢‡πà‡∏≤', '‡∏ï‡∏¥‡∏î‡∏ï‡∏≤‡∏°']","['‡∏à‡∏ô', '‡∏à‡∏ô', '‡∏•‡∏∑‡∏°', '‡∏≠‡πâ‡∏ß‡∏ô']"
65,Heartrocker,631,2021-05-14 13:23:24,https://i.ytimg.com/vi/T4ERw14Y71g/maxresdefault.jpg,https://external.fbkk12-4.fna.fbcdn.net/safe_image.php?d=AQHzyxBvnCNgfHSL&w=476&h=249&url=https%3A%2F%2Fi.ytimg.com%2Fvi%2FT4ERw14Y71g%2Fmaxresdefault.jpg&cfs=1&jq=75&ext=jpg&ccb=3-5&_nc_hash=AQEGCZrZG7VNbHMF,34851,https://facebook.com/MightyCaster/posts/3782578128507985,3782578128507985,"‡∏Æ‡∏≤‡∏¢‡∏¢‡∏¢‡∏¢‡∏¢‡∏¢‡∏¢‡∏¢‡∏¢ ‡πÄ‡∏ã‡∏ô‡∏ô‡∏ô‡∏ô‡∏ô‡∏ô‡∏ô‡∏ô‡∏ô ‡πÄ‡∏ö‡∏¥‡πä‡∏Å‡∏Å‡∏Å‡∏Å‡∏Å‡∏Å‡∏Å‡∏Å‡∏Å‡∏Å‡∏Å‡∏Å‡∏Å‡∏Å‡∏Å‡∏Å

‡∏Æ‡∏≤‡∏¢‡∏¢‡∏¢‡∏¢‡∏¢‡∏¢‡∏¢‡∏¢‡∏¢ ‡πÄ‡∏ã‡∏ô‡∏ô‡∏ô‡∏ô‡∏ô‡∏ô‡∏ô‡∏ô‡∏ô ‡πÄ‡∏ö‡∏¥‡πä‡∏Å‡∏Å‡∏Å‡∏Å‡∏Å‡∏Å‡∏Å‡∏Å‡∏Å‡∏Å‡∏Å‡∏Å‡∏Å‡∏Å‡∏Å‡∏Å

YOUTUBE.COM
‡∏Ç‡∏≠‡∏á‡∏´‡∏°‡∏î‡∏à‡∏ö‡∏™‡∏¥‡πâ‡∏ô ‡∏î‡∏¥‡πâ‡∏ô‡∏£‡∏ô‡∏≠‡∏¢‡πà‡∏≤‡∏á‡πÑ‡∏£ - RESIDENT EVIL: VILLAGE - Part 8
‡∏≠‡∏¢‡πà‡∏≤‡∏•‡∏∑‡∏°‡∏Å‡∏î‡∏ï‡∏¥‡∏î‡∏ï‡∏≤‡∏°‡πÅ‡∏•‡∏∞‡∏Å‡∏î‡∏Å‡∏£‡∏∞‡∏î‡∏¥‡πà‡∏á‡πÑ‡∏ß‡πâ‡∏î‡πâ‡∏ß‡∏¢‡∏ô‡∏∞‡∏Ñ‡∏£‡∏±‡∏ö ‡πÄ‡∏î‡∏µ‡πã‡∏¢‡∏ß‡∏û‡∏•‡∏≤‡∏î‡∏Ñ‡∏•‡∏¥‡∏õ‡πÉ‡∏´‡∏°‡πà‡πÜ ‡∏ô‡∏∞‡∏£‡∏±‡∏ö‡∏ô‡∏Å‡∏≠‡πâ‡∏ß‡∏ô‡πÑ‡∏õ‡πÄ‡∏•‡∏µ‡πâ‡∏¢‡∏á : https://www.youtube.com/channel/UC4plRabXFGdAE6HP-tBQKdQ/join...",positive,"['‡∏Æ‡∏≤', '‡∏Æ‡∏≤', '‡∏≠‡∏¢‡πà‡∏≤', '‡∏ï‡∏¥‡∏î‡∏ï‡∏≤‡∏°']","['‡∏•‡∏∑‡∏°', '‡∏≠‡πâ‡∏ß‡∏ô']"
66,Heartrocker,535,2021-05-13 12:04:56,https://i.ytimg.com/vi/9JLb6Rdeh5U/maxresdefault.jpg,https://external.fbkk12-4.fna.fbcdn.net/safe_image.php?d=AQEGzvuro2_1UqTZ&w=476&h=249&url=https%3A%2F%2Fi.ytimg.com%2Fvi%2F9JLb6Rdeh5U%2Fmaxresdefault.jpg&cfs=1&jq=75&ext=jpg&ccb=3-5&_nc_hash=AQGcjaqa68v7K9ez,31113,https://facebook.com/MightyCaster/posts/3779535345478930,3779535345478930,"‡∏û‡∏≤‡∏£‡πå‡∏ó‡∏ô‡∏µ‡πâ‡∏¢‡∏¥‡∏á‡πÄ‡∏¢‡∏≠‡∏∞‡∏¢‡∏¥‡∏á‡∏¢‡∏±‡∏ö‡∏°‡∏≤‡∏Å ‡∏£‡∏∞‡∏ß‡∏±‡∏á‡∏´‡∏π‡∏î‡∏±‡∏ö‡∏ô‡∏∞‡∏Ñ‡∏£‡πâ‡∏≤‡∏ö‡∏ö‡∏ö‡∏ö

‡∏û‡∏≤‡∏£‡πå‡∏ó‡∏ô‡∏µ‡πâ‡∏¢‡∏¥‡∏á‡πÄ‡∏¢‡∏≠‡∏∞‡∏¢‡∏¥‡∏á‡∏¢‡∏±‡∏ö‡∏°‡∏≤‡∏Å ‡∏£‡∏∞‡∏ß‡∏±‡∏á‡∏´‡∏π‡∏î‡∏±‡∏ö‡∏ô‡∏∞‡∏Ñ‡∏£‡πâ‡∏≤‡∏ö‡∏ö‡∏ö‡∏ö

YOUTUBE.COM
‡∏Ç‡∏≠‡πÄ‡∏û‡∏ä‡∏£‡∏ï‡∏£‡∏á‡∏´‡∏ô‡πâ‡∏≤ ‡∏à‡∏≤‡∏Å‡∏ü‡πâ‡∏≤‡∏™‡∏π‡πà‡∏î‡∏¥‡∏ô - RESIDENT EVIL: VILLAGE - Part 7
‡∏≠‡∏¢‡πà‡∏≤‡∏•‡∏∑‡∏°‡∏Å‡∏î‡∏ï‡∏¥‡∏î‡∏ï‡∏≤‡∏°‡πÅ‡∏•‡∏∞‡∏Å‡∏î‡∏Å‡∏£‡∏∞‡∏î‡∏¥‡πà‡∏á‡πÑ‡∏ß‡πâ‡∏î‡πâ‡∏ß‡∏¢‡∏ô‡∏∞‡∏Ñ‡∏£‡∏±‡∏ö ‡πÄ‡∏î‡∏µ‡πã‡∏¢‡∏ß‡∏û‡∏•‡∏≤‡∏î‡∏Ñ‡∏•‡∏¥‡∏õ‡πÉ‡∏´‡∏°‡πà‡πÜ ‡∏ô‡∏∞‡∏£‡∏±‡∏ö‡∏ô‡∏Å‡∏≠‡πâ‡∏ß‡∏ô‡πÑ‡∏õ‡πÄ‡∏•‡∏µ‡πâ‡∏¢‡∏á : https://www.youtube.com/channel/UC4plRabXFGdAE6HP-tBQKdQ/join...",neutral,"['‡∏£‡∏∞‡∏ß‡∏±‡∏á', '‡∏£‡∏∞‡∏ß‡∏±‡∏á', '‡∏≠‡∏¢‡πà‡∏≤', '‡∏ï‡∏¥‡∏î‡∏ï‡∏≤‡∏°']","['‡∏¢‡∏±‡∏ö', '‡∏¢‡∏±‡∏ö', '‡∏•‡∏∑‡∏°', '‡∏≠‡πâ‡∏ß‡∏ô']"
67,Heartrocker,563,2021-05-12 12:06:30,https://i.ytimg.com/vi/Htq9PlTvRjU/maxresdefault.jpg,https://external.fbkk12-4.fna.fbcdn.net/safe_image.php?d=AQEtxJsNKaNy6VDC&w=476&h=249&url=https%3A%2F%2Fi.ytimg.com%2Fvi%2FHtq9PlTvRjU%2Fmaxresdefault.jpg&cfs=1&jq=75&ext=jpg&ccb=3-5&_nc_hash=AQFu59NUtFLoGwop,32369,https://facebook.com/MightyCaster/posts/3776507902448341,3776507902448341,"‡∏ñ‡∏∂‡∏á‡∏à‡∏∞‡πÄ‡∏õ‡πá‡∏ô‡∏ö‡πà‡∏≠‡∏ô‡πâ‡∏≥ ‡πÅ‡∏ï‡πà‡∏ñ‡πâ‡∏≤‡∏°‡∏µ‡πÑ‡∏Å‡πà‡∏Å‡∏≤‡∏õ‡∏•‡∏≤‡πÅ‡∏´‡πâ‡∏á‡πÄ‡∏£‡∏≤‡∏Ç‡∏ô‡∏´‡∏°‡∏î‡∏≠‡∏¢‡∏π‡πà‡∏î‡∏µ

‡∏ñ‡∏∂‡∏á‡∏à‡∏∞‡πÄ‡∏õ‡πá‡∏ô‡∏ö‡πà‡∏≠‡∏ô‡πâ‡∏≥ ‡πÅ‡∏ï‡πà‡∏ñ‡πâ‡∏≤‡∏°‡∏µ‡πÑ‡∏Å‡πà‡∏Å‡∏≤‡∏õ‡∏•‡∏≤‡πÅ‡∏´‡πâ‡∏á‡πÄ‡∏£‡∏≤‡∏Ç‡∏ô‡∏´‡∏°‡∏î‡∏≠‡∏¢‡∏π‡πà‡∏î‡∏µ

YOUTUBE.COM
‡∏Å‡∏µ‡πà‡∏ï‡∏±‡∏ß‡∏Å‡πá‡πÑ‡∏´‡∏ß ‡πÉ‡∏à‡πÅ‡∏Å‡∏£‡πà‡∏á‡∏î‡∏±‡πà‡∏á‡∏´‡∏¥‡∏ô - RESIDENT EVIL: VILLAGE - Part 6
‡∏≠‡∏¢‡πà‡∏≤‡∏•‡∏∑‡∏°‡∏Å‡∏î‡∏ï‡∏¥‡∏î‡∏ï‡∏≤‡∏°‡πÅ‡∏•‡∏∞‡∏Å‡∏î‡∏Å‡∏£‡∏∞‡∏î‡∏¥‡πà‡∏á‡πÑ‡∏ß‡πâ‡∏î‡πâ‡∏ß‡∏¢‡∏ô‡∏∞‡∏Ñ‡∏£‡∏±‡∏ö ‡πÄ‡∏î‡∏µ‡πã‡∏¢‡∏ß‡∏û‡∏•‡∏≤‡∏î‡∏Ñ‡∏•‡∏¥‡∏õ‡πÉ‡∏´‡∏°‡πà‡πÜ ‡∏ô‡∏∞‡∏£‡∏±‡∏ö‡∏ô‡∏Å‡∏≠‡πâ‡∏ß‡∏ô‡πÑ‡∏õ‡πÄ‡∏•‡∏µ‡πâ‡∏¢‡∏á : https://www.youtube.com/channel/UC4plRabXFGdAE6HP-tBQKdQ/join...",neutral,"['‡∏≠‡∏¢‡πà‡∏≤', '‡∏ï‡∏¥‡∏î‡∏ï‡∏≤‡∏°']","['‡∏•‡∏∑‡∏°', '‡∏≠‡πâ‡∏ß‡∏ô']"
68,Heartrocker,1927,2021-05-11 14:47:11,,https://scontent.fbkk12-1.fna.fbcdn.net/v/t1.6435-0/cp0/e15/q65/p320x320/185073345_3773790369386761_710937735809811979_n.jpg?_nc_cat=101&ccb=1-3&_nc_sid=110474&_nc_ohc=ZElIytpk9qMAX_pldFD&_nc_ht=scontent.fbkk12-1.fna&tp=3&oh=91c80f954e60cbeb96ee40e5bd9ffc0c&oe=60E958E8,71466,https://facebook.com/MightyCaster/posts/3773792962719835,3773792962719835,"‡πÅ‡∏ö‡∏ô‡πÑ‡∏õ‡∏´‡∏•‡∏≤‡∏¢‡∏Ñ‡∏ô‡πÅ‡∏•‡πâ‡∏ß‡∏ô‡∏∞ ‡∏≠‡∏¢‡πà‡∏≤‡∏î‡∏π‡∏ñ‡∏π‡∏Å‡πÑ‡∏≠‡∏™‡∏≠‡∏á!
cr. Everything is Cartoon

‡πÅ‡∏ö‡∏ô‡πÑ‡∏õ‡∏´‡∏•‡∏≤‡∏¢‡∏Ñ‡∏ô‡πÅ‡∏•‡πâ‡∏ß‡∏ô‡∏∞ ‡∏≠‡∏¢‡πà‡∏≤‡∏î‡∏π‡∏ñ‡∏π‡∏Å‡πÑ‡∏≠‡∏™‡∏≠‡∏á!
cr. Everything is Cartoon

",neutral,"['‡∏≠‡∏¢‡πà‡∏≤', '‡∏≠‡∏¢‡πà‡∏≤']","['‡∏î‡∏π‡∏ñ‡∏π‡∏Å', '‡∏î‡∏π‡∏ñ‡∏π‡∏Å']"
69,Heartrocker,666,2021-05-11 10:57:56,https://i.ytimg.com/vi/j8bFcXSbewM/maxresdefault.jpg,https://external.fbkk12-4.fna.fbcdn.net/safe_image.php?d=AQEpDEWSaanU41lh&w=476&h=249&url=https%3A%2F%2Fi.ytimg.com%2Fvi%2Fj8bFcXSbewM%2Fmaxresdefault.jpg&cfs=1&jq=75&ext=jpg&ccb=3-5&_nc_hash=AQEaD19CmaFUA314,31311,https://facebook.com/MightyCaster/posts/3773371402761991,3773371402761991,"‡πÄ‡∏Å‡∏°‡∏≠‡∏∞‡πÑ‡∏£‡∏ô‡∏∞‡∏á‡∏á ‡∏ô‡∏µ‡πà‡∏°‡∏±‡∏ô‡∏Ñ‡∏ô‡∏•‡∏∞‡πÄ‡∏Å‡∏°‡∏°‡∏°‡∏°‡∏°‡∏°‡∏°

‡πÄ‡∏Å‡∏°‡∏≠‡∏∞‡πÑ‡∏£‡∏ô‡∏∞‡∏á‡∏á ‡∏ô‡∏µ‡πà‡∏°‡∏±‡∏ô‡∏Ñ‡∏ô‡∏•‡∏∞‡πÄ‡∏Å‡∏°‡∏°‡∏°‡∏°‡∏°‡∏°‡∏°

YOUTUBE.COM
‡∏´‡∏ß‡∏≤‡∏î‡∏Å‡∏•‡∏±‡∏ß‡∏à‡∏±‡∏î‡πÄ‡∏ï‡πá‡∏° ‡πÄ‡∏Å‡∏°‡∏ó‡∏µ‡πà‡πÄ‡∏õ‡∏•‡∏µ‡πà‡∏¢‡∏ô‡πÑ‡∏õ - RESIDENT EVIL: VILLAGE - Part 5
‡∏≠‡∏¢‡πà‡∏≤‡∏•‡∏∑‡∏°‡∏Å‡∏î‡∏ï‡∏¥‡∏î‡∏ï‡∏≤‡∏°‡πÅ‡∏•‡∏∞‡∏Å‡∏î‡∏Å‡∏£‡∏∞‡∏î‡∏¥‡πà‡∏á‡πÑ‡∏ß‡πâ‡∏î‡πâ‡∏ß‡∏¢‡∏ô‡∏∞‡∏Ñ‡∏£‡∏±‡∏ö ‡πÄ‡∏î‡∏µ‡πã‡∏¢‡∏ß‡∏û‡∏•‡∏≤‡∏î‡∏Ñ‡∏•‡∏¥‡∏õ‡πÉ‡∏´‡∏°‡πà‡πÜ ‡∏ô‡∏∞‡∏£‡∏±‡∏ö‡∏ô‡∏Å‡∏≠‡πâ‡∏ß‡∏ô‡πÑ‡∏õ‡πÄ‡∏•‡∏µ‡πâ‡∏¢‡∏á : https://www.youtube.com/channel/UC4plRabXFGdAE6HP-tBQKdQ/join...",negative,"['‡πÄ‡∏ï‡πá‡∏°', '‡∏≠‡∏¢‡πà‡∏≤', '‡∏ï‡∏¥‡∏î‡∏ï‡∏≤‡∏°']","['‡∏á‡∏á', '‡∏á‡∏á', '‡∏•‡∏∑‡∏°', '‡∏≠‡πâ‡∏ß‡∏ô']"
70,Heartrocker,658,2021-05-10 13:30:41,https://i.ytimg.com/vi/zj5V3qCKcLs/maxresdefault.jpg,https://external.fbkk12-4.fna.fbcdn.net/safe_image.php?d=AQGIl4E4qrI32lGw&w=476&h=249&url=https%3A%2F%2Fi.ytimg.com%2Fvi%2Fzj5V3qCKcLs%2Fmaxresdefault.jpg&cfs=1&jq=75&ext=jpg&ccb=3-5&_nc_hash=AQFs5T4UCO9_ZaFa,33357,https://facebook.com/MightyCaster/posts/3770767459689052,3770767459689052,"‡πÑ‡∏õ‡∏Ñ‡∏£‡∏±‡∏ö ‡∏ò‡∏∏‡∏£‡∏Å‡∏¥‡∏à‡∏õ‡∏•‡πâ‡∏ô‡∏ö‡πâ‡∏≤‡∏ô‡∏£‡∏≠‡πÄ‡∏£‡∏≤‡∏≠‡∏¢‡∏π‡πà

‡πÑ‡∏õ‡∏Ñ‡∏£‡∏±‡∏ö ‡∏ò‡∏∏‡∏£‡∏Å‡∏¥‡∏à‡∏õ‡∏•‡πâ‡∏ô‡∏ö‡πâ‡∏≤‡∏ô‡∏£‡∏≠‡πÄ‡∏£‡∏≤‡∏≠‡∏¢‡∏π‡πà

YOUTUBE.COM
‡∏´‡∏°‡∏î‡∏™‡∏¥‡πâ‡∏ô‡∏°‡∏•‡∏≤‡∏¢ ‡∏¢‡πâ‡∏≤‡∏¢‡∏ñ‡∏¥‡πà‡∏ô‡∏ó‡∏≥‡∏Å‡∏¥‡∏ô - RESIDENT EVIL: VILLAGE - Part 4
‡∏≠‡∏¢‡πà‡∏≤‡∏•‡∏∑‡∏°‡∏Å‡∏î‡∏ï‡∏¥‡∏î‡∏ï‡∏≤‡∏°‡πÅ‡∏•‡∏∞‡∏Å‡∏î‡∏Å‡∏£‡∏∞‡∏î‡∏¥‡πà‡∏á‡πÑ‡∏ß‡πâ‡∏î‡πâ‡∏ß‡∏¢‡∏ô‡∏∞‡∏Ñ‡∏£‡∏±‡∏ö ‡πÄ‡∏î‡∏µ‡πã‡∏¢‡∏ß‡∏û‡∏•‡∏≤‡∏î‡∏Ñ‡∏•‡∏¥‡∏õ‡πÉ‡∏´‡∏°‡πà‡πÜ ‡∏ô‡∏∞‡∏£‡∏±‡∏ö‡∏ô‡∏Å‡∏≠‡πâ‡∏ß‡∏ô‡πÑ‡∏õ‡πÄ‡∏•‡∏µ‡πâ‡∏¢‡∏á : https://www.youtube.com/channel/UC4plRabXFGdAE6HP-tBQKdQ/join...",negative,"['‡∏≠‡∏¢‡πà‡∏≤', '‡∏ï‡∏¥‡∏î‡∏ï‡∏≤‡∏°']","['‡∏õ‡∏•‡πâ‡∏ô', '‡∏õ‡∏•‡πâ‡∏ô', '‡∏•‡∏∑‡∏°', '‡∏≠‡πâ‡∏ß‡∏ô']"
71,Heartrocker,162,2021-05-09 20:46:43,https://i.ytimg.com/vi/Dn3IJUX8f9w/maxresdefault_live.jpg,https://external.fbkk12-4.fna.fbcdn.net/safe_image.php?d=AQGwl2JtMQbzizY9&w=476&h=249&url=https%3A%2F%2Fi.ytimg.com%2Fvi%2FDn3IJUX8f9w%2Fmaxresdefault_live.jpg&cfs=1&jq=75&ext=jpg&ccb=3-5&_nc_hash=AQFupLOQUMBG3leD,15994,https://facebook.com/MightyCaster/posts/3768686146563850,3768686146563850,"‡∏à‡∏∞‡∏ä‡∏ô‡∏∞‡∏´‡∏£‡∏∑‡∏≠‡πÑ‡∏°‡πà‡∏Ç‡∏∂‡πâ‡∏ô‡∏≠‡∏¢‡∏π‡πà‡∏Å‡∏±‡∏ö‡∏Å‡∏≤‡∏£‡∏ß‡∏≤‡∏á‡∏ï‡∏±‡∏ß

‡∏à‡∏∞‡∏ä‡∏ô‡∏∞‡∏´‡∏£‡∏∑‡∏≠‡πÑ‡∏°‡πà‡∏Ç‡∏∂‡πâ‡∏ô‡∏≠‡∏¢‡∏π‡πà‡∏Å‡∏±‡∏ö‡∏Å‡∏≤‡∏£‡∏ß‡∏≤‡∏á‡∏ï‡∏±‡∏ß

YOUTUBE.COM
‡∏ó‡∏µ‡∏°‡∏ï‡πà‡∏≠‡∏™‡∏π‡πâ‡∏ó‡∏µ‡πà‡∏•‡∏∑‡∏°‡∏•‡∏á‡∏ï‡∏±‡∏ß | Teamfight Tactics
‡∏≠‡∏¢‡πà‡∏≤‡∏•‡∏∑‡∏°‡∏Å‡∏î‡∏ï‡∏¥‡∏î‡∏ï‡∏≤‡∏°‡πÅ‡∏•‡∏∞‡∏Å‡∏î‡∏Å‡∏£‡∏∞‡∏î‡∏¥‡πà‡∏á‡πÑ‡∏ß‡πâ‡∏î‡πâ‡∏ß‡∏¢‡∏ô‡∏∞‡∏Ñ‡∏£‡∏±‡∏ö ‡πÄ‡∏î‡∏µ‡πã‡∏¢‡∏ß‡∏û‡∏•‡∏≤‡∏î‡∏Ñ‡∏•‡∏¥‡∏õ‡πÉ‡∏´‡∏°‡πà‡πÜ ‡∏ô‡∏∞‡∏£‡∏±‡∏ö‡∏ô‡∏Å‡∏≠‡πâ‡∏ß‡∏ô‡πÑ‡∏õ‡πÄ‡∏•‡∏µ‡πâ‡∏¢‡∏á : https://www.youtube.com/channel/UC4plRabXFGdAE6HP-tBQKdQ/join...",positive,"['‡∏ä‡∏ô‡∏∞', '‡∏ä‡∏ô‡∏∞', '‡∏•‡∏á‡∏ï‡∏±‡∏ß', '‡∏≠‡∏¢‡πà‡∏≤', '‡∏ï‡∏¥‡∏î‡∏ï‡∏≤‡∏°']","['‡∏ï‡πà‡∏≠‡∏™‡∏π‡πâ', '‡∏•‡∏∑‡∏°', '‡∏•‡∏∑‡∏°', '‡∏≠‡πâ‡∏ß‡∏ô']"
72,Heartrocker,782,2021-05-09 13:03:25,https://i.ytimg.com/vi/dwcfWXcujGo/maxresdefault.jpg,https://external.fbkk12-4.fna.fbcdn.net/safe_image.php?d=AQHKBR3IG27D4TdI&w=476&h=249&url=https%3A%2F%2Fi.ytimg.com%2Fvi%2FdwcfWXcujGo%2Fmaxresdefault.jpg&cfs=1&jq=75&ext=jpg&ccb=3-5&_nc_hash=AQFt-QLt79sgDIkA,35964,https://facebook.com/MightyCaster/posts/3767726216659843,3767726216659843,"‡∏†‡∏π‡∏°‡∏¥‡πÉ‡∏à‡∏ô‡∏≥‡πÄ‡∏™‡∏ô‡∏≠‡∏°‡∏≤‡∏Å ‡πÜ ‡∏û‡∏≤‡∏£‡πå‡∏ó‡∏ô‡∏µ‡πâ ‡∏≠‡∏¢‡πà‡∏≤‡∏•‡∏∑‡∏°‡∏°‡∏≤‡∏™‡∏ô‡∏∏‡∏Å‡∏Å‡∏±‡∏ô‡πÄ‡∏¢‡∏≠‡∏∞ ‡πÜ ‡∏ô‡∏∞‡∏Ñ‡∏£‡∏±‡∏ö 55555555555

‡∏†‡∏π‡∏°‡∏¥‡πÉ‡∏à‡∏ô‡∏≥‡πÄ‡∏™‡∏ô‡∏≠‡∏°‡∏≤‡∏Å ‡πÜ ‡∏û‡∏≤‡∏£‡πå‡∏ó‡∏ô‡∏µ‡πâ ‡∏≠‡∏¢‡πà‡∏≤‡∏•‡∏∑‡∏°‡∏°‡∏≤‡∏™‡∏ô‡∏∏‡∏Å‡∏Å‡∏±‡∏ô‡πÄ‡∏¢‡∏≠‡∏∞ ‡πÜ ‡∏ô‡∏∞‡∏Ñ‡∏£‡∏±‡∏ö 55555555555

YOUTUBE.COM
‡∏ß‡πà‡∏≤‡∏ú‡∏°‡πÑ‡∏°‡πà‡∏™‡∏î ‡∏õ‡∏£‡∏∞‡∏ä‡∏î‡∏Ñ‡∏∏‡∏ì‡∏ô‡∏≤‡∏¢ - RESIDENT EVIL: VILLAGE - Part 3
‡∏≠‡∏¢‡πà‡∏≤‡∏•‡∏∑‡∏°‡∏Å‡∏î‡∏ï‡∏¥‡∏î‡∏ï‡∏≤‡∏°‡πÅ‡∏•‡∏∞‡∏Å‡∏î‡∏Å‡∏£‡∏∞‡∏î‡∏¥‡πà‡∏á‡πÑ‡∏ß‡πâ‡∏î‡πâ‡∏ß‡∏¢‡∏ô‡∏∞‡∏Ñ‡∏£‡∏±‡∏ö ‡πÄ‡∏î‡∏µ‡πã‡∏¢‡∏ß‡∏û‡∏•‡∏≤‡∏î‡∏Ñ‡∏•‡∏¥‡∏õ‡πÉ‡∏´‡∏°‡πà‡πÜ ‡∏ô‡∏∞‡∏£‡∏±‡∏ö‡∏ô‡∏Å‡∏≠‡πâ‡∏ß‡∏ô‡πÑ‡∏õ‡πÄ‡∏•‡∏µ‡πâ‡∏¢‡∏á : https://www.youtube.com/channel/UC4plRabXFGdAE6HP-tBQKdQ/join...",positive,"['‡∏†‡∏π‡∏°‡∏¥‡πÉ‡∏à', '‡∏≠‡∏¢‡πà‡∏≤', '‡∏™‡∏ô‡∏∏‡∏Å', '‡∏†‡∏π‡∏°‡∏¥‡πÉ‡∏à', '‡∏≠‡∏¢‡πà‡∏≤', '‡∏™‡∏ô‡∏∏‡∏Å', '‡∏™‡∏î', '‡∏≠‡∏¢‡πà‡∏≤', '‡∏ï‡∏¥‡∏î‡∏ï‡∏≤‡∏°']","['‡∏•‡∏∑‡∏°', '‡∏•‡∏∑‡∏°', '‡∏õ‡∏£‡∏∞‡∏ä‡∏î', '‡∏•‡∏∑‡∏°', '‡∏≠‡πâ‡∏ß‡∏ô']"
73,Heartrocker,381,2021-05-08 22:13:26,https://i.ytimg.com/vi/Bt0gjSJudh4/maxresdefault_live.jpg,https://external.fbkk12-4.fna.fbcdn.net/safe_image.php?d=AQGPPCpz3Gc92dFz&w=476&h=249&url=https%3A%2F%2Fi.ytimg.com%2Fvi%2FBt0gjSJudh4%2Fmaxresdefault_live.jpg&cfs=1&jq=75&ext=jpg&ccb=3-5&_nc_hash=AQHHrjlycbG_pTDD,15419,https://facebook.com/MightyCaster/posts/3765903296842135,3765903296842135,"‡∏¢‡∏¥‡∏á‡∏™‡∏±‡∏Å‡∏™‡∏≠‡∏á‡∏ä‡∏±‡πà‡∏ß‡πÇ‡∏°‡∏á

‡∏¢‡∏¥‡∏á‡∏™‡∏±‡∏Å‡∏™‡∏≠‡∏á‡∏ä‡∏±‡πà‡∏ß‡πÇ‡∏°‡∏á

YOUTUBE.COM
‡∏¢‡∏¥‡∏á‡∏™‡∏±‡∏Å‡∏™‡∏≠‡∏á‡∏ä‡∏±‡πà‡∏ß‡πÇ‡∏°‡∏á
‡∏≠‡∏¢‡πà‡∏≤‡∏•‡∏∑‡∏°‡∏Å‡∏î‡∏ï‡∏¥‡∏î‡∏ï‡∏≤‡∏°‡πÅ‡∏•‡∏∞‡∏Å‡∏î‡∏Å‡∏£‡∏∞‡∏î‡∏¥‡πà‡∏á‡πÑ‡∏ß‡πâ‡∏î‡πâ‡∏ß‡∏¢‡∏ô‡∏∞‡∏Ñ‡∏£‡∏±‡∏ö ‡πÄ‡∏î‡∏µ‡πã‡∏¢‡∏ß‡∏û‡∏•‡∏≤‡∏î‡∏Ñ‡∏•‡∏¥‡∏õ‡πÉ‡∏´‡∏°‡πà‡πÜ ‡∏ô‡∏∞‡∏£‡∏±‡∏ö‡∏ô‡∏Å‡∏≠‡πâ‡∏ß‡∏ô‡πÑ‡∏õ‡πÄ‡∏•‡∏µ‡πâ‡∏¢‡∏á : https://www.youtube.com/channel/UC4plRabXFGdAE6HP-tBQKdQ/join...",neutral,"['‡∏≠‡∏¢‡πà‡∏≤', '‡∏ï‡∏¥‡∏î‡∏ï‡∏≤‡∏°']","['‡∏•‡∏∑‡∏°', '‡∏≠‡πâ‡∏ß‡∏ô']"
74,Heartrocker,2916,2021-05-08 12:21:08,https://i.ytimg.com/vi/acIK65-E07k/maxresdefault.jpg,https://external.fbkk12-4.fna.fbcdn.net/safe_image.php?d=AQFqX3-ASSgY_Q5v&w=476&h=249&url=https%3A%2F%2Fi.ytimg.com%2Fvi%2FacIK65-E07k%2Fmaxresdefault.jpg&cfs=1&jq=75&ext=jpg&ccb=3-5&_nc_hash=AQE2rdHOlaZHb79Y,36099,https://facebook.com/MightyCaster/posts/3764664926965972,3764664926965972,"‡∏ß‡∏±‡∏ô‡∏î‡∏µ ‡πÜ ‡πÑ‡∏î‡πâ‡πÄ‡∏•‡πà‡∏ô‡πÄ‡∏Å‡∏°‡∏ó‡∏µ‡πà‡∏ä‡∏∑‡πà‡∏ô‡∏ä‡∏≠‡∏ö‡∏Å‡πá‡∏™‡∏∏‡∏Ç‡πÉ‡∏à ‡πÅ‡∏ï‡πà‡πÑ‡∏°‡πà‡πÑ‡∏î‡πâ‡∏•‡∏∑‡∏°‡πÅ‡∏ä‡∏£‡πå‡∏ô‡∏∞

‡∏ß‡∏±‡∏ô‡∏î‡∏µ ‡πÜ ‡πÑ‡∏î‡πâ‡πÄ‡∏•‡πà‡∏ô‡πÄ‡∏Å‡∏°‡∏ó‡∏µ‡πà‡∏ä‡∏∑‡πà‡∏ô‡∏ä‡∏≠‡∏ö‡∏Å‡πá‡∏™‡∏∏‡∏Ç‡πÉ‡∏à ‡πÅ‡∏ï‡πà‡πÑ‡∏°‡πà‡πÑ‡∏î‡πâ‡∏•‡∏∑‡∏°‡πÅ‡∏ä‡∏£‡πå‡∏ô‡∏∞

YOUTUBE.COM
‡πÑ‡∏°‡πà‡∏£‡∏≠‡∏ä‡πâ‡∏≤ ‡∏Ñ‡∏ß‡πâ‡∏≤‡∏Ç‡∏≠‡∏á‡∏°‡∏≤‡∏Ç‡∏≤‡∏¢ - RESIDENT EVIL: VILLAGE - Part 2
‡∏≠‡∏¢‡πà‡∏≤‡∏•‡∏∑‡∏°‡∏Å‡∏î‡∏ï‡∏¥‡∏î‡∏ï‡∏≤‡∏°‡πÅ‡∏•‡∏∞‡∏Å‡∏î‡∏Å‡∏£‡∏∞‡∏î‡∏¥‡πà‡∏á‡πÑ‡∏ß‡πâ‡∏î‡πâ‡∏ß‡∏¢‡∏ô‡∏∞‡∏Ñ‡∏£‡∏±‡∏ö ‡πÄ‡∏î‡∏µ‡πã‡∏¢‡∏ß‡∏û‡∏•‡∏≤‡∏î‡∏Ñ‡∏•‡∏¥‡∏õ‡πÉ‡∏´‡∏°‡πà‡πÜ ‡∏ô‡∏∞‡∏£‡∏±‡∏ö‡∏ô‡∏Å‡∏≠‡πâ‡∏ß‡∏ô‡πÑ‡∏õ‡πÄ‡∏•‡∏µ‡πâ‡∏¢‡∏á : https://www.youtube.com/channel/UC4plRabXFGdAE6HP-tBQKdQ/join...",positive,"['‡πÄ‡∏•‡πà‡∏ô', '‡πÄ‡∏•‡πà‡∏ô', '‡∏≠‡∏¢‡πà‡∏≤', '‡∏ï‡∏¥‡∏î‡∏ï‡∏≤‡∏°']","['‡∏•‡∏∑‡∏°', '‡∏•‡∏∑‡∏°', '‡∏•‡∏∑‡∏°', '‡∏≠‡πâ‡∏ß‡∏ô']"
75,Heartrocker,1289,2021-05-07 15:04:59,https://i.ytimg.com/vi/2PEySJKI3pg/maxresdefault.jpg,https://external.fbkk12-4.fna.fbcdn.net/safe_image.php?d=AQF8alrfumrN-6-2&w=476&h=249&url=https%3A%2F%2Fi.ytimg.com%2Fvi%2F2PEySJKI3pg%2Fmaxresdefault.jpg&cfs=1&jq=75&ext=jpg&ccb=3-5&_nc_hash=AQFAOuiclAkRcPRX,42537,https://facebook.com/MightyCaster/posts/3761978227234642,3761978227234642,"‡∏ú‡∏°‡∏à‡∏∞‡∏•‡∏∑‡∏°‡πÅ‡∏ä‡∏£‡πå‡πÑ‡∏î‡πâ‡∏¢‡∏±‡∏á‡πÑ‡∏á‡πÄ‡∏Å‡∏°‡πÇ‡∏õ‡∏£‡∏î‡πÅ‡∏ö‡∏ö‡∏ô‡∏µ‡πâ ‡πÑ‡∏°‡πà‡∏°‡∏µ‡∏ó‡∏≤‡∏á‡∏á‡πà‡∏∞ ‡∏≠‡∏¢‡πà‡∏≤‡∏°‡∏≤‡∏ö‡∏≠‡∏Å‡∏ß‡πà‡∏≤‡∏ú‡∏°‡∏•‡∏∑‡∏°‡πÅ‡∏ä‡∏£‡πå

‡∏ú‡∏°‡∏à‡∏∞‡∏•‡∏∑‡∏°‡πÅ‡∏ä‡∏£‡πå‡πÑ‡∏î‡πâ‡∏¢‡∏±‡∏á‡πÑ‡∏á‡πÄ‡∏Å‡∏°‡πÇ‡∏õ‡∏£‡∏î‡πÅ‡∏ö‡∏ö‡∏ô‡∏µ‡πâ ‡πÑ‡∏°‡πà‡∏°‡∏µ‡∏ó‡∏≤‡∏á‡∏á‡πà‡∏∞ ‡∏≠‡∏¢‡πà‡∏≤‡∏°‡∏≤‡∏ö‡∏≠‡∏Å‡∏ß‡πà‡∏≤‡∏ú‡∏°‡∏•‡∏∑‡∏°‡πÅ‡∏ä‡∏£‡πå

YOUTUBE.COM
‡πÄ‡∏°‡∏∑‡πà‡∏≠‡∏•‡∏π‡∏Å‡∏´‡∏≤‡∏¢ ‡πÄ‡∏£‡∏≤‡∏à‡∏∂‡∏á‡πÄ‡∏Ç‡πâ‡∏≤‡∏õ‡πà‡∏≤ - RESIDENT EVIL: VILLAGE - Part 1
‡∏≠‡∏¢‡πà‡∏≤‡∏•‡∏∑‡∏°‡∏Å‡∏î‡∏ï‡∏¥‡∏î‡∏ï‡∏≤‡∏°‡πÅ‡∏•‡∏∞‡∏Å‡∏î‡∏Å‡∏£‡∏∞‡∏î‡∏¥‡πà‡∏á‡πÑ‡∏ß‡πâ‡∏î‡πâ‡∏ß‡∏¢‡∏ô‡∏∞‡∏Ñ‡∏£‡∏±‡∏ö ‡πÄ‡∏î‡∏µ‡πã‡∏¢‡∏ß‡∏û‡∏•‡∏≤‡∏î‡∏Ñ‡∏•‡∏¥‡∏õ‡πÉ‡∏´‡∏°‡πà‡πÜ ‡∏ô‡∏∞‡∏£‡∏±‡∏ö‡∏ô‡∏Å‡∏≠‡πâ‡∏ß‡∏ô‡πÑ‡∏õ‡πÄ‡∏•‡∏µ‡πâ‡∏¢‡∏á : https://www.youtube.com/channel/UC4plRabXFGdAE6HP-tBQKdQ/join...",positive,"['‡πÇ‡∏õ‡∏£‡∏î', '‡∏≠‡∏¢‡πà‡∏≤', '‡πÇ‡∏õ‡∏£‡∏î', '‡∏≠‡∏¢‡πà‡∏≤', '‡∏≠‡∏¢‡πà‡∏≤', '‡∏ï‡∏¥‡∏î‡∏ï‡∏≤‡∏°']","['‡∏•‡∏∑‡∏°', '‡∏•‡∏∑‡∏°', '‡∏•‡∏∑‡∏°', '‡∏•‡∏∑‡∏°', '‡∏•‡∏∑‡∏°', '‡∏≠‡πâ‡∏ß‡∏ô']"
76,Heartrocker,451,2021-05-05 19:33:49,https://i.ytimg.com/vi/KMCUUoUe1zU/maxresdefault_live.jpg,https://external.fbkk12-4.fna.fbcdn.net/safe_image.php?d=AQG_O9R7Mu-dUfH1&w=476&h=249&url=https%3A%2F%2Fi.ytimg.com%2Fvi%2FKMCUUoUe1zU%2Fmaxresdefault_live.jpg&cfs=1&jq=75&ext=jpg&ccb=3-5&_nc_hash=AQFYgx0iIkWtcLyz,17825,https://facebook.com/MightyCaster/posts/3756807377751727,3756807377751727,"‡πÄ‡∏ã‡∏¥‡∏ü‡πÄ‡∏õ‡∏¥‡∏î‡∏™‡∏≠‡∏á‡∏ó‡∏∏‡πà‡∏° ‡∏≠‡∏∞‡∏£‡∏µ ‡πÜ ‡πÜ ‡πÜ ‡πÜ‡πÜ ‡πÜ ‡πÜ ‡πÜ‡πÜ ‡πÜ‡πÜ

‡πÄ‡∏ã‡∏¥‡∏ü‡πÄ‡∏õ‡∏¥‡∏î‡∏™‡∏≠‡∏á‡∏ó‡∏∏‡πà‡∏° ‡∏≠‡∏∞‡∏£‡∏µ ‡πÜ ‡πÜ ‡πÜ ‡πÜ‡πÜ ‡πÜ ‡πÜ ‡πÜ‡πÜ ‡πÜ‡πÜ

YOUTUBE.COM
Night of the Dead ‡∏ï‡∏≠‡∏ô‡∏ó‡∏µ‡πà 5 (‡∏ò‡∏∏‡∏£‡∏Å‡∏¥‡∏à‡πÇ‡∏Ñ‡∏£‡∏á‡∏Å‡∏≤‡∏£‡∏≠‡∏™‡∏±‡∏á‡∏´‡∏≤‡∏Ø)
‡∏≠‡∏¢‡πà‡∏≤‡∏•‡∏∑‡∏°‡∏Å‡∏î‡∏ï‡∏¥‡∏î‡∏ï‡∏≤‡∏°‡πÅ‡∏•‡∏∞‡∏Å‡∏î‡∏Å‡∏£‡∏∞‡∏î‡∏¥‡πà‡∏á‡πÑ‡∏ß‡πâ‡∏î‡πâ‡∏ß‡∏¢‡∏ô‡∏∞‡∏Ñ‡∏£‡∏±‡∏ö ‡πÄ‡∏î‡∏µ‡πã‡∏¢‡∏ß‡∏û‡∏•‡∏≤‡∏î‡∏Ñ‡∏•‡∏¥‡∏õ‡πÉ‡∏´‡∏°‡πà‡πÜ ‡∏ô‡∏∞‡∏£‡∏±‡∏ö‡∏ô‡∏Å‡∏≠‡πâ‡∏ß‡∏ô‡πÑ‡∏õ‡πÄ‡∏•‡∏µ‡πâ‡∏¢‡∏á : https://www.youtube.com/channel/UC4plRabXFGdAE6HP-tBQKdQ/join...",neutral,"['‡∏≠‡∏¢‡πà‡∏≤', '‡∏ï‡∏¥‡∏î‡∏ï‡∏≤‡∏°']","['‡∏•‡∏∑‡∏°', '‡∏≠‡πâ‡∏ß‡∏ô']"
77,Heartrocker,291,2021-05-05 17:05:26,https://i.ytimg.com/vi/rwzOsYnkj14/maxresdefault.jpg,https://external.fbkk12-4.fna.fbcdn.net/safe_image.php?d=AQGnqIWM-gesVfqd&w=476&h=249&url=https%3A%2F%2Fi.ytimg.com%2Fvi%2FrwzOsYnkj14%2Fmaxresdefault.jpg&cfs=1&jq=75&ext=jpg&ccb=3-5&_nc_hash=AQGOwbqk4px0SdHs,18964,https://facebook.com/MightyCaster/posts/3756490637783401,3756490637783401,"‡∏™‡∏ï‡∏£‡∏µ‡∏°‡∏™‡∏î‡πÅ‡∏•‡πâ‡∏ß‡∏ï‡∏≠‡∏ô‡∏ô‡∏µ‡πâ

‡∏™‡∏ï‡∏£‡∏µ‡∏°‡∏™‡∏î‡πÅ‡∏•‡πâ‡∏ß‡∏ï‡∏≠‡∏ô‡∏ô‡∏µ‡πâ

YOUTUBE.COM
‡∏¢‡∏≠‡∏î‡∏ô‡∏±‡∏Å‡∏™‡∏∑‡∏ö‡πÑ‡∏°‡πà‡∏à‡∏¥‡πã‡∏ß ‡πÇ‡∏Ñ‡πÄ‡∏≠‡∏Å - Among Us Highlight #15
‡∏≠‡∏¢‡πà‡∏≤‡∏•‡∏∑‡∏°‡∏Å‡∏î‡∏ï‡∏¥‡∏î‡∏ï‡∏≤‡∏°‡πÅ‡∏•‡∏∞‡∏Å‡∏î‡∏Å‡∏£‡∏∞‡∏î‡∏¥‡πà‡∏á‡πÑ‡∏ß‡πâ‡∏î‡πâ‡∏ß‡∏¢‡∏ô‡∏∞‡∏Ñ‡∏£‡∏±‡∏ö ‡πÄ‡∏î‡∏µ‡πã‡∏¢‡∏ß‡∏û‡∏•‡∏≤‡∏î‡∏Ñ‡∏•‡∏¥‡∏õ‡πÉ‡∏´‡∏°‡πà‡πÜ ‡∏ô‡∏∞‡∏£‡∏±‡∏ö‡∏ô‡∏Å‡∏≠‡πâ‡∏ß‡∏ô‡πÑ‡∏õ‡πÄ‡∏•‡∏µ‡πâ‡∏¢‡∏á : https://www.youtube.com/channel/UC4plRabXFGdAE6HP-tBQKdQ/join...",positive,"['‡∏™‡∏î', '‡∏™‡∏î', '‡∏≠‡∏¢‡πà‡∏≤', '‡∏ï‡∏¥‡∏î‡∏ï‡∏≤‡∏°']","['‡∏•‡∏∑‡∏°', '‡∏≠‡πâ‡∏ß‡∏ô']"
78,Heartrocker,210,2021-05-04 19:46:15,https://i.ytimg.com/vi/xudWEWxidO8/maxresdefault_live.jpg,https://external.fbkk12-4.fna.fbcdn.net/safe_image.php?d=AQHpdpDZsvnktUMy&w=476&h=249&url=https%3A%2F%2Fi.ytimg.com%2Fvi%2FxudWEWxidO8%2Fmaxresdefault_live.jpg&cfs=1&jq=75&ext=jpg&ccb=3-5&_nc_hash=AQGn7dCYBF3HJe0q,14343,https://facebook.com/MightyCaster/posts/3753896928042772,3753896928042772,"‡πÄ‡∏ï‡∏£‡∏µ‡∏¢‡∏°!

‡πÄ‡∏ï‡∏£‡∏µ‡∏¢‡∏°!

YOUTUBE.COM
‡πÄ‡∏•‡πà‡∏ô‡πÑ‡∏°‡πà‡∏Ñ‡πà‡∏≠‡∏¢‡πÄ‡∏õ‡πá‡∏ô‡∏Å‡πá‡∏ï‡πâ‡∏≠‡∏á‡∏ù‡∏∂‡∏Å‡∏™‡∏¥‡∏Ñ‡∏£‡∏±‡∏ö‡∏û‡∏£‡∏µ‡πà‡∏ô‡πâ‡∏≠‡∏á | Teamfight Tactics
‡∏≠‡∏¢‡πà‡∏≤‡∏•‡∏∑‡∏°‡∏Å‡∏î‡∏ï‡∏¥‡∏î‡∏ï‡∏≤‡∏°‡πÅ‡∏•‡∏∞‡∏Å‡∏î‡∏Å‡∏£‡∏∞‡∏î‡∏¥‡πà‡∏á‡πÑ‡∏ß‡πâ‡∏î‡πâ‡∏ß‡∏¢‡∏ô‡∏∞‡∏Ñ‡∏£‡∏±‡∏ö ‡πÄ‡∏î‡∏µ‡πã‡∏¢‡∏ß‡∏û‡∏•‡∏≤‡∏î‡∏Ñ‡∏•‡∏¥‡∏õ‡πÉ‡∏´‡∏°‡πà‡πÜ ‡∏ô‡∏∞‡∏£‡∏±‡∏ö‡∏ô‡∏Å‡∏≠‡πâ‡∏ß‡∏ô‡πÑ‡∏õ‡πÄ‡∏•‡∏µ‡πâ‡∏¢‡∏á : https://www.youtube.com/channel/UC4plRabXFGdAE6HP-tBQKdQ/join...",positive,"['‡πÄ‡∏•‡πà‡∏ô', '‡∏≠‡∏¢‡πà‡∏≤', '‡∏ï‡∏¥‡∏î‡∏ï‡∏≤‡∏°']","['‡∏•‡∏∑‡∏°', '‡∏≠‡πâ‡∏ß‡∏ô']"
79,Heartrocker,764,2021-05-04 13:40:20,,https://scontent.fbkk12-2.fna.fbcdn.net/v/t1.6435-0/cp0/e15/q65/p320x320/181936466_3753156468116818_4461462113228006855_n.jpg?_nc_cat=104&ccb=1-3&_nc_sid=110474&_nc_ohc=ATZbZW1kQTAAX_Nudgs&_nc_ht=scontent.fbkk12-2.fna&tp=3&oh=c885fccf6c49637d22b6c4b5f93b4ea7&oe=60EAD1D7,41096,https://facebook.com/MightyCaster/posts/3753160454783086,3753160454783086,"‡∏î‡∏µ‡∏ô‡∏∞‡πÄ‡∏°‡∏∑‡πà‡∏≠‡∏ß‡∏≤‡∏ô‡πÑ‡∏°‡πà‡πÄ‡∏Å‡∏¥‡∏î‡πÄ‡∏´‡∏ï‡∏∏‡∏Å‡∏≤‡∏£‡∏ì‡πå‡∏†‡∏≤‡∏û‡∏à‡∏≥‡∏Ç‡∏∂‡πâ‡∏ô 5555555555
cr. Everything is Cartoon

‡∏î‡∏µ‡∏ô‡∏∞‡πÄ‡∏°‡∏∑‡πà‡∏≠‡∏ß‡∏≤‡∏ô‡πÑ‡∏°‡πà‡πÄ‡∏Å‡∏¥‡∏î‡πÄ‡∏´‡∏ï‡∏∏‡∏Å‡∏≤‡∏£‡∏ì‡πå‡∏†‡∏≤‡∏û‡∏à‡∏≥‡∏Ç‡∏∂‡πâ‡∏ô 5555555555
cr. Everything is Cartoon

",positive,"['‡∏î‡∏µ', '‡∏î‡∏µ']",[]
80,Heartrocker,266,2021-05-03 20:34:35,https://i.ytimg.com/vi/U11ftGHi--w/maxresdefault_live.jpg,https://external.fbkk12-4.fna.fbcdn.net/safe_image.php?d=AQEZXbacJr2jJnXF&w=476&h=249&url=https%3A%2F%2Fi.ytimg.com%2Fvi%2FU11ftGHi--w%2Fmaxresdefault_live.jpg&cfs=1&jq=75&ext=jpg&ccb=3-5&_nc_hash=AQGQ7jM8p3iqTyY9,15115,https://facebook.com/MightyCaster/posts/3751151448317320,3751151448317320,"‡πÄ‡∏à‡∏≠‡πÑ‡∏î‡πâ

‡πÄ‡∏à‡∏≠‡πÑ‡∏î‡πâ

YOUTUBE.COM
Night of the Dead ‡∏ï‡∏≠‡∏ô‡∏ó‡∏µ‡πà 4 (‡∏ö‡πâ‡∏≤‡∏ô‡∏ï‡πâ‡∏≠‡∏á‡πÑ‡∏°‡πà‡πÅ‡∏ï‡∏Å)
‡∏≠‡∏¢‡πà‡∏≤‡∏•‡∏∑‡∏°‡∏Å‡∏î‡∏ï‡∏¥‡∏î‡∏ï‡∏≤‡∏°‡πÅ‡∏•‡∏∞‡∏Å‡∏î‡∏Å‡∏£‡∏∞‡∏î‡∏¥‡πà‡∏á‡πÑ‡∏ß‡πâ‡∏î‡πâ‡∏ß‡∏¢‡∏ô‡∏∞‡∏Ñ‡∏£‡∏±‡∏ö ‡πÄ‡∏î‡∏µ‡πã‡∏¢‡∏ß‡∏û‡∏•‡∏≤‡∏î‡∏Ñ‡∏•‡∏¥‡∏õ‡πÉ‡∏´‡∏°‡πà‡πÜ ‡∏ô‡∏∞‡∏£‡∏±‡∏ö‡∏ô‡∏Å‡∏≠‡πâ‡∏ß‡∏ô‡πÑ‡∏õ‡πÄ‡∏•‡∏µ‡πâ‡∏¢‡∏á : https://www.youtube.com/channel/UC4plRabXFGdAE6HP-tBQKdQ/join...",positive,"['‡πÄ‡∏à‡∏≠', '‡πÄ‡∏à‡∏≠', '‡∏≠‡∏¢‡πà‡∏≤', '‡∏ï‡∏¥‡∏î‡∏ï‡∏≤‡∏°']","['‡∏•‡∏∑‡∏°', '‡∏≠‡πâ‡∏ß‡∏ô']"
81,Heartrocker,109,2021-05-02 19:48:58,https://i.ytimg.com/vi/MQYu_zUj-P4/maxresdefault_live.jpg,https://external.fbkk12-4.fna.fbcdn.net/safe_image.php?d=AQEb9wDYUYPNCAXd&w=476&h=249&url=https%3A%2F%2Fi.ytimg.com%2Fvi%2FMQYu_zUj-P4%2Fmaxresdefault_live.jpg&cfs=1&jq=75&ext=jpg&ccb=3-5&_nc_hash=AQGhTRhr-xPKXFoK,10819,https://facebook.com/MightyCaster/posts/3748517115247420,3748517115247420,"‡∏≠‡∏¢‡∏≤‡∏Å‡πÄ‡∏•‡πà‡∏ô‡∏ï‡πâ‡∏≠‡∏á‡πÑ‡∏î‡πâ‡πÄ‡∏•‡πà‡∏ô

‡∏≠‡∏¢‡∏≤‡∏Å‡πÄ‡∏•‡πà‡∏ô‡∏ï‡πâ‡∏≠‡∏á‡πÑ‡∏î‡πâ‡πÄ‡∏•‡πà‡∏ô

YOUTUBE.COM
LIVE - Apex Legends #15 - ‡∏´‡∏≤‡∏Ñ‡πà‡∏≤‡∏Å‡∏•‡∏≤‡∏á‡πÉ‡∏´‡πâ‡πÑ‡∏î‡πâ
‡∏≠‡∏¢‡πà‡∏≤‡∏•‡∏∑‡∏°‡∏Å‡∏î‡∏ï‡∏¥‡∏î‡∏ï‡∏≤‡∏°‡πÅ‡∏•‡∏∞‡∏Å‡∏î‡∏Å‡∏£‡∏∞‡∏î‡∏¥‡πà‡∏á‡πÑ‡∏ß‡πâ‡∏î‡πâ‡∏ß‡∏¢‡∏ô‡∏∞‡∏Ñ‡∏£‡∏±‡∏ö ‡πÄ‡∏î‡∏µ‡πã‡∏¢‡∏ß‡∏û‡∏•‡∏≤‡∏î‡∏Ñ‡∏•‡∏¥‡∏õ‡πÉ‡∏´‡∏°‡πà‡πÜ ‡∏ô‡∏∞‡∏£‡∏±‡∏ö‡∏ô‡∏Å‡∏≠‡πâ‡∏ß‡∏ô‡πÑ‡∏õ‡πÄ‡∏•‡∏µ‡πâ‡∏¢‡∏á : https://www.youtube.com/channel/UC4plRabXFGdAE6HP-tBQKdQ/join...",positive,"['‡πÄ‡∏•‡πà‡∏ô', '‡πÄ‡∏•‡πà‡∏ô', '‡πÄ‡∏•‡πà‡∏ô', '‡πÄ‡∏•‡πà‡∏ô', '‡∏≠‡∏¢‡πà‡∏≤', '‡∏ï‡∏¥‡∏î‡∏ï‡∏≤‡∏°']","['‡∏•‡∏∑‡∏°', '‡∏≠‡πâ‡∏ß‡∏ô']"
82,Heartrocker,227,2021-05-02 12:23:36,https://i.ytimg.com/vi/QTRcjpcTJTg/maxresdefault.jpg,https://external.fbkk12-4.fna.fbcdn.net/safe_image.php?d=AQG55_pFjSDe4G1j&w=476&h=249&url=https%3A%2F%2Fi.ytimg.com%2Fvi%2FQTRcjpcTJTg%2Fmaxresdefault.jpg&cfs=1&jq=75&ext=jpg&ccb=3-5&_nc_hash=AQGTJwOItZTMkKnA,14284,https://facebook.com/MightyCaster/posts/3747753405323791,3747753405323791,"‡πÄ‡∏ó‡πà‡πÑ‡∏°‡πà‡∏°‡∏≤‡∏Å‡πÅ‡∏ï‡πà‡∏ó‡πà‡∏≤‡∏¢‡∏≤‡∏Å‡∏Å‡πá‡πÄ‡∏¢‡∏≠‡∏∞‡∏≠‡∏¢‡∏π‡πà

‡πÄ‡∏ó‡πà‡πÑ‡∏°‡πà‡∏°‡∏≤‡∏Å‡πÅ‡∏ï‡πà‡∏ó‡πà‡∏≤‡∏¢‡∏≤‡∏Å‡∏Å‡πá‡πÄ‡∏¢‡∏≠‡∏∞‡∏≠‡∏¢‡∏π‡πà

YOUTUBE.COM
FUSE GAMEPLAY By HRK | Apex Legends
‡∏≠‡∏¢‡πà‡∏≤‡∏•‡∏∑‡∏°‡∏Å‡∏î‡∏ï‡∏¥‡∏î‡∏ï‡∏≤‡∏°‡πÅ‡∏•‡∏∞‡∏Å‡∏î‡∏Å‡∏£‡∏∞‡∏î‡∏¥‡πà‡∏á‡πÑ‡∏ß‡πâ‡∏î‡πâ‡∏ß‡∏¢‡∏ô‡∏∞‡∏Ñ‡∏£‡∏±‡∏ö ‡πÄ‡∏î‡∏µ‡πã‡∏¢‡∏ß‡∏û‡∏•‡∏≤‡∏î‡∏Ñ‡∏•‡∏¥‡∏õ‡πÉ‡∏´‡∏°‡πà‡πÜ ‡∏ô‡∏∞‡∏£‡∏±‡∏ö‡∏ô‡∏Å‡∏≠‡πâ‡∏ß‡∏ô‡πÑ‡∏õ‡πÄ‡∏•‡∏µ‡πâ‡∏¢‡∏á : https://www.youtube.com/channel/UC4plRabXFGdAE6HP-tBQKdQ/join...",neutral,"['‡πÄ‡∏ó‡πà', '‡πÄ‡∏ó‡πà', '‡∏≠‡∏¢‡πà‡∏≤', '‡∏ï‡∏¥‡∏î‡∏ï‡∏≤‡∏°']","['‡∏¢‡∏≤‡∏Å', '‡∏¢‡∏≤‡∏Å', '‡∏•‡∏∑‡∏°', '‡∏≠‡πâ‡∏ß‡∏ô']"
83,Heartrocker,240,2021-05-01 19:52:03,https://i.ytimg.com/vi/9wWicfILLoM/maxresdefault_live.jpg,https://external.fbkk12-4.fna.fbcdn.net/safe_image.php?d=AQHWshEM4TfWLewW&w=476&h=249&url=https%3A%2F%2Fi.ytimg.com%2Fvi%2F9wWicfILLoM%2Fmaxresdefault_live.jpg&cfs=1&jq=75&ext=jpg&ccb=3-5&_nc_hash=AQE_c3HUX_0Xqrfd,13295,https://facebook.com/MightyCaster/posts/3745966478835817,3745966478835817,"‡∏Å‡∏•‡∏≤‡∏á‡∏Ñ‡πà‡∏≥‡∏Å‡∏•‡∏≤‡∏á‡∏Ñ‡∏∑‡∏ô

‡∏Å‡∏•‡∏≤‡∏á‡∏Ñ‡πà‡∏≥‡∏Å‡∏•‡∏≤‡∏á‡∏Ñ‡∏∑‡∏ô

YOUTUBE.COM
Night of the Dead ‡∏ï‡∏≠‡∏ô‡∏ó‡∏µ‡πà 3 (‡πÑ‡∏°‡πà‡πÄ‡∏≠‡∏≤‡∏ö‡πâ‡∏≤‡∏ô‡πÉ‡∏´‡∏°‡πà‡πÅ‡∏•‡πâ‡∏ß‡∏ô‡∏∞)
‡∏≠‡∏¢‡πà‡∏≤‡∏•‡∏∑‡∏°‡∏Å‡∏î‡∏ï‡∏¥‡∏î‡∏ï‡∏≤‡∏°‡πÅ‡∏•‡∏∞‡∏Å‡∏î‡∏Å‡∏£‡∏∞‡∏î‡∏¥‡πà‡∏á‡πÑ‡∏ß‡πâ‡∏î‡πâ‡∏ß‡∏¢‡∏ô‡∏∞‡∏Ñ‡∏£‡∏±‡∏ö ‡πÄ‡∏î‡∏µ‡πã‡∏¢‡∏ß‡∏û‡∏•‡∏≤‡∏î‡∏Ñ‡∏•‡∏¥‡∏õ‡πÉ‡∏´‡∏°‡πà‡πÜ ‡∏ô‡∏∞‡∏£‡∏±‡∏ö‡∏ô‡∏Å‡∏≠‡πâ‡∏ß‡∏ô‡πÑ‡∏õ‡πÄ‡∏•‡∏µ‡πâ‡∏¢‡∏á : https://www.youtube.com/channel/UC4plRabXFGdAE6HP-tBQKdQ/join...",neutral,"['‡∏≠‡∏¢‡πà‡∏≤', '‡∏ï‡∏¥‡∏î‡∏ï‡∏≤‡∏°']","['‡∏•‡∏∑‡∏°', '‡∏≠‡πâ‡∏ß‡∏ô']"
84,Heartrocker,219,2021-05-01 15:53:29,https://i.ytimg.com/vi/fte5TQPohMA/maxresdefault_live.jpg,https://external.fbkk12-4.fna.fbcdn.net/safe_image.php?d=AQHpmuhweY63ES9K&w=476&h=249&url=https%3A%2F%2Fi.ytimg.com%2Fvi%2Ffte5TQPohMA%2Fmaxresdefault_live.jpg&cfs=1&jq=75&ext=jpg&ccb=3-5&_nc_hash=AQELW_wUETBeN-ni,13682,https://facebook.com/MightyCaster/posts/3745547808877684,3745547808877684,"‡∏°‡∏≤ ‡πÜ

‡∏°‡∏≤ ‡πÜ

YOUTUBE.COM
‡πÄ‡∏•‡πà‡∏ô‡∏¢‡∏±‡∏á‡πÑ‡∏á Team Fight Tactics
‡∏≠‡∏¢‡πà‡∏≤‡∏•‡∏∑‡∏°‡∏Å‡∏î‡∏ï‡∏¥‡∏î‡∏ï‡∏≤‡∏°‡πÅ‡∏•‡∏∞‡∏Å‡∏î‡∏Å‡∏£‡∏∞‡∏î‡∏¥‡πà‡∏á‡πÑ‡∏ß‡πâ‡∏î‡πâ‡∏ß‡∏¢‡∏ô‡∏∞‡∏Ñ‡∏£‡∏±‡∏ö ‡πÄ‡∏î‡∏µ‡πã‡∏¢‡∏ß‡∏û‡∏•‡∏≤‡∏î‡∏Ñ‡∏•‡∏¥‡∏õ‡πÉ‡∏´‡∏°‡πà‡πÜ ‡∏ô‡∏∞‡∏£‡∏±‡∏ö‡∏ô‡∏Å‡∏≠‡πâ‡∏ß‡∏ô‡πÑ‡∏õ‡πÄ‡∏•‡∏µ‡πâ‡∏¢‡∏á : https://www.youtube.com/channel/UC4plRabXFGdAE6HP-tBQKdQ/join...",positive,"['‡πÄ‡∏•‡πà‡∏ô', '‡∏≠‡∏¢‡πà‡∏≤', '‡∏ï‡∏¥‡∏î‡∏ï‡∏≤‡∏°']","['‡∏•‡∏∑‡∏°', '‡∏≠‡πâ‡∏ß‡∏ô']"
85,Heartrocker,255,2021-04-29 19:57:25,https://i.ytimg.com/vi/jhX572rRgxc/maxresdefault_live.jpg,https://external.fbkk12-4.fna.fbcdn.net/safe_image.php?d=AQFm5DIgSjijvsj2&w=476&h=249&url=https%3A%2F%2Fi.ytimg.com%2Fvi%2FjhX572rRgxc%2Fmaxresdefault_live.jpg&cfs=1&jq=75&ext=jpg&ccb=3-5&_nc_hash=AQEaLpl5JGXGz2SK,13639,https://facebook.com/MightyCaster/posts/3740533369379128,3740533369379128,"‡πÑ‡∏°‡πà‡∏°‡∏µ‡∏™‡∏£‡πâ‡∏≤‡∏á‡∏ö‡πâ‡∏≤‡∏ô

‡πÑ‡∏°‡πà‡∏°‡∏µ‡∏™‡∏£‡πâ‡∏≤‡∏á‡∏ö‡πâ‡∏≤‡∏ô

YOUTUBE.COM
Night of the Dead ‡∏ï‡∏≠‡∏ô‡∏ó‡∏µ‡πà 2 (‡∏Å‡∏±‡∏ö‡∏î‡∏±‡∏Å‡∏°‡∏µ‡πÑ‡∏ß‡πâ‡πÉ‡∏ä‡πâ)
‡∏≠‡∏¢‡πà‡∏≤‡∏•‡∏∑‡∏°‡∏Å‡∏î‡∏ï‡∏¥‡∏î‡∏ï‡∏≤‡∏°‡πÅ‡∏•‡∏∞‡∏Å‡∏î‡∏Å‡∏£‡∏∞‡∏î‡∏¥‡πà‡∏á‡πÑ‡∏ß‡πâ‡∏î‡πâ‡∏ß‡∏¢‡∏ô‡∏∞‡∏Ñ‡∏£‡∏±‡∏ö ‡πÄ‡∏î‡∏µ‡πã‡∏¢‡∏ß‡∏û‡∏•‡∏≤‡∏î‡∏Ñ‡∏•‡∏¥‡∏õ‡πÉ‡∏´‡∏°‡πà‡πÜ ‡∏ô‡∏∞‡∏£‡∏±‡∏ö‡∏ô‡∏Å‡∏≠‡πâ‡∏ß‡∏ô‡πÑ‡∏õ‡πÄ‡∏•‡∏µ‡πâ‡∏¢‡∏á : https://www.youtube.com/channel/UC4plRabXFGdAE6HP-tBQKdQ/join...",neutral,"['‡∏≠‡∏¢‡πà‡∏≤', '‡∏ï‡∏¥‡∏î‡∏ï‡∏≤‡∏°']","['‡∏•‡∏∑‡∏°', '‡∏≠‡πâ‡∏ß‡∏ô']"
86,Heartrocker,277,2021-04-27 19:50:07,https://i.ytimg.com/vi/oXKb8T6M1iQ/maxresdefault_live.jpg,https://external.fbkk12-4.fna.fbcdn.net/safe_image.php?d=AQEtA6rSKnITrBY8&w=476&h=249&url=https%3A%2F%2Fi.ytimg.com%2Fvi%2FoXKb8T6M1iQ%2Fmaxresdefault_live.jpg&cfs=1&jq=75&ext=jpg&ccb=3-5&_nc_hash=AQEO5ysXaWohUSZs,17623,https://facebook.com/MightyCaster/posts/3734896193276179,3734896193276179,"‡πÑ‡∏°‡πà‡πÄ‡∏õ‡πá‡∏ô‡πÑ‡∏£‡πÄ‡∏û‡∏∑‡πà‡∏≠‡∏ô

‡πÑ‡∏°‡πà‡πÄ‡∏õ‡πá‡∏ô‡πÑ‡∏£‡πÄ‡∏û‡∏∑‡πà‡∏≠‡∏ô

YOUTUBE.COM
Night of the Dead ‡∏ï‡∏≠‡∏ô‡∏ó‡∏µ‡πà 1 (‡∏≠‡∏∞‡∏£‡∏µ ‡πÜ ‡πÜ ‡πÜ‡πÜ ‡πÜ ‡πÜ‡πÜ ‡πÜ‡πÜ ‡πÜ )
‡∏≠‡∏¢‡πà‡∏≤‡∏•‡∏∑‡∏°‡∏Å‡∏î‡∏ï‡∏¥‡∏î‡∏ï‡∏≤‡∏°‡πÅ‡∏•‡∏∞‡∏Å‡∏î‡∏Å‡∏£‡∏∞‡∏î‡∏¥‡πà‡∏á‡πÑ‡∏ß‡πâ‡∏î‡πâ‡∏ß‡∏¢‡∏ô‡∏∞‡∏Ñ‡∏£‡∏±‡∏ö ‡πÄ‡∏î‡∏µ‡πã‡∏¢‡∏ß‡∏û‡∏•‡∏≤‡∏î‡∏Ñ‡∏•‡∏¥‡∏õ‡πÉ‡∏´‡∏°‡πà‡πÜ ‡∏ô‡∏∞‡∏£‡∏±‡∏ö‡∏ô‡∏Å‡∏≠‡πâ‡∏ß‡∏ô‡πÑ‡∏õ‡πÄ‡∏•‡∏µ‡πâ‡∏¢‡∏á : https://www.youtube.com/channel/UC4plRabXFGdAE6HP-tBQKdQ/join...",neutral,"['‡∏≠‡∏¢‡πà‡∏≤', '‡∏ï‡∏¥‡∏î‡∏ï‡∏≤‡∏°']","['‡∏•‡∏∑‡∏°', '‡∏≠‡πâ‡∏ß‡∏ô']"
87,Heartrocker,125,2021-04-26 20:55:18,https://i.ytimg.com/vi/OFc2LAVNui0/maxresdefault_live.jpg,https://external.fbkk12-4.fna.fbcdn.net/safe_image.php?d=AQGVytfv5pheFj2o&w=476&h=249&url=https%3A%2F%2Fi.ytimg.com%2Fvi%2FOFc2LAVNui0%2Fmaxresdefault_live.jpg&cfs=1&jq=75&ext=jpg&ccb=3-5&_nc_hash=AQEyiEl2llTPfdNa,9577,https://facebook.com/MightyCaster/posts/3732404123525386,3732404123525386,"‡∏ß‡∏≠‡∏£‡πå‡∏° ‡πÜ

‡∏ß‡∏≠‡∏£‡πå‡∏° ‡πÜ

YOUTUBE.COM
LIVE - Apex Legends #14 - ‡∏ß‡∏±‡∏ô‡∏ô‡∏µ‡πâ‡∏¢‡∏±‡∏á‡πÑ‡∏°‡πà‡πÑ‡∏î‡πâ‡πÄ‡∏•‡πà‡∏ô‡πÄ‡∏•‡∏¢ ‡∏≠‡∏¢‡∏≤‡∏Å‡πÄ‡∏•‡πà‡∏ô‡∏à‡∏±‡∏á
‡∏≠‡∏¢‡πà‡∏≤‡∏•‡∏∑‡∏°‡∏Å‡∏î‡∏ï‡∏¥‡∏î‡∏ï‡∏≤‡∏°‡πÅ‡∏•‡∏∞‡∏Å‡∏î‡∏Å‡∏£‡∏∞‡∏î‡∏¥‡πà‡∏á‡πÑ‡∏ß‡πâ‡∏î‡πâ‡∏ß‡∏¢‡∏ô‡∏∞‡∏Ñ‡∏£‡∏±‡∏ö ‡πÄ‡∏î‡∏µ‡πã‡∏¢‡∏ß‡∏û‡∏•‡∏≤‡∏î‡∏Ñ‡∏•‡∏¥‡∏õ‡πÉ‡∏´‡∏°‡πà‡πÜ ‡∏ô‡∏∞‡∏£‡∏±‡∏ö‡∏ô‡∏Å‡∏≠‡πâ‡∏ß‡∏ô‡πÑ‡∏õ‡πÄ‡∏•‡∏µ‡πâ‡∏¢‡∏á : https://www.youtube.com/channel/UC4plRabXFGdAE6HP-tBQKdQ/join...",positive,"['‡πÄ‡∏•‡πà‡∏ô', '‡πÄ‡∏•‡πà‡∏ô', '‡∏≠‡∏¢‡πà‡∏≤', '‡∏ï‡∏¥‡∏î‡∏ï‡∏≤‡∏°']","['‡∏•‡∏∑‡∏°', '‡∏≠‡πâ‡∏ß‡∏ô']"
88,Heartrocker,213,2021-04-25 21:16:05,https://i.ytimg.com/vi/Siajb4WBtuA/maxresdefault_live.jpg,https://external.fbkk12-4.fna.fbcdn.net/safe_image.php?d=AQE0IT_QIH82-HW0&w=476&h=249&url=https%3A%2F%2Fi.ytimg.com%2Fvi%2FSiajb4WBtuA%2Fmaxresdefault_live.jpg&cfs=1&jq=75&ext=jpg&ccb=3-5&_nc_hash=AQHSj9p6JOS5L3Dp,14808,https://facebook.com/MightyCaster/posts/3729711647127967,3729711647127967,"‡∏ô‡∏≠‡∏Å‡∏à‡∏≤‡∏Å‡∏•‡∏á‡∏Ñ‡∏•‡∏¥‡∏õ‡πÅ‡∏•‡πâ‡∏ß‡∏¢‡∏±‡∏á‡∏°‡∏µ‡πÑ‡∏•‡∏ü‡πå‡∏≠‡∏µ‡∏Å‡πÄ‡∏´‡∏£‡∏≠

‡∏ô‡∏≠‡∏Å‡∏à‡∏≤‡∏Å‡∏•‡∏á‡∏Ñ‡∏•‡∏¥‡∏õ‡πÅ‡∏•‡πâ‡∏ß‡∏¢‡∏±‡∏á‡∏°‡∏µ‡πÑ‡∏•‡∏ü‡πå‡∏≠‡∏µ‡∏Å‡πÄ‡∏´‡∏£‡∏≠

YOUTUBE.COM
‡∏Å‡∏≤‡∏£‡πÄ‡∏•‡πà‡∏ô‡πÄ‡∏Å‡∏° ‡∏Å‡∏•‡∏≤‡∏á‡∏Ñ‡∏∑‡∏ô‡πÅ‡∏´‡πà‡∏á‡∏ï‡∏≤‡∏¢‡πÅ‡∏•‡πâ‡∏ß
‡∏≠‡∏¢‡πà‡∏≤‡∏•‡∏∑‡∏°‡∏Å‡∏î‡∏ï‡∏¥‡∏î‡∏ï‡∏≤‡∏°‡πÅ‡∏•‡∏∞‡∏Å‡∏î‡∏Å‡∏£‡∏∞‡∏î‡∏¥‡πà‡∏á‡πÑ‡∏ß‡πâ‡∏î‡πâ‡∏ß‡∏¢‡∏ô‡∏∞‡∏Ñ‡∏£‡∏±‡∏ö ‡πÄ‡∏î‡∏µ‡πã‡∏¢‡∏ß‡∏û‡∏•‡∏≤‡∏î‡∏Ñ‡∏•‡∏¥‡∏õ‡πÉ‡∏´‡∏°‡πà‡πÜ ‡∏ô‡∏∞‡∏£‡∏±‡∏ö‡∏ô‡∏Å‡∏≠‡πâ‡∏ß‡∏ô‡πÑ‡∏õ‡πÄ‡∏•‡∏µ‡πâ‡∏¢‡∏á : https://www.youtube.com/channel/UC4plRabXFGdAE6HP-tBQKdQ/join...",neutral,"['‡πÄ‡∏•‡πà‡∏ô', '‡∏≠‡∏¢‡πà‡∏≤', '‡∏ï‡∏¥‡∏î‡∏ï‡∏≤‡∏°']","['‡∏ï‡∏≤‡∏¢', '‡∏•‡∏∑‡∏°', '‡∏≠‡πâ‡∏ß‡∏ô']"
89,Heartrocker,383,2021-04-25 18:56:42,https://i.ytimg.com/vi/fv0pCYneEj0/maxresdefault.jpg,https://external.fbkk12-4.fna.fbcdn.net/safe_image.php?d=AQF_R42MXoeiQbKs&w=476&h=249&url=https%3A%2F%2Fi.ytimg.com%2Fvi%2Ffv0pCYneEj0%2Fmaxresdefault.jpg&cfs=1&jq=75&ext=jpg&ccb=3-5&_nc_hash=AQGLOJouonPp5kuf,20773,https://facebook.com/MightyCaster/posts/3729424917156640,3729424917156640,"‡∏´‡∏¥‡∏ß‡∏ô‡πâ‡∏≤‡∏°‡∏°‡∏°‡∏°‡∏°‡∏°‡∏°‡∏°‡∏°‡∏°‡∏°‡∏°‡∏°‡∏°‡∏°‡∏°‡∏°‡∏°‡∏°‡∏°‡∏°

‡∏´‡∏¥‡∏ß‡∏ô‡πâ‡∏≤‡∏°‡∏°‡∏°‡∏°‡∏°‡∏°‡∏°‡∏°‡∏°‡∏°‡∏°‡∏°‡∏°‡∏°‡∏°‡∏°‡∏°‡∏°‡∏°‡∏°‡∏°

YOUTUBE.COM
‡∏´‡∏¥‡∏ß‡∏ô‡πâ‡∏≥‡∏Å‡πá‡πÑ‡∏õ‡∏Å‡∏¥‡∏ô‡∏ô‡πâ‡∏≥ ‡∏≠‡∏¢‡πà‡∏≤‡∏°‡∏≤‡∏Å‡∏¥‡∏ô‡πÄ‡∏•‡∏∑‡∏≠‡∏î! - RESIDENT EVIL: VILLAGE DEMO 3 - PS5
‡∏≠‡∏¢‡πà‡∏≤‡∏•‡∏∑‡∏°‡∏Å‡∏î‡∏ï‡∏¥‡∏î‡∏ï‡∏≤‡∏°‡πÅ‡∏•‡∏∞‡∏Å‡∏î‡∏Å‡∏£‡∏∞‡∏î‡∏¥‡πà‡∏á‡πÑ‡∏ß‡πâ‡∏î‡πâ‡∏ß‡∏¢‡∏ô‡∏∞‡∏Ñ‡∏£‡∏±‡∏ö ‡πÄ‡∏î‡∏µ‡πã‡∏¢‡∏ß‡∏û‡∏•‡∏≤‡∏î‡∏Ñ‡∏•‡∏¥‡∏õ‡πÉ‡∏´‡∏°‡πà‡πÜ ‡∏ô‡∏∞‡∏£‡∏±‡∏ö‡∏ô‡∏Å‡∏≠‡πâ‡∏ß‡∏ô‡πÑ‡∏õ‡πÄ‡∏•‡∏µ‡πâ‡∏¢‡∏á : https://www.youtube.com/channel/UC4plRabXFGdAE6HP-tBQKdQ/join...",positive,"['‡∏≠‡∏¢‡πà‡∏≤', '‡∏≠‡∏¢‡πà‡∏≤', '‡∏ï‡∏¥‡∏î‡∏ï‡∏≤‡∏°']","['‡∏•‡∏∑‡∏°', '‡∏≠‡πâ‡∏ß‡∏ô']"
90,Heartrocker,176,2021-04-24 20:17:38,https://i.ytimg.com/vi/8TDAB_xTgn0/maxresdefault_live.jpg,https://external.fbkk12-4.fna.fbcdn.net/safe_image.php?d=AQHHoQ4yihfiDFT5&w=476&h=249&url=https%3A%2F%2Fi.ytimg.com%2Fvi%2F8TDAB_xTgn0%2Fmaxresdefault_live.jpg&cfs=1&jq=75&ext=jpg&ccb=3-5&_nc_hash=AQHz8SJxGy-6If7l,11078,https://facebook.com/MightyCaster/posts/3726849700747495,3726849700747495,"‡∏™‡∏ß‡∏±‡∏™‡∏î‡∏µ

‡∏™‡∏ß‡∏±‡∏™‡∏î‡∏µ

YOUTUBE.COM
‡∏î‡∏ö‡∏î‡∏•‡πÉ‡∏ô‡∏õ‡∏µ 2021 ‡∏ï‡∏≠‡∏ô‡∏ó‡∏µ‡πà 3
‡∏≠‡∏¢‡πà‡∏≤‡∏•‡∏∑‡∏°‡∏Å‡∏î‡∏ï‡∏¥‡∏î‡∏ï‡∏≤‡∏°‡πÅ‡∏•‡∏∞‡∏Å‡∏î‡∏Å‡∏£‡∏∞‡∏î‡∏¥‡πà‡∏á‡πÑ‡∏ß‡πâ‡∏î‡πâ‡∏ß‡∏¢‡∏ô‡∏∞‡∏Ñ‡∏£‡∏±‡∏ö ‡πÄ‡∏î‡∏µ‡πã‡∏¢‡∏ß‡∏û‡∏•‡∏≤‡∏î‡∏Ñ‡∏•‡∏¥‡∏õ‡πÉ‡∏´‡∏°‡πà‡πÜ ‡∏ô‡∏∞‡∏£‡∏±‡∏ö‡∏ô‡∏Å‡∏≠‡πâ‡∏ß‡∏ô‡πÑ‡∏õ‡πÄ‡∏•‡∏µ‡πâ‡∏¢‡∏á : https://www.youtube.com/channel/UC4plRabXFGdAE6HP-tBQKdQ/join...",neutral,"['‡∏≠‡∏¢‡πà‡∏≤', '‡∏ï‡∏¥‡∏î‡∏ï‡∏≤‡∏°']","['‡∏•‡∏∑‡∏°', '‡∏≠‡πâ‡∏ß‡∏ô']"
91,Heartrocker,112,2021-04-22 20:22:35,https://i.ytimg.com/vi/kDQN5skQ31E/maxresdefault_live.jpg,https://external.fbkk12-4.fna.fbcdn.net/safe_image.php?d=AQG7VmJt5szAZ3ZM&w=476&h=249&url=https%3A%2F%2Fi.ytimg.com%2Fvi%2FkDQN5skQ31E%2Fmaxresdefault_live.jpg&cfs=1&jq=75&ext=jpg&ccb=3-5&_nc_hash=AQHTXCP-xLsEa9h_,9544,https://facebook.com/MightyCaster/posts/3721318267967305,3721318267967305,"‡∏´‡∏≤‡∏ä‡πá‡∏≠‡∏ï‡πÄ‡∏´‡∏•‡πà‡∏ó‡πà‡∏≠

‡∏´‡∏≤‡∏ä‡πá‡∏≠‡∏ï‡πÄ‡∏´‡∏•‡πà‡∏ó‡πà‡∏≠

YOUTUBE.COM
LIVE - Apex Legends #13 - ‡∏ä‡∏¥‡∏•‡∏°‡∏≤‡∏Å‡∏Ñ‡∏£‡∏±‡∏ö
‡∏≠‡∏¢‡πà‡∏≤‡∏•‡∏∑‡∏°‡∏Å‡∏î‡∏ï‡∏¥‡∏î‡∏ï‡∏≤‡∏°‡πÅ‡∏•‡∏∞‡∏Å‡∏î‡∏Å‡∏£‡∏∞‡∏î‡∏¥‡πà‡∏á‡πÑ‡∏ß‡πâ‡∏î‡πâ‡∏ß‡∏¢‡∏ô‡∏∞‡∏Ñ‡∏£‡∏±‡∏ö ‡πÄ‡∏î‡∏µ‡πã‡∏¢‡∏ß‡∏û‡∏•‡∏≤‡∏î‡∏Ñ‡∏•‡∏¥‡∏õ‡πÉ‡∏´‡∏°‡πà‡πÜ ‡∏ô‡∏∞‡∏£‡∏±‡∏ö‡∏ô‡∏Å‡∏≠‡πâ‡∏ß‡∏ô‡πÑ‡∏õ‡πÄ‡∏•‡∏µ‡πâ‡∏¢‡∏á : https://www.youtube.com/channel/UC4plRabXFGdAE6HP-tBQKdQ/join...",neutral,"['‡∏≠‡∏¢‡πà‡∏≤', '‡∏ï‡∏¥‡∏î‡∏ï‡∏≤‡∏°']","['‡∏•‡∏∑‡∏°', '‡∏≠‡πâ‡∏ß‡∏ô']"
92,Heartrocker,121,2021-04-20 20:56:01,https://i.ytimg.com/vi/IFQbHZfo6Cs/maxresdefault_live.jpg,https://external.fbkk12-4.fna.fbcdn.net/safe_image.php?d=AQHIPxZuum7fYNrW&w=476&h=249&url=https%3A%2F%2Fi.ytimg.com%2Fvi%2FIFQbHZfo6Cs%2Fmaxresdefault_live.jpg&cfs=1&jq=75&ext=jpg&ccb=3-5&_nc_hash=AQETqdBrb9ihrFDt,9755,https://facebook.com/MightyCaster/posts/3716035418495590,3716035418495590,"‡∏ô‡∏≤‡∏ô‡πÄ‡∏•‡∏¢‡∏Ñ‡∏£‡∏±‡∏ö

‡∏ô‡∏≤‡∏ô‡πÄ‡∏•‡∏¢‡∏Ñ‡∏£‡∏±‡∏ö

YOUTUBE.COM
LIVE - Apex Legends #12 - ‡∏•‡∏≠‡∏á‡∏ó‡∏≤‡∏°‡πÇ‡∏ô‡πÄ‡∏û‡∏•‡∏¢‡πå
‡∏≠‡∏¢‡πà‡∏≤‡∏•‡∏∑‡∏°‡∏Å‡∏î‡∏ï‡∏¥‡∏î‡∏ï‡∏≤‡∏°‡πÅ‡∏•‡∏∞‡∏Å‡∏î‡∏Å‡∏£‡∏∞‡∏î‡∏¥‡πà‡∏á‡πÑ‡∏ß‡πâ‡∏î‡πâ‡∏ß‡∏¢‡∏ô‡∏∞‡∏Ñ‡∏£‡∏±‡∏ö ‡πÄ‡∏î‡∏µ‡πã‡∏¢‡∏ß‡∏û‡∏•‡∏≤‡∏î‡∏Ñ‡∏•‡∏¥‡∏õ‡πÉ‡∏´‡∏°‡πà‡πÜ ‡∏ô‡∏∞‡∏£‡∏±‡∏ö‡∏ô‡∏Å‡∏≠‡πâ‡∏ß‡∏ô‡πÑ‡∏õ‡πÄ‡∏•‡∏µ‡πâ‡∏¢‡∏á : https://www.youtube.com/channel/UC4plRabXFGdAE6HP-tBQKdQ/join...",neutral,"['‡∏≠‡∏¢‡πà‡∏≤', '‡∏ï‡∏¥‡∏î‡∏ï‡∏≤‡∏°']","['‡∏•‡∏∑‡∏°', '‡∏≠‡πâ‡∏ß‡∏ô']"
