num,name,price,type,star,sold,send_from,img_src,url,product_id
1,Kawaii ‡πÇ‡∏ó‡∏£‡∏®‡∏±‡∏û‡∏ó‡πå‡∏°‡∏∑‡∏≠‡∏ñ‡∏∑‡∏≠‡∏´‡∏±‡∏ß‡∏´‡∏°‡∏π‡∏Ç‡∏ô‡∏≤‡∏î‡∏°‡∏¥‡∏ô‡∏¥‡∏û‡∏£‡πâ‡∏≠‡∏°‡∏à‡∏µ‡πâ‡∏ö‡∏µ‡∏ö‡∏Ñ‡∏•‡πâ‡∏≠‡∏á‡∏°‡∏∑‡∏≠‡∏¢‡∏∑‡∏î‡∏´‡∏¢‡∏∏‡πà‡∏ô‡∏Ç‡∏≠‡∏á‡πÄ‡∏•‡πà‡∏ô‡πÄ‡∏î‡πá‡∏Å,0,general,0.0,no sold,‡∏ï‡πà‡∏≤‡∏á‡∏õ‡∏£‡∏∞‡πÄ‡∏ó‡∏®,https://cf.shopee.co.th/file/3b5588503b75506803d088d92df3b856_tn,https://shopee.co.th//Kawaii-‡πÇ‡∏ó‡∏£‡∏®‡∏±‡∏û‡∏ó‡πå‡∏°‡∏∑‡∏≠‡∏ñ‡∏∑‡∏≠‡∏´‡∏±‡∏ß‡∏´‡∏°‡∏π‡∏Ç‡∏ô‡∏≤‡∏î‡∏°‡∏¥‡∏ô‡∏¥‡∏û‡∏£‡πâ‡∏≠‡∏°‡∏à‡∏µ‡πâ‡∏ö‡∏µ‡∏ö‡∏Ñ‡∏•‡πâ‡∏≠‡∏á‡∏°‡∏∑‡∏≠‡∏¢‡∏∑‡∏î‡∏´‡∏¢‡∏∏‡πà‡∏ô‡∏Ç‡∏≠‡∏á‡πÄ‡∏•‡πà‡∏ô‡πÄ‡∏î‡πá‡∏Å-i.323113911.10718280304?ads_keyword=wkdaelpmissisiht&adsid=11089121&campaignid=6359371&position=0,10718280304
2,Cute Cartoon Pig Plush Toy Stuffed Soft Animal Pig Doll for Children's Gift Kids Toy Kawaii Gift for Girls,0,general,0.0,no sold,‡∏ï‡πà‡∏≤‡∏á‡∏õ‡∏£‡∏∞‡πÄ‡∏ó‡∏®,https://cf.shopee.co.th/file/bc66e79167f1799523b7a3fefa2789cd_tn,https://shopee.co.th//Cute-Cartoon-Pig-Plush-Toy-Stuffed-Soft-Animal-Pig-Doll-for-Children's-Gift-Kids-Toy-Kawaii-Gift-for-Girls-i.323113911.10020324403?ads_keyword=wkdaelpmissisiht&adsid=11403702&campaignid=6541271&position=1,10020324403
3,Lala Pink Pig ‡∏Ç‡∏≠‡∏á‡πÄ‡∏•‡πà‡∏ô‡∏´‡∏°‡∏π‡πÄ‡∏Ç‡∏¢‡πà‡∏≤‡πÄ‡∏™‡∏µ‡∏¢‡∏á‡∏™‡∏£‡πâ‡∏≤‡∏á‡∏™‡∏£‡∏£‡∏Ñ‡πå Lala Pinch Pinch,0,‡∏£‡πâ‡∏≤‡∏ô‡πÅ‡∏ô‡∏∞‡∏ô‡∏≥,4.2105,122.0,‡∏ï‡πà‡∏≤‡∏á‡∏õ‡∏£‡∏∞‡πÄ‡∏ó‡∏®,https://cf.shopee.co.th/file/4a84a2fbbcc436f6b9d25a0eadda6701_tn,https://shopee.co.th//Lala-Pink-Pig-‡∏Ç‡∏≠‡∏á‡πÄ‡∏•‡πà‡∏ô‡∏´‡∏°‡∏π‡πÄ‡∏Ç‡∏¢‡πà‡∏≤‡πÄ‡∏™‡∏µ‡∏¢‡∏á‡∏™‡∏£‡πâ‡∏≤‡∏á‡∏™‡∏£‡∏£‡∏Ñ‡πå-Lala-Pinch-Pinch-i.261142997.4689264872?position=2,4689264872
4,Lucky_pig999‚ö°Ô∏è‡∏û‡∏£‡πâ‡∏≠‡∏°‡∏™‡πà‡∏á‚ö°Ô∏è‡∏Ç‡∏≠‡∏á‡πÄ‡∏•‡πà‡∏ô ‡∏Ñ‡∏•‡∏≤‡∏¢‡πÄ‡∏Ñ‡∏£‡∏µ‡∏¢‡∏î ‡∏ï‡∏∏‡πä‡∏Å‡∏ï‡∏≤‡∏ô‡πâ‡∏≠‡∏á‡∏´‡∏°‡∏≤‡∏ô‡πâ‡∏≠‡∏¢‡∏¢‡∏∑‡∏î ‡∏´‡∏°‡∏π‡∏ô‡πâ‡∏≠‡∏¢‡∏¢‡∏∑‡∏î‡πÑ‡∏î‡πâ ‡∏ï‡∏∏‡πä‡∏Å‡∏ï‡∏≤‡πÅ‡∏Å‡πâ‡πÄ‡∏Ñ‡∏£‡∏µ‡∏¢‡∏î‡∏ô‡∏∏‡πà‡∏°‡∏ô‡∏¥‡πà‡∏° ‡∏≠‡∏≠‡∏Å‡∏Å‡∏≥‡∏•‡∏±‡∏á‡∏Å‡∏≤‡∏¢‡∏°‡∏∑‡∏≠,0,general,4.7179,147.0,‡∏à‡∏±‡∏á‡∏´‡∏ß‡∏±‡∏î‡∏Å‡∏£‡∏∏‡∏á‡πÄ‡∏ó‡∏û‡∏°‡∏´‡∏≤‡∏ô‡∏Ñ‡∏£,https://cf.shopee.co.th/file/4062bfd2de18ebdd11f42755d085e085_tn,https://shopee.co.th//Lucky_pig999‚ö°Ô∏è‡∏û‡∏£‡πâ‡∏≠‡∏°‡∏™‡πà‡∏á‚ö°Ô∏è‡∏Ç‡∏≠‡∏á‡πÄ‡∏•‡πà‡∏ô-‡∏Ñ‡∏•‡∏≤‡∏¢‡πÄ‡∏Ñ‡∏£‡∏µ‡∏¢‡∏î-‡∏ï‡∏∏‡πä‡∏Å‡∏ï‡∏≤‡∏ô‡πâ‡∏≠‡∏á‡∏´‡∏°‡∏≤‡∏ô‡πâ‡∏≠‡∏¢‡∏¢‡∏∑‡∏î-‡∏´‡∏°‡∏π‡∏ô‡πâ‡∏≠‡∏¢‡∏¢‡∏∑‡∏î‡πÑ‡∏î‡πâ-‡∏ï‡∏∏‡πä‡∏Å‡∏ï‡∏≤‡πÅ‡∏Å‡πâ‡πÄ‡∏Ñ‡∏£‡∏µ‡∏¢‡∏î‡∏ô‡∏∏‡πà‡∏°‡∏ô‡∏¥‡πà‡∏°-‡∏≠‡∏≠‡∏Å‡∏Å‡∏≥‡∏•‡∏±‡∏á‡∏Å‡∏≤‡∏¢‡∏°‡∏∑‡∏≠-i.226308828.10006479421?position=3,10006479421
5,Lucky_pig999 ‡∏û‡∏£‡πâ‡∏≠‡∏°‡∏™‡πà‡∏á! ‡∏ó‡∏µ‡πà‡∏ß‡∏≤‡∏á‡∏™‡∏ö‡∏π‡πà ‡∏ó‡∏µ‡πà‡∏Ç‡∏≠‡∏á‡∏Ç‡∏≠‡∏á ‡∏ó‡∏µ‡πà‡πÄ‡∏Å‡πá‡∏ö‡∏™‡∏ö‡∏π‡πà ‡∏ó‡∏£‡∏á‡πÄ‡∏≠‡∏µ‡∏¢‡∏á ‡∏ô‡πâ‡∏≥‡πÑ‡∏°‡πà‡∏Ç‡∏±‡∏á  ‡∏ó‡∏µ‡πà‡∏ß‡∏≤‡∏á‡∏™‡∏ö‡∏π‡πà‡∏ê‡∏≤‡∏ô‡∏®‡∏π‡∏ô‡∏¢‡πå‡∏≠‡∏≤‡∏Å‡∏≤‡∏® ‡∏™‡∏ß‡∏¢‡∏á‡∏≤‡∏° ‡πÅ‡∏Ç‡πá‡∏á‡πÅ‡∏£‡∏á ‡∏ó‡∏ô‡∏ó‡∏≤‡∏ô,0,general,5.0,7.0,‡∏à‡∏±‡∏á‡∏´‡∏ß‡∏±‡∏î‡∏Å‡∏£‡∏∏‡∏á‡πÄ‡∏ó‡∏û‡∏°‡∏´‡∏≤‡∏ô‡∏Ñ‡∏£,https://cf.shopee.co.th/file/34a381e501a8e2fa0ac28a507fbad191_tn,https://shopee.co.th//Lucky_pig999-‡∏û‡∏£‡πâ‡∏≠‡∏°‡∏™‡πà‡∏á!-‡∏ó‡∏µ‡πà‡∏ß‡∏≤‡∏á‡∏™‡∏ö‡∏π‡πà-‡∏ó‡∏µ‡πà‡∏Ç‡∏≠‡∏á‡∏Ç‡∏≠‡∏á-‡∏ó‡∏µ‡πà‡πÄ‡∏Å‡πá‡∏ö‡∏™‡∏ö‡∏π‡πà-‡∏ó‡∏£‡∏á‡πÄ‡∏≠‡∏µ‡∏¢‡∏á-‡∏ô‡πâ‡∏≥‡πÑ‡∏°‡πà‡∏Ç‡∏±‡∏á-‡∏ó‡∏µ‡πà‡∏ß‡∏≤‡∏á‡∏™‡∏ö‡∏π‡πà‡∏ê‡∏≤‡∏ô‡∏®‡∏π‡∏ô‡∏¢‡πå‡∏≠‡∏≤‡∏Å‡∏≤‡∏®-‡∏™‡∏ß‡∏¢‡∏á‡∏≤‡∏°-‡πÅ‡∏Ç‡πá‡∏á‡πÅ‡∏£‡∏á-‡∏ó‡∏ô‡∏ó‡∏≤‡∏ô-i.226308828.9975709123?position=4,9975709123
6,‡∏ï‡∏∏‡πä‡∏Å‡∏ï‡∏≤‡∏ü‡∏¥‡∏Å‡πÄ‡∏Å‡∏≠‡∏£‡πå winnie bear pooh pig ‡∏Ç‡∏≠‡∏á‡πÄ‡∏•‡πà‡∏ô‡∏™‡πç‡∏≤‡∏´‡∏£‡∏±‡∏ö‡πÄ‡∏î‡πá‡∏Å 3 ‡∏ä‡∏¥‡πâ‡∏ô,0,‡∏£‡πâ‡∏≤‡∏ô‡πÅ‡∏ô‡∏∞‡∏ô‡∏≥,4.3942,634.0,‡∏ï‡πà‡∏≤‡∏á‡∏õ‡∏£‡∏∞‡πÄ‡∏ó‡∏®,https://cf.shopee.co.th/file/fb05c4a77b40b308c3e32750c0409cd1_tn,https://shopee.co.th//‡∏ï‡∏∏‡πä‡∏Å‡∏ï‡∏≤‡∏ü‡∏¥‡∏Å‡πÄ‡∏Å‡∏≠‡∏£‡πå-winnie-bear-pooh-pig-‡∏Ç‡∏≠‡∏á‡πÄ‡∏•‡πà‡∏ô‡∏™‡πç‡∏≤‡∏´‡∏£‡∏±‡∏ö‡πÄ‡∏î‡πá‡∏Å-3-‡∏ä‡∏¥‡πâ‡∏ô-i.270411891.6662061428?position=5,6662061428
7,‡∏Ç‡∏≠‡∏á‡πÄ‡∏•‡πà‡∏ô‡∏ö‡∏µ‡∏ö‡∏™‡∏Ñ‡∏ß‡∏¥‡∏ä Peppa Pig ‡πÅ‡∏ö‡∏ö‡∏¢‡∏∑‡∏î‡∏´‡∏¢‡∏∏‡πà‡∏ô‡∏™‡πç‡∏≤‡∏´‡∏£‡∏±‡∏ö‡πÄ‡∏î‡πá‡∏Å,0,‡∏£‡πâ‡∏≤‡∏ô‡πÅ‡∏ô‡∏∞‡∏ô‡∏≥,4.6471,71.0,‡∏ï‡πà‡∏≤‡∏á‡∏õ‡∏£‡∏∞‡πÄ‡∏ó‡∏®,https://cf.shopee.co.th/file/2b86fa8fb022ff5cdce399f64b8edb09_tn,https://shopee.co.th//‡∏Ç‡∏≠‡∏á‡πÄ‡∏•‡πà‡∏ô‡∏ö‡∏µ‡∏ö‡∏™‡∏Ñ‡∏ß‡∏¥‡∏ä-Peppa-Pig-‡πÅ‡∏ö‡∏ö‡∏¢‡∏∑‡∏î‡∏´‡∏¢‡∏∏‡πà‡∏ô‡∏™‡πç‡∏≤‡∏´‡∏£‡∏±‡∏ö‡πÄ‡∏î‡πá‡∏Å-i.292410945.11903664936?position=6,11903664936
8,Pat Pat Pig Lala Pink Pig Decompression Lala Pig Creative Decompression Toy ‡∏™‡∏≤‡∏°‡∏≤‡∏£‡∏ñ‡∏ö‡∏µ‡∏ö‡∏≠‡∏±‡∏î‡∏´‡∏°‡∏π‡∏¢‡∏∑‡∏î‡∏´‡∏°‡∏π‡πÑ‡∏î‡πâ  yhyt,0,general,4.5,362.0,‡∏ï‡πà‡∏≤‡∏á‡∏õ‡∏£‡∏∞‡πÄ‡∏ó‡∏®,https://cf.shopee.co.th/file/1d0569a9dc20bd24e3b51861edec62b7_tn,https://shopee.co.th//Pat-Pat-Pig-Lala-Pink-Pig-Decompression-Lala-Pig-Creative-Decompression-Toy-‡∏™‡∏≤‡∏°‡∏≤‡∏£‡∏ñ‡∏ö‡∏µ‡∏ö‡∏≠‡∏±‡∏î‡∏´‡∏°‡∏π‡∏¢‡∏∑‡∏î‡∏´‡∏°‡∏π‡πÑ‡∏î‡πâ-yhyt-i.371763502.4888103323?position=7,4888103323
9,Lucky_pig999 ***‡∏û‡∏£‡πâ‡∏≠‡∏°‡∏™‡πà‡∏á*** ‡∏õ‡∏•‡∏≤‡∏´‡∏°‡∏∂‡∏Å‡∏´‡∏£‡∏£‡∏©‡∏≤ ‡∏Ç‡∏≠‡∏á‡πÄ‡∏•‡πà‡∏ô ‡∏Ç‡∏≠‡∏á‡πÄ‡∏•‡πà‡∏ô‡πÄ‡∏î‡πá‡∏Å ‡πÑ‡∏°‡πà‡πÉ‡∏ä‡πâ‡∏ñ‡πà‡∏≤‡∏ô ‡πÑ‡∏°‡πà‡πÉ‡∏ä‡πâ‡πÑ‡∏ü ‡πÄ‡∏•‡πà‡∏ô‡πÉ‡∏ô‡∏ô‡πâ‡∏≥‡πÑ‡∏î‡πâ ‡∏Ç‡∏≠‡∏á‡πÄ‡∏•‡πà‡∏ô‡∏ô‡πà‡∏≤‡∏£‡∏±‡∏Å ‡∏Ç‡∏≠‡∏á‡πÄ‡∏•‡πà‡∏ô‡πÄ‡∏î‡πá‡∏Å,0,general,5.0,12.0,‡∏à‡∏±‡∏á‡∏´‡∏ß‡∏±‡∏î‡∏Å‡∏£‡∏∏‡∏á‡πÄ‡∏ó‡∏û‡∏°‡∏´‡∏≤‡∏ô‡∏Ñ‡∏£,https://cf.shopee.co.th/file/112aa37d57e83a46b8165dde9654740a_tn,https://shopee.co.th//Lucky_pig999-***‡∏û‡∏£‡πâ‡∏≠‡∏°‡∏™‡πà‡∏á***-‡∏õ‡∏•‡∏≤‡∏´‡∏°‡∏∂‡∏Å‡∏´‡∏£‡∏£‡∏©‡∏≤-‡∏Ç‡∏≠‡∏á‡πÄ‡∏•‡πà‡∏ô-‡∏Ç‡∏≠‡∏á‡πÄ‡∏•‡πà‡∏ô‡πÄ‡∏î‡πá‡∏Å-‡πÑ‡∏°‡πà‡πÉ‡∏ä‡πâ‡∏ñ‡πà‡∏≤‡∏ô-‡πÑ‡∏°‡πà‡πÉ‡∏ä‡πâ‡πÑ‡∏ü-‡πÄ‡∏•‡πà‡∏ô‡πÉ‡∏ô‡∏ô‡πâ‡∏≥‡πÑ‡∏î‡πâ-‡∏Ç‡∏≠‡∏á‡πÄ‡∏•‡πà‡∏ô‡∏ô‡πà‡∏≤‡∏£‡∏±‡∏Å-‡∏Ç‡∏≠‡∏á‡πÄ‡∏•‡πà‡∏ô‡πÄ‡∏î‡πá‡∏Å-i.226308828.4493779646?position=8,4493779646
10,‡∏û‡∏£‡πâ‡∏≠‡∏°‡∏™‡πà‡∏á ‡∏´‡∏°‡∏ß‡∏Å‡πÅ‡∏Å‡πä‡∏õ ‡πÄ‡∏î‡πá‡∏Å Peppa Pig,0,general,5.0,39.0,‡∏à‡∏±‡∏á‡∏´‡∏ß‡∏±‡∏î‡∏Å‡∏£‡∏∏‡∏á‡πÄ‡∏ó‡∏û‡∏°‡∏´‡∏≤‡∏ô‡∏Ñ‡∏£,https://cf.shopee.co.th/file/c5beb22269894a8b740523255d40de09_tn,https://shopee.co.th//‡∏û‡∏£‡πâ‡∏≠‡∏°‡∏™‡πà‡∏á-‡∏´‡∏°‡∏ß‡∏Å‡πÅ‡∏Å‡πä‡∏õ-‡πÄ‡∏î‡πá‡∏Å-Peppa-Pig-i.175809830.8553243256?position=9,8553243256
11,‡∏û‡∏£‡πâ‡∏≠‡∏°‡∏™‡πà‡∏á‡∏à‡∏≤‡∏Å‡πÑ‡∏ó‡∏¢ ‡∏´‡∏°‡∏π‡∏ä‡∏°‡∏û‡∏π‡∏ô‡∏∏‡πà‡∏°‡∏ô‡∏¥‡πà‡∏° Lala Pig ‡∏Ç‡∏≠‡∏á‡πÄ‡∏•‡πà‡∏ô‡∏™‡∏∏‡∏î‡πÅ‡∏™‡∏ô‡∏ô‡πà‡∏≤‡∏£‡∏±‡∏Å ‡∏¢‡∏∑‡∏î‡πÑ‡∏î‡πâ ‡∏´‡∏î‡πÑ‡∏î‡πâ ‡∏ö‡∏µ‡∏ö‡πÑ‡∏î‡πâ ‡∏°‡∏±‡∏ô‡∏™‡πå‡∏°‡∏∑‡∏≠‡∏°‡∏≤‡∏Å,0,‡∏£‡πâ‡∏≤‡∏ô‡πÅ‡∏ô‡∏∞‡∏ô‡∏≥,4.9,38.0,‡∏à‡∏±‡∏á‡∏´‡∏ß‡∏±‡∏î‡∏≠‡∏∏‡∏î‡∏£‡∏ò‡∏≤‡∏ô‡∏µ,https://cf.shopee.co.th/file/11144f88d1144b4b74a8f4714895baad_tn,https://shopee.co.th//‡∏û‡∏£‡πâ‡∏≠‡∏°‡∏™‡πà‡∏á‡∏à‡∏≤‡∏Å‡πÑ‡∏ó‡∏¢-‡∏´‡∏°‡∏π‡∏ä‡∏°‡∏û‡∏π‡∏ô‡∏∏‡πà‡∏°‡∏ô‡∏¥‡πà‡∏°-Lala-Pig-‡∏Ç‡∏≠‡∏á‡πÄ‡∏•‡πà‡∏ô‡∏™‡∏∏‡∏î‡πÅ‡∏™‡∏ô‡∏ô‡πà‡∏≤‡∏£‡∏±‡∏Å-‡∏¢‡∏∑‡∏î‡πÑ‡∏î‡πâ-‡∏´‡∏î‡πÑ‡∏î‡πâ-‡∏ö‡∏µ‡∏ö‡πÑ‡∏î‡πâ-‡∏°‡∏±‡∏ô‡∏™‡πå‡∏°‡∏∑‡∏≠‡∏°‡∏≤‡∏Å-i.32120377.10415424011?position=10,10415424011
12,Peppa Pig(‡πÄ‡∏õ‡πä‡∏õ‡∏õ‡πâ‡∏≤‡∏û‡∏¥‡∏Å) ‡∏•‡∏π‡∏Å‡∏ö‡∏≠‡∏•‡∏•‡∏≤‡∏¢ ‡∏ö‡∏≠‡∏•‡∏´‡∏°‡∏π‡∏ä‡∏°‡∏û‡∏π,0,shopee mall,4.7107,690.0,‡∏à‡∏±‡∏á‡∏´‡∏ß‡∏±‡∏î‡∏Å‡∏£‡∏∏‡∏á‡πÄ‡∏ó‡∏û‡∏°‡∏´‡∏≤‡∏ô‡∏Ñ‡∏£,https://cf.shopee.co.th/file/50e01cd7bf1d443c7a5671f905f632e0_tn,https://shopee.co.th//Peppa-Pig(‡πÄ‡∏õ‡πä‡∏õ‡∏õ‡πâ‡∏≤‡∏û‡∏¥‡∏Å)-‡∏•‡∏π‡∏Å‡∏ö‡∏≠‡∏•‡∏•‡∏≤‡∏¢-‡∏ö‡∏≠‡∏•‡∏´‡∏°‡∏π‡∏ä‡∏°‡∏û‡∏π-i.68449746.3523934995?position=11,3523934995
13,Lucky_pig999 ***‡∏û‡∏£‡πâ‡∏≠‡∏°‡∏™‡πà‡∏á*** ‡πÇ‡∏°‡πÄ‡∏î‡∏• ‡πÄ‡∏ã‡πä‡∏ó‡πÅ‡∏°‡∏ß 5 ‡∏ï‡∏±‡∏ß ‡∏ï‡∏∏‡πä‡∏Å‡∏ï‡∏≤‡∏ï‡∏±‡πâ‡∏á‡πÇ‡∏ä‡∏ß‡πå ‡∏Ç‡∏≠‡∏á‡∏ï‡∏Å‡πÅ‡∏ï‡πà‡∏á‡∏´‡πâ‡∏≠‡∏á ‡∏ï‡∏Å‡πÅ‡∏ï‡πà‡∏á‡∏´‡πâ‡∏≠‡∏á‡∏ô‡∏≠‡∏ô ‡πÇ‡∏°‡πÄ‡∏î‡∏•‡πÅ‡∏ï‡πà‡∏á‡∏´‡πâ‡∏≠‡∏á ‡πÅ‡∏°‡∏ß‡∏™‡∏∏‡∏î‡∏ô‡πà‡∏≤‡∏£‡∏±‡∏Å,0,general,5.0,9.0,‡∏à‡∏±‡∏á‡∏´‡∏ß‡∏±‡∏î‡∏Å‡∏£‡∏∏‡∏á‡πÄ‡∏ó‡∏û‡∏°‡∏´‡∏≤‡∏ô‡∏Ñ‡∏£,https://cf.shopee.co.th/file/62596c226f489f03b716c3c6860ae65f_tn,https://shopee.co.th//Lucky_pig999-***‡∏û‡∏£‡πâ‡∏≠‡∏°‡∏™‡πà‡∏á***-‡πÇ‡∏°‡πÄ‡∏î‡∏•-‡πÄ‡∏ã‡πä‡∏ó‡πÅ‡∏°‡∏ß-5-‡∏ï‡∏±‡∏ß-‡∏ï‡∏∏‡πä‡∏Å‡∏ï‡∏≤‡∏ï‡∏±‡πâ‡∏á‡πÇ‡∏ä‡∏ß‡πå-‡∏Ç‡∏≠‡∏á‡∏ï‡∏Å‡πÅ‡∏ï‡πà‡∏á‡∏´‡πâ‡∏≠‡∏á-‡∏ï‡∏Å‡πÅ‡∏ï‡πà‡∏á‡∏´‡πâ‡∏≠‡∏á‡∏ô‡∏≠‡∏ô-‡πÇ‡∏°‡πÄ‡∏î‡∏•‡πÅ‡∏ï‡πà‡∏á‡∏´‡πâ‡∏≠‡∏á-‡πÅ‡∏°‡∏ß‡∏™‡∏∏‡∏î‡∏ô‡πà‡∏≤‡∏£‡∏±‡∏Å-i.226308828.9174650985?position=12,9174650985
14,‡∏´‡∏°‡∏π‡∏ä‡∏°‡∏û‡∏π‡∏ô‡∏∏‡πà‡∏°‡∏ô‡∏¥‡πà‡∏°Lala Pig,0,general,5.0,5.0,‡∏à‡∏±‡∏á‡∏´‡∏ß‡∏±‡∏î‡∏ä‡∏±‡∏¢‡∏†‡∏π‡∏°‡∏¥,https://cf.shopee.co.th/file/a763631c3a35eaee8a43d4ea72e03eb8_tn,https://shopee.co.th//‡∏´‡∏°‡∏π‡∏ä‡∏°‡∏û‡∏π‡∏ô‡∏∏‡πà‡∏°‡∏ô‡∏¥‡πà‡∏°Lala-Pig-i.384258725.4993611353?position=13,4993611353
15,40‡∏ã‡∏°.‡∏ï‡∏∏‡πä‡∏Å‡∏ï‡∏≤ ‡∏ï‡∏∏‡πä‡∏Å‡∏ï‡∏≤‡∏Ç‡∏≠‡∏á‡πÄ‡∏•‡πà‡∏ô ‡∏ï‡∏∏‡πä‡∏Å‡∏ï‡∏≤‡∏´‡∏°‡∏π ‡∏ô‡πà‡∏≤‡∏£‡∏±‡∏Å ‡∏ú‡πâ‡∏≤‡∏ô‡∏∏‡πà‡∏° Peppa George Pig ‡∏Ç‡∏≠‡∏á‡∏Ç‡∏ß‡∏±‡∏ç‡∏ß‡∏±‡∏ô‡πÄ‡∏Å‡∏¥‡∏î ‡∏Ç‡∏≠‡∏á‡∏Ç‡∏ß‡∏±‡∏ç‡∏ß‡∏±‡∏ô‡πÄ‡∏î‡πá‡∏Å,0,general,5.0,7.0,‡∏à‡∏±‡∏á‡∏´‡∏ß‡∏±‡∏î‡∏™‡∏°‡∏∏‡∏ó‡∏£‡∏™‡∏≤‡∏Ñ‡∏£,https://cf.shopee.co.th/file/1ad111f8fffe73c3ca8efca2b46c6b24_tn,https://shopee.co.th//40‡∏ã‡∏°.‡∏ï‡∏∏‡πä‡∏Å‡∏ï‡∏≤-‡∏ï‡∏∏‡πä‡∏Å‡∏ï‡∏≤‡∏Ç‡∏≠‡∏á‡πÄ‡∏•‡πà‡∏ô-‡∏ï‡∏∏‡πä‡∏Å‡∏ï‡∏≤‡∏´‡∏°‡∏π-‡∏ô‡πà‡∏≤‡∏£‡∏±‡∏Å-‡∏ú‡πâ‡∏≤‡∏ô‡∏∏‡πà‡∏°-Peppa-George-Pig-‡∏Ç‡∏≠‡∏á‡∏Ç‡∏ß‡∏±‡∏ç‡∏ß‡∏±‡∏ô‡πÄ‡∏Å‡∏¥‡∏î-‡∏Ç‡∏≠‡∏á‡∏Ç‡∏ß‡∏±‡∏ç‡∏ß‡∏±‡∏ô‡πÄ‡∏î‡πá‡∏Å-i.335597361.5063280894?position=14,5063280894
16,üëπCODüéØ‡∏Ç‡∏≠‡∏á‡πÄ‡∏•‡πà‡∏ô‡πÄ‡∏î‡πâ‡∏á‡∏ä‡πâ‡∏≤ ‡∏´‡∏°‡∏π‡∏•‡∏≤‡∏£‡πà‡∏≤üî•‡∏´‡∏°‡∏≤‡∏¢‡∏∑‡∏î ‡∏Ñ‡∏•‡∏≤‡∏¢‡πÄ‡∏Ñ‡∏£‡∏µ‡∏¢‡∏î ‡∏Ç‡∏≠‡∏á‡πÄ‡∏•‡πà‡∏ô‡∏´‡∏°‡∏π ‡∏ï‡∏∏‡πä‡∏Å‡∏ï‡∏≤‡∏ô‡πâ‡∏≠‡∏á‡∏´‡∏°‡∏≤‡∏¢‡∏∑‡∏î‡πÑ‡∏î‡πâ‡∏´‡∏î‡πÑ‡∏î‡πâ üí•pig/dog TikToküíØ,0,general,4.75,29.0,‡∏à‡∏±‡∏á‡∏´‡∏ß‡∏±‡∏î‡∏Å‡∏£‡∏∏‡∏á‡πÄ‡∏ó‡∏û‡∏°‡∏´‡∏≤‡∏ô‡∏Ñ‡∏£,https://cf.shopee.co.th/file/62377c0c34b829921b0b7ff5038ed11e_tn,https://shopee.co.th//üëπCODüéØ‡∏Ç‡∏≠‡∏á‡πÄ‡∏•‡πà‡∏ô‡πÄ‡∏î‡πâ‡∏á‡∏ä‡πâ‡∏≤-‡∏´‡∏°‡∏π‡∏•‡∏≤‡∏£‡πà‡∏≤üî•‡∏´‡∏°‡∏≤‡∏¢‡∏∑‡∏î-‡∏Ñ‡∏•‡∏≤‡∏¢‡πÄ‡∏Ñ‡∏£‡∏µ‡∏¢‡∏î-‡∏Ç‡∏≠‡∏á‡πÄ‡∏•‡πà‡∏ô‡∏´‡∏°‡∏π-‡∏ï‡∏∏‡πä‡∏Å‡∏ï‡∏≤‡∏ô‡πâ‡∏≠‡∏á‡∏´‡∏°‡∏≤‡∏¢‡∏∑‡∏î‡πÑ‡∏î‡πâ‡∏´‡∏î‡πÑ‡∏î‡πâ-üí•pig-dog-TikToküíØ-i.311918370.9834699575?position=15,9834699575
17,pink dad pink pig ‡∏™‡∏ï‡∏¥‡πä‡∏Å‡πÄ‡∏Å‡∏≠‡∏£‡πå‡∏Å‡∏±‡∏ô‡∏ô‡πâ‡πç‡∏≤‡∏™‡πç‡∏≤‡∏´‡∏£‡∏±‡∏ö‡∏ï‡∏¥‡∏î‡∏ï‡∏Å‡πÅ‡∏ï‡πà‡∏á‡∏ú‡∏ô‡∏±‡∏á‡∏ö‡πâ‡∏≤‡∏ô,0,general,4.9,53.0,‡∏ï‡πà‡∏≤‡∏á‡∏õ‡∏£‡∏∞‡πÄ‡∏ó‡∏®,https://cf.shopee.co.th/file/5b06b6a14a9a784b0bfc8b58be72d4f8_tn,https://shopee.co.th//pink-dad-pink-pig-‡∏™‡∏ï‡∏¥‡πä‡∏Å‡πÄ‡∏Å‡∏≠‡∏£‡πå‡∏Å‡∏±‡∏ô‡∏ô‡πâ‡πç‡∏≤‡∏™‡πç‡∏≤‡∏´‡∏£‡∏±‡∏ö‡∏ï‡∏¥‡∏î‡∏ï‡∏Å‡πÅ‡∏ï‡πà‡∏á‡∏ú‡∏ô‡∏±‡∏á‡∏ö‡πâ‡∏≤‡∏ô-i.243583779.6040513249?position=16,6040513249
18,Lucky_pig999‚ù§Ô∏è‡∏ã‡∏≤‡∏•‡∏≤‡πÄ‡∏õ‡∏≤‡∏Ñ‡∏•‡∏≤‡∏¢‡πÄ‡∏Ñ‡∏£‡∏µ‡∏¢‡∏î ‡∏ã‡∏≤‡∏•‡∏≤‡πÄ‡∏õ‡∏≤‡∏¢‡∏∑‡∏î‡πÑ‡∏î‡πâ ‡∏Ç‡∏≠‡∏á‡πÄ‡∏•‡πà‡∏ô‡πÄ‡∏î‡πá‡∏Å‡πÅ‡∏•‡∏∞‡∏ú‡∏π‡πâ‡πÉ‡∏´‡∏ç‡πà ‡∏Ç‡∏≠‡∏á‡πÄ‡∏•‡πà‡∏ô‡∏Ñ‡∏•‡∏≤‡∏¢‡πÄ‡∏Ñ‡∏£‡∏µ‡∏¢‡∏î ‡∏ã‡∏≤‡∏•‡∏≤‡πÄ‡∏õ‡∏≤‡∏õ‡∏•‡∏≠‡∏° ‡∏ô‡∏∏‡πà‡∏° ‡∏ö‡∏µ‡∏ö‡πÄ‡∏•‡πà‡∏ô‡∏Ñ‡∏•‡∏≤‡∏¢‡πÄ‡∏Ñ‡∏£‡∏µ‡∏¢‡∏î,0,general,4.8857,238.0,‡∏à‡∏±‡∏á‡∏´‡∏ß‡∏±‡∏î‡∏Å‡∏£‡∏∏‡∏á‡πÄ‡∏ó‡∏û‡∏°‡∏´‡∏≤‡∏ô‡∏Ñ‡∏£,https://cf.shopee.co.th/file/a8d4fb6d7cf8442222ef7cb53eeea3c1_tn,https://shopee.co.th//Lucky_pig999‚ù§Ô∏è‡∏ã‡∏≤‡∏•‡∏≤‡πÄ‡∏õ‡∏≤‡∏Ñ‡∏•‡∏≤‡∏¢‡πÄ‡∏Ñ‡∏£‡∏µ‡∏¢‡∏î-‡∏ã‡∏≤‡∏•‡∏≤‡πÄ‡∏õ‡∏≤‡∏¢‡∏∑‡∏î‡πÑ‡∏î‡πâ-‡∏Ç‡∏≠‡∏á‡πÄ‡∏•‡πà‡∏ô‡πÄ‡∏î‡πá‡∏Å‡πÅ‡∏•‡∏∞‡∏ú‡∏π‡πâ‡πÉ‡∏´‡∏ç‡πà-‡∏Ç‡∏≠‡∏á‡πÄ‡∏•‡πà‡∏ô‡∏Ñ‡∏•‡∏≤‡∏¢‡πÄ‡∏Ñ‡∏£‡∏µ‡∏¢‡∏î-‡∏ã‡∏≤‡∏•‡∏≤‡πÄ‡∏õ‡∏≤‡∏õ‡∏•‡∏≠‡∏°-‡∏ô‡∏∏‡πà‡∏°-‡∏ö‡∏µ‡∏ö‡πÄ‡∏•‡πà‡∏ô‡∏Ñ‡∏•‡∏≤‡∏¢‡πÄ‡∏Ñ‡∏£‡∏µ‡∏¢‡∏î-i.226308828.8858619882?position=17,8858619882
19,üî•‡∏´‡∏°‡∏π‡∏ä‡∏°‡∏û‡∏π‡∏ô‡∏∏‡πà‡∏°‡∏ô‡∏¥‡πà‡∏° Lala Pig ‡∏¢‡∏∑‡∏î‡πÑ‡∏î‡πâ ‡∏´‡∏î‡πÑ‡∏î‡πâ ‡πÄ‡∏•‡πà‡∏ô‡πÅ‡∏Å‡πâ‡πÄ‡∏ö‡∏∑‡πà‡∏≠üî•,0,general,5.0,11.0,‡∏à‡∏±‡∏á‡∏´‡∏ß‡∏±‡∏î‡∏ô‡∏Ñ‡∏£‡∏®‡∏£‡∏µ‡∏ò‡∏£‡∏£‡∏°‡∏£‡∏≤‡∏ä,https://cf.shopee.co.th/file/a6c7163bc1a6def16391a89dec823e57_tn,https://shopee.co.th//üî•‡∏´‡∏°‡∏π‡∏ä‡∏°‡∏û‡∏π‡∏ô‡∏∏‡πà‡∏°‡∏ô‡∏¥‡πà‡∏°-Lala-Pig-‡∏¢‡∏∑‡∏î‡πÑ‡∏î‡πâ-‡∏´‡∏î‡πÑ‡∏î‡πâ-‡πÄ‡∏•‡πà‡∏ô‡πÅ‡∏Å‡πâ‡πÄ‡∏ö‡∏∑‡πà‡∏≠üî•-i.126905552.2977178110?position=18,2977178110
20,‡πÇ‡∏°‡πÄ‡∏î‡∏• ‡∏´‡∏°‡∏π ‡πÇ‡∏°‡πÄ‡∏î‡∏•‡∏´‡∏°‡∏π ‡∏´‡∏°‡∏π‡∏ô‡πâ‡∏≠‡∏¢ ‡∏´‡∏°‡∏µ ‡∏´‡∏°‡∏µ‡∏ô‡πâ‡∏≠‡∏¢ ‡πÄ‡∏£‡∏µ‡∏¢‡∏Å‡πÄ‡∏á‡∏¥‡∏ô ‡πÄ‡∏£‡∏µ‡∏¢‡∏Å‡∏ó‡∏≠‡∏á ‡∏ô‡∏≥‡πÇ‡∏ä‡∏Ñ Lucky Pig,0,‡∏£‡πâ‡∏≤‡∏ô‡πÅ‡∏ô‡∏∞‡∏ô‡∏≥,4.8,57.0,‡∏à‡∏±‡∏á‡∏´‡∏ß‡∏±‡∏î‡∏Å‡∏£‡∏∏‡∏á‡πÄ‡∏ó‡∏û‡∏°‡∏´‡∏≤‡∏ô‡∏Ñ‡∏£,https://cf.shopee.co.th/file/54f0c4f75de43f78fcee0ec7e7066dc4_tn,https://shopee.co.th//‡πÇ‡∏°‡πÄ‡∏î‡∏•-‡∏´‡∏°‡∏π-‡πÇ‡∏°‡πÄ‡∏î‡∏•‡∏´‡∏°‡∏π-‡∏´‡∏°‡∏π‡∏ô‡πâ‡∏≠‡∏¢-‡∏´‡∏°‡∏µ-‡∏´‡∏°‡∏µ‡∏ô‡πâ‡∏≠‡∏¢-‡πÄ‡∏£‡∏µ‡∏¢‡∏Å‡πÄ‡∏á‡∏¥‡∏ô-‡πÄ‡∏£‡∏µ‡∏¢‡∏Å‡∏ó‡∏≠‡∏á-‡∏ô‡∏≥‡πÇ‡∏ä‡∏Ñ-Lucky-Pig-i.49741758.5051718242?position=19,5051718242
21,üî•Happy Pig üî•‡∏Ç‡∏≠‡∏á‡πÄ‡∏•‡πà‡∏ô‡πÄ‡∏î‡πá‡∏Å ‡∏´‡∏°‡∏π‡∏Ç‡∏∂‡πâ‡∏ô‡∏ö‡∏±‡∏ô‡πÑ‡∏î ‡πÅ‡∏ö‡∏ö‡πÉ‡∏™‡πà‡∏ñ‡πà‡∏≤‡∏ô üî•,0,‡∏£‡πâ‡∏≤‡∏ô‡πÅ‡∏ô‡∏∞‡∏ô‡∏≥,4.6,30.0,‡∏à‡∏±‡∏á‡∏´‡∏ß‡∏±‡∏î‡∏õ‡∏ó‡∏∏‡∏°‡∏ò‡∏≤‡∏ô‡∏µ,https://cf.shopee.co.th/file/5c684e70fd1e818292122964b3be53da_tn,https://shopee.co.th//üî•Happy-Pig-üî•‡∏Ç‡∏≠‡∏á‡πÄ‡∏•‡πà‡∏ô‡πÄ‡∏î‡πá‡∏Å-‡∏´‡∏°‡∏π‡∏Ç‡∏∂‡πâ‡∏ô‡∏ö‡∏±‡∏ô‡πÑ‡∏î-‡πÅ‡∏ö‡∏ö‡πÉ‡∏™‡πà‡∏ñ‡πà‡∏≤‡∏ô-üî•-i.11503491.2863918851?position=20,2863918851
22,‡∏£‡∏≠‡∏á‡πÄ‡∏ó‡πâ‡∏≤‡πÅ‡∏ï‡∏∞‡∏ú‡∏π‡πâ‡∏´‡∏ç‡∏¥‡∏á Face Pig ‡∏£‡∏≠‡∏á‡πÄ‡∏ó‡πâ‡∏≤‡πÅ‡∏ï‡∏∞‡∏¢‡∏≤‡∏á‡∏û‡∏∑‡πâ‡∏ô‡∏ô‡∏∏‡πà‡∏°‡πÉ‡∏™‡πà‡∏™‡∏ö‡∏≤‡∏¢ Ôºà‡πÅ‡∏ô‡∏∞‡∏ô‡∏≥‡πÉ‡∏´‡πâ‡∏ã‡∏∑‡πâ‡∏≠‡πÄ‡∏û‡∏¥‡πà‡∏°1‡πÄ‡∏ö‡∏≠‡∏£‡πå),0,general,4.6984,230.0,‡∏à‡∏±‡∏á‡∏´‡∏ß‡∏±‡∏î‡∏™‡∏°‡∏∏‡∏ó‡∏£‡∏õ‡∏£‡∏≤‡∏Å‡∏≤‡∏£,https://cf.shopee.co.th/file/2ce57823394488614cba7d3980ed9d1f_tn,https://shopee.co.th//‡∏£‡∏≠‡∏á‡πÄ‡∏ó‡πâ‡∏≤‡πÅ‡∏ï‡∏∞‡∏ú‡∏π‡πâ‡∏´‡∏ç‡∏¥‡∏á-Face-Pig-‡∏£‡∏≠‡∏á‡πÄ‡∏ó‡πâ‡∏≤‡πÅ‡∏ï‡∏∞‡∏¢‡∏≤‡∏á‡∏û‡∏∑‡πâ‡∏ô‡∏ô‡∏∏‡πà‡∏°‡πÉ‡∏™‡πà‡∏™‡∏ö‡∏≤‡∏¢-Ôºà‡πÅ‡∏ô‡∏∞‡∏ô‡∏≥‡πÉ‡∏´‡πâ‡∏ã‡∏∑‡πâ‡∏≠‡πÄ‡∏û‡∏¥‡πà‡∏°1‡πÄ‡∏ö‡∏≠‡∏£‡πå)-i.142391996.2430924310?position=21,2430924310
23,OXBOW GARDEN SELECTAdult Guinea Pig 4 LB ‡∏≠‡∏≤‡∏´‡∏≤‡∏£‡∏™‡∏π‡∏ï‡∏£‡∏Å‡∏≤‡∏£‡πå‡πÄ‡∏î‡πâ‡∏ô ‡∏ã‡∏µ‡πÄ‡∏•‡πá‡∏Ñ ‡∏™‡∏≥‡∏´‡∏£‡∏±‡∏ö‡πÅ‡∏Å‡∏™‡∏ö‡∏µ‡πâ‡πÇ‡∏ï,0,‡∏£‡πâ‡∏≤‡∏ô‡πÅ‡∏ô‡∏∞‡∏ô‡∏≥,5.0,67.0,‡∏à‡∏±‡∏á‡∏´‡∏ß‡∏±‡∏î‡∏≠‡∏∏‡∏î‡∏£‡∏ò‡∏≤‡∏ô‡∏µ,https://cf.shopee.co.th/file/b52a4d4e3bd805cb3d67dd13085455f1_tn,https://shopee.co.th//OXBOW-GARDEN-SELECTAdult-Guinea-Pig-4-LB-‡∏≠‡∏≤‡∏´‡∏≤‡∏£‡∏™‡∏π‡∏ï‡∏£‡∏Å‡∏≤‡∏£‡πå‡πÄ‡∏î‡πâ‡∏ô-‡∏ã‡∏µ‡πÄ‡∏•‡πá‡∏Ñ-‡∏™‡∏≥‡∏´‡∏£‡∏±‡∏ö‡πÅ‡∏Å‡∏™‡∏ö‡∏µ‡πâ‡πÇ‡∏ï-i.18875171.5551789557?position=22,5551789557
24,"PAPA baby ‡∏Å‡∏£‡∏∞‡πÇ‡∏ñ‡∏ô ‡∏ó‡∏£‡∏á‡∏£‡∏π‡∏õ‡πÄ‡∏ï‡πã‡∏≤ ‡∏°‡∏µ3‡∏™‡∏µ ‡πÉ‡∏´‡πâ‡πÄ‡∏•‡∏∑‡∏≠‡∏Å ‡∏Ç‡∏≤‡∏ß,‡∏ü‡πâ‡∏≤,‡πÄ‡∏Ç‡∏µ‡∏¢‡∏ß ‡πÅ‡∏°‡πà‡πÅ‡∏•‡∏∞‡πÄ‡∏î‡πá‡∏Å ‡∏Ç‡∏≠‡∏á‡πÉ‡∏ä‡πâ‡∏™‡∏≥‡∏´‡∏£‡∏±‡∏ö‡πÅ‡∏°‡πà‡∏•‡∏π‡∏Å‡∏≠‡πà‡∏≠‡∏ô ‡∏ó‡∏≤‡∏£‡∏Å 1‡∏ï‡∏±‡∏ß",0,‡∏£‡πâ‡∏≤‡∏ô‡πÅ‡∏ô‡∏∞‡∏ô‡∏≥,5.0,27.0,‡∏à‡∏±‡∏á‡∏´‡∏ß‡∏±‡∏î‡∏û‡∏¥‡∏©‡∏ì‡∏∏‡πÇ‡∏•‡∏Å,https://cf.shopee.co.th/file/84973e8bce02deaf7f816a1ec8d03ba4_tn,https://shopee.co.th//PAPA-baby-‡∏Å‡∏£‡∏∞‡πÇ‡∏ñ‡∏ô-‡∏ó‡∏£‡∏á‡∏£‡∏π‡∏õ‡πÄ‡∏ï‡πã‡∏≤-‡∏°‡∏µ3‡∏™‡∏µ-‡πÉ‡∏´‡πâ‡πÄ‡∏•‡∏∑‡∏≠‡∏Å-‡∏Ç‡∏≤‡∏ß-‡∏ü‡πâ‡∏≤-‡πÄ‡∏Ç‡∏µ‡∏¢‡∏ß-‡πÅ‡∏°‡πà‡πÅ‡∏•‡∏∞‡πÄ‡∏î‡πá‡∏Å-‡∏Ç‡∏≠‡∏á‡πÉ‡∏ä‡πâ‡∏™‡∏≥‡∏´‡∏£‡∏±‡∏ö‡πÅ‡∏°‡πà‡∏•‡∏π‡∏Å‡∏≠‡πà‡∏≠‡∏ô-‡∏ó‡∏≤‡∏£‡∏Å-1‡∏ï‡∏±‡∏ß-i.273728105.6446735332?position=23,6446735332
25,‚ò¢Peppa Pig George Slide ‡∏™‡∏ß‡∏ô‡∏™‡∏ô‡∏∏‡∏Å‡∏™‡∏ô‡∏≤‡∏°‡πÄ‡∏î‡πá‡∏Å‡πÄ‡∏•‡πà‡∏ô‡∏õ‡∏£‡∏≤‡∏™‡∏≤‡∏ó‡∏ã‡∏∏‡∏Å‡∏ã‡∏ô‡∏£‡∏ñ‡∏õ‡∏¥‡∏Ñ‡∏ô‡∏¥‡∏Ñ Play House ‡∏£‡∏ñ‡πÇ‡∏£‡∏á‡πÄ‡∏£‡∏µ‡∏¢‡∏ô‡∏Ç‡∏≠‡∏á‡πÄ‡∏•‡πà‡∏ô‡∏™‡∏ß‡∏ô <,0,general,4.6818,60.0,‡∏à‡∏±‡∏á‡∏´‡∏ß‡∏±‡∏î‡∏Å‡∏£‡∏∏‡∏á‡πÄ‡∏ó‡∏û‡∏°‡∏´‡∏≤‡∏ô‡∏Ñ‡∏£,https://cf.shopee.co.th/file/f078d50b3f9ab8bd07d136919520b184_tn,https://shopee.co.th//‚ò¢Peppa-Pig-George-Slide-‡∏™‡∏ß‡∏ô‡∏™‡∏ô‡∏∏‡∏Å‡∏™‡∏ô‡∏≤‡∏°‡πÄ‡∏î‡πá‡∏Å‡πÄ‡∏•‡πà‡∏ô‡∏õ‡∏£‡∏≤‡∏™‡∏≤‡∏ó‡∏ã‡∏∏‡∏Å‡∏ã‡∏ô‡∏£‡∏ñ‡∏õ‡∏¥‡∏Ñ‡∏ô‡∏¥‡∏Ñ-Play-House-‡∏£‡∏ñ‡πÇ‡∏£‡∏á‡πÄ‡∏£‡∏µ‡∏¢‡∏ô‡∏Ç‡∏≠‡∏á‡πÄ‡∏•‡πà‡∏ô‡∏™‡∏ß‡∏ô--i.278029647.8401970212?position=24,8401970212
26,Peppa pig ‡πÇ‡∏£‡∏¢‡∏ó‡∏£‡∏≤‡∏¢‡∏™‡∏µ ‡∏Ç‡∏≠‡∏á‡πÄ‡∏•‡πà‡∏ô‡πÄ‡∏î‡πá‡∏Å,0,shopee mall,4.6667,21.0,‡∏à‡∏±‡∏á‡∏´‡∏ß‡∏±‡∏î‡∏Å‡∏£‡∏∏‡∏á‡πÄ‡∏ó‡∏û‡∏°‡∏´‡∏≤‡∏ô‡∏Ñ‡∏£,https://cf.shopee.co.th/file/1d8c16d9bd352a3f4b92c309c1c84b63_tn,https://shopee.co.th//Peppa-pig-‡πÇ‡∏£‡∏¢‡∏ó‡∏£‡∏≤‡∏¢‡∏™‡∏µ-‡∏Ç‡∏≠‡∏á‡πÄ‡∏•‡πà‡∏ô‡πÄ‡∏î‡πá‡∏Å-i.68449746.5180271486?position=25,5180271486
27,‡∏ï‡∏∞‡∏Ç‡∏≠‡πÅ‡∏Ç‡∏ß‡∏ô‡∏´‡∏°‡∏π‡∏Å‡∏£‡∏≠‡∏ö‡∏™‡πÅ‡∏ï‡∏ô‡πÄ‡∏•‡∏™ Stainless steel frame pig hook,0,general,4.6667,33.0,‡∏à‡∏±‡∏á‡∏´‡∏ß‡∏±‡∏î‡∏Å‡∏£‡∏∏‡∏á‡πÄ‡∏ó‡∏û‡∏°‡∏´‡∏≤‡∏ô‡∏Ñ‡∏£,https://cf.shopee.co.th/file/e11d0d3cab38f8d1080295ba62b40422_tn,https://shopee.co.th//‡∏ï‡∏∞‡∏Ç‡∏≠‡πÅ‡∏Ç‡∏ß‡∏ô‡∏´‡∏°‡∏π‡∏Å‡∏£‡∏≠‡∏ö‡∏™‡πÅ‡∏ï‡∏ô‡πÄ‡∏•‡∏™-Stainless-steel-frame-pig-hook-i.65605484.2906003137?position=26,2906003137
28,20-50 ‡∏ã‡∏° . ‡∏Ç‡∏≠‡∏á‡πÄ‡∏•‡πà‡∏ô‡∏ï‡∏∏‡πä‡∏Å‡∏ï‡∏≤‡∏Å‡∏≤‡∏£‡πå‡∏ï‡∏π‡∏ô Peppa Pig George Mummy Daddy,0,general,4.7143,16.0,‡∏ï‡πà‡∏≤‡∏á‡∏õ‡∏£‡∏∞‡πÄ‡∏ó‡∏®,https://cf.shopee.co.th/file/6cc60a247cc23f3a6774c7b16ad44ac6_tn,https://shopee.co.th//20-50-‡∏ã‡∏°-.-‡∏Ç‡∏≠‡∏á‡πÄ‡∏•‡πà‡∏ô‡∏ï‡∏∏‡πä‡∏Å‡∏ï‡∏≤‡∏Å‡∏≤‡∏£‡πå‡∏ï‡∏π‡∏ô-Peppa-Pig-George-Mummy-Daddy-i.83442494.1644019442?position=27,1644019442
29,‡∏û‡∏£‡πâ‡∏≠‡∏°‡∏™‡πà‡∏á ‡∏´‡∏°‡∏π‡∏ô‡∏∏‡πà‡∏°‡∏ô‡∏¥‡πà‡∏° Lala Pig ‡∏´‡∏°‡∏π‡∏ä‡∏°‡∏û‡∏π‡∏¢‡∏∑‡∏î‡∏î‡∏î ‡∏´‡∏î ‡∏ö‡∏µ‡∏ö‡πÑ‡∏î‡πâ ‡∏Ç‡∏≠‡∏á‡πÄ‡∏•‡πà‡∏ô‡∏Ñ‡∏•‡∏≤‡∏¢‡πÄ‡∏Ñ‡∏£‡∏µ‡∏¢‡∏î ‡∏´‡∏°‡∏π‡πÅ‡∏Å‡πâ‡πÄ‡∏Ñ‡∏£‡∏µ‡∏¢‡∏î ‡∏Ç‡∏≠‡∏á‡πÄ‡∏•‡πà‡∏ô‡πÅ‡∏Å‡πâ‡πÄ‡∏ö‡∏∑‡πà‡∏≠ Tiktok,0,‡∏£‡πâ‡∏≤‡∏ô‡πÅ‡∏ô‡∏∞‡∏ô‡∏≥,4.2,9.0,‡∏à‡∏±‡∏á‡∏´‡∏ß‡∏±‡∏î‡∏ô‡∏Ñ‡∏£‡∏®‡∏£‡∏µ‡∏ò‡∏£‡∏£‡∏°‡∏£‡∏≤‡∏ä,https://cf.shopee.co.th/file/4c36a43cef8487991399bbb4adf2b571_tn,https://shopee.co.th//‡∏û‡∏£‡πâ‡∏≠‡∏°‡∏™‡πà‡∏á-‡∏´‡∏°‡∏π‡∏ô‡∏∏‡πà‡∏°‡∏ô‡∏¥‡πà‡∏°-Lala-Pig-‡∏´‡∏°‡∏π‡∏ä‡∏°‡∏û‡∏π‡∏¢‡∏∑‡∏î‡∏î‡∏î-‡∏´‡∏î-‡∏ö‡∏µ‡∏ö‡πÑ‡∏î‡πâ-‡∏Ç‡∏≠‡∏á‡πÄ‡∏•‡πà‡∏ô‡∏Ñ‡∏•‡∏≤‡∏¢‡πÄ‡∏Ñ‡∏£‡∏µ‡∏¢‡∏î-‡∏´‡∏°‡∏π‡πÅ‡∏Å‡πâ‡πÄ‡∏Ñ‡∏£‡∏µ‡∏¢‡∏î-‡∏Ç‡∏≠‡∏á‡πÄ‡∏•‡πà‡∏ô‡πÅ‡∏Å‡πâ‡πÄ‡∏ö‡∏∑‡πà‡∏≠-Tiktok-i.31590376.11615772374?position=28,11615772374
30,‡πÄ‡∏™‡∏∑‡πâ‡∏≠‡∏ß‡∏¥‡πà‡∏á New Year Run 2019 (Strong Pig),0,general,5.0,10.0,‡∏à‡∏±‡∏á‡∏´‡∏ß‡∏±‡∏î‡∏Å‡∏£‡∏∏‡∏á‡πÄ‡∏ó‡∏û‡∏°‡∏´‡∏≤‡∏ô‡∏Ñ‡∏£,https://cf.shopee.co.th/file/65d8d720a125276fc5e158c3501fbf8d_tn,https://shopee.co.th//‡πÄ‡∏™‡∏∑‡πâ‡∏≠‡∏ß‡∏¥‡πà‡∏á-New-Year-Run-2019-(Strong-Pig)-i.186519407.9969451489?position=29,9969451489
31,‡∏Ç‡∏≠‡∏á‡πÄ‡∏•‡πà‡∏ô‡πÄ‡∏î‡πá‡∏Å‡∏ï‡∏∏‡πä‡∏Å‡∏ï‡∏≤ Peppa Pig ‡∏Ç‡∏ô‡∏≤‡∏î 20-50 ‡∏ã‡∏°.,0,general,5.0,12.0,‡∏ï‡πà‡∏≤‡∏á‡∏õ‡∏£‡∏∞‡πÄ‡∏ó‡∏®,https://cf.shopee.co.th/file/8b64945e74eeb01b985e22772860956f_tn,https://shopee.co.th//‡∏Ç‡∏≠‡∏á‡πÄ‡∏•‡πà‡∏ô‡πÄ‡∏î‡πá‡∏Å‡∏ï‡∏∏‡πä‡∏Å‡∏ï‡∏≤-Peppa-Pig-‡∏Ç‡∏ô‡∏≤‡∏î-20-50-‡∏ã‡∏°.-i.163079835.9765149614?position=30,9765149614
32,"Versele-Laga Cavia Complete Guinea Pig Food Vitamin C+, 500g. ‡∏Ñ‡∏≤‡πÄ‡∏ß‡∏µ‡∏¢‡∏Ñ‡∏≠‡∏°‡∏û‡∏•‡∏µ‡∏ó ‡∏≠‡∏≤‡∏´‡∏≤‡∏£‡∏´‡∏ô‡∏π‡πÅ‡∏Å‡∏™‡∏ö‡∏µ‡πâ ‡∏´‡∏ô‡∏π‡∏ï‡∏∞‡πÄ‡∏†‡∏≤ ‡∏Å‡∏¥‡∏ô‡∏ô‡∏µ‡πà‡∏û‡∏¥‡∏Å, 500‡∏Å‡∏£‡∏±‡∏°",0,‡∏£‡πâ‡∏≤‡∏ô‡πÅ‡∏ô‡∏∞‡∏ô‡∏≥,5.0,70.0,‡∏à‡∏±‡∏á‡∏´‡∏ß‡∏±‡∏î‡∏≠‡∏∏‡∏î‡∏£‡∏ò‡∏≤‡∏ô‡∏µ,https://cf.shopee.co.th/file/327ddaa86d713af80b9b04dc0e17630c_tn,https://shopee.co.th//Versele-Laga-Cavia-Complete-Guinea-Pig-Food-Vitamin-C-500g.-‡∏Ñ‡∏≤‡πÄ‡∏ß‡∏µ‡∏¢‡∏Ñ‡∏≠‡∏°‡∏û‡∏•‡∏µ‡∏ó-‡∏≠‡∏≤‡∏´‡∏≤‡∏£‡∏´‡∏ô‡∏π‡πÅ‡∏Å‡∏™‡∏ö‡∏µ‡πâ-‡∏´‡∏ô‡∏π‡∏ï‡∏∞‡πÄ‡∏†‡∏≤-‡∏Å‡∏¥‡∏ô‡∏ô‡∏µ‡πà‡∏û‡∏¥‡∏Å-500‡∏Å‡∏£‡∏±‡∏°-i.18875171.5949011919?position=31,5949011919
33,‡πÄ‡∏Ñ‡∏£‡∏∑‡πà‡∏≠‡∏á‡∏ä‡∏±‡πà‡∏á‡∏ô‡πâ‡∏≥‡∏´‡∏ô‡∏±‡∏Å‡∏î‡∏¥‡∏à‡∏¥‡∏ï‡∏≠‡∏• ‡∏£‡∏±‡∏ö‡∏ô‡πâ‡∏≥‡∏´‡∏ô‡∏±‡∏Å‡πÑ‡∏î‡πâ180kg ‡∏´‡∏°‡∏π‡∏ô‡πà‡∏≤‡∏£‡∏±‡∏Å ‡∏£‡∏∏‡πà‡∏ôPig-Wink ‡∏à‡∏≠LCD,0,‡∏£‡πâ‡∏≤‡∏ô‡πÅ‡∏ô‡∏∞‡∏ô‡∏≥,4.7,113.0,‡∏à‡∏±‡∏á‡∏´‡∏ß‡∏±‡∏î‡∏Å‡∏£‡∏∏‡∏á‡πÄ‡∏ó‡∏û‡∏°‡∏´‡∏≤‡∏ô‡∏Ñ‡∏£,https://cf.shopee.co.th/file/c517f3286cf002886dba37b38342ae08_tn,https://shopee.co.th//‡πÄ‡∏Ñ‡∏£‡∏∑‡πà‡∏≠‡∏á‡∏ä‡∏±‡πà‡∏á‡∏ô‡πâ‡∏≥‡∏´‡∏ô‡∏±‡∏Å‡∏î‡∏¥‡∏à‡∏¥‡∏ï‡∏≠‡∏•-‡∏£‡∏±‡∏ö‡∏ô‡πâ‡∏≥‡∏´‡∏ô‡∏±‡∏Å‡πÑ‡∏î‡πâ180kg-‡∏´‡∏°‡∏π‡∏ô‡πà‡∏≤‡∏£‡∏±‡∏Å-‡∏£‡∏∏‡πà‡∏ôPig-Wink-‡∏à‡∏≠LCD-i.146833653.4468241090?position=32,4468241090
34,Peppa Pig ‡∏´‡∏ô‡∏±‡∏á‡∏™‡∏∑‡∏≠‡πÄ‡∏Ç‡∏µ‡∏¢‡∏ô‡πÅ‡∏•‡πâ‡∏ß‡∏•‡∏ö‡πÑ‡∏î‡πâ Wipe-Clean ‡∏ö‡∏≠‡∏Å‡πÄ‡∏ß‡∏•‡∏≤ Telling the Time ‡πÄ‡∏£‡∏µ‡∏¢‡∏ô‡∏£‡∏π‡πâ‡∏™‡∏≠‡∏á‡∏†‡∏≤‡∏©‡∏≤ ‡πÑ‡∏ó‡∏¢-‡∏≠‡∏±‡∏á‡∏Å‡∏§‡∏©,0,‡∏£‡πâ‡∏≤‡∏ô‡πÅ‡∏ô‡∏∞‡∏ô‡∏≥,4.8333,18.0,‡∏à‡∏±‡∏á‡∏´‡∏ß‡∏±‡∏î‡∏Å‡∏£‡∏∏‡∏á‡πÄ‡∏ó‡∏û‡∏°‡∏´‡∏≤‡∏ô‡∏Ñ‡∏£,https://cf.shopee.co.th/file/8045596166f6f0303cde4443c12f6cdf_tn,https://shopee.co.th//Peppa-Pig-‡∏´‡∏ô‡∏±‡∏á‡∏™‡∏∑‡∏≠‡πÄ‡∏Ç‡∏µ‡∏¢‡∏ô‡πÅ‡∏•‡πâ‡∏ß‡∏•‡∏ö‡πÑ‡∏î‡πâ-Wipe-Clean-‡∏ö‡∏≠‡∏Å‡πÄ‡∏ß‡∏•‡∏≤-Telling-the-Time-‡πÄ‡∏£‡∏µ‡∏¢‡∏ô‡∏£‡∏π‡πâ‡∏™‡∏≠‡∏á‡∏†‡∏≤‡∏©‡∏≤-‡πÑ‡∏ó‡∏¢-‡∏≠‡∏±‡∏á‡∏Å‡∏§‡∏©-i.173337429.4554139750?position=33,4554139750
35,‡πÄ‡∏™‡∏∑‡πâ‡∏≠‡∏¢‡∏∑‡∏î‡πÄ‡∏î‡πá‡∏Å ‡πÅ‡∏Ç‡∏ô‡∏™‡∏±‡πâ‡∏ô ‡∏ú‡πâ‡∏≤‡∏ù‡πâ‡∏≤‡∏¢ ‡∏£‡∏∞‡∏ö‡∏≤‡∏¢‡∏≠‡∏≤‡∏Å‡∏≤‡∏® ‡∏•‡∏≤‡∏¢‡∏Å‡∏≤‡∏£‡πå‡∏ï‡∏π‡∏ô Peppa Pig 6 ‡∏™‡∏µ,0,‡∏£‡πâ‡∏≤‡∏ô‡πÅ‡∏ô‡∏∞‡∏ô‡∏≥,4.8472,212.0,‡∏ï‡πà‡∏≤‡∏á‡∏õ‡∏£‡∏∞‡πÄ‡∏ó‡∏®,https://cf.shopee.co.th/file/02670313ca3e571bd1d2a39945ae840e_tn,https://shopee.co.th//‡πÄ‡∏™‡∏∑‡πâ‡∏≠‡∏¢‡∏∑‡∏î‡πÄ‡∏î‡πá‡∏Å-‡πÅ‡∏Ç‡∏ô‡∏™‡∏±‡πâ‡∏ô-‡∏ú‡πâ‡∏≤‡∏ù‡πâ‡∏≤‡∏¢-‡∏£‡∏∞‡∏ö‡∏≤‡∏¢‡∏≠‡∏≤‡∏Å‡∏≤‡∏®-‡∏•‡∏≤‡∏¢‡∏Å‡∏≤‡∏£‡πå‡∏ï‡∏π‡∏ô-Peppa-Pig-6-‡∏™‡∏µ-i.250860763.7533529082?position=34,7533529082
36,Ikxrm Pm 2 . 5 ‡∏´‡∏ô‡πâ‡∏≤‡∏Å‡∏≤‡∏Å‡∏Å‡∏±‡∏ô‡∏ù‡∏∏‡πà‡∏ô‡∏•‡∏≤‡∏¢‡∏Å‡∏≤‡∏£‡πå‡∏ï‡∏π‡∏ô Peppa Pig ‡∏™‡πç‡∏≤‡∏´‡∏£‡∏±‡∏ö‡πÄ‡∏î‡πá‡∏Å,0,general,5.0,12.0,‡∏ï‡πà‡∏≤‡∏á‡∏õ‡∏£‡∏∞‡πÄ‡∏ó‡∏®,no image,https://shopee.co.th//Ikxrm-Pm-2-.-5-‡∏´‡∏ô‡πâ‡∏≤‡∏Å‡∏≤‡∏Å‡∏Å‡∏±‡∏ô‡∏ù‡∏∏‡πà‡∏ô‡∏•‡∏≤‡∏¢‡∏Å‡∏≤‡∏£‡πå‡∏ï‡∏π‡∏ô-Peppa-Pig-‡∏™‡πç‡∏≤‡∏´‡∏£‡∏±‡∏ö‡πÄ‡∏î‡πá‡∏Å-i.310485751.8536763923?position=35,8536763923
37,Peppa Pig ‡∏™‡∏ô‡∏∏‡∏Å‡∏™‡∏ô‡∏≤‡∏ô‡∏´‡∏ô‡πâ‡∏≤‡∏£‡πâ‡∏≠‡∏ô! Summer Fun! ‡∏´‡∏ô‡∏±‡∏á‡∏™‡∏∑‡∏≠‡∏Å‡∏¥‡∏à‡∏Å‡∏£‡∏£‡∏°+ ‡∏™‡∏ï‡∏¥‡πä‡∏Å‡πÄ‡∏Å‡∏≠‡∏£‡πå,0,‡∏£‡πâ‡∏≤‡∏ô‡πÅ‡∏ô‡∏∞‡∏ô‡∏≥,4.8333,40.0,‡∏à‡∏±‡∏á‡∏´‡∏ß‡∏±‡∏î‡∏Å‡∏£‡∏∏‡∏á‡πÄ‡∏ó‡∏û‡∏°‡∏´‡∏≤‡∏ô‡∏Ñ‡∏£,no image,https://shopee.co.th//Peppa-Pig-‡∏™‡∏ô‡∏∏‡∏Å‡∏™‡∏ô‡∏≤‡∏ô‡∏´‡∏ô‡πâ‡∏≤‡∏£‡πâ‡∏≠‡∏ô!-Summer-Fun!-‡∏´‡∏ô‡∏±‡∏á‡∏™‡∏∑‡∏≠‡∏Å‡∏¥‡∏à‡∏Å‡∏£‡∏£‡∏°-‡∏™‡∏ï‡∏¥‡πä‡∏Å‡πÄ‡∏Å‡∏≠‡∏£‡πå-i.173337429.2779578531?position=36,2779578531
38,Lovely Pink Pig White Cat Airpods Case for Apple Wireless Headphones Protector Soft Cover,0,‡∏£‡πâ‡∏≤‡∏ô‡πÅ‡∏ô‡∏∞‡∏ô‡∏≥,4.7745,187.0,‡∏ï‡πà‡∏≤‡∏á‡∏õ‡∏£‡∏∞‡πÄ‡∏ó‡∏®,no image,https://shopee.co.th//Lovely-Pink-Pig-White-Cat-Airpods-Case-for-Apple-Wireless-Headphones-Protector-Soft-Cover-i.146293165.2426884329?position=37,2426884329
39,Pig weighing scale ‡πÄ‡∏Ñ‡∏£‡∏∑‡πà‡∏≠‡∏á‡∏ä‡∏±‡πà‡∏á‡∏ô‡πâ‡∏≥‡∏´‡∏ô‡∏±‡∏Å‡∏î‡∏¥‡∏à‡∏¥‡∏ï‡∏≠‡∏• ‡∏•‡∏≤‡∏¢‡∏´‡∏°‡∏π ‡∏Å‡∏£‡∏∞‡∏à‡∏Å‡πÉ‡∏™ ‡πÅ‡∏™‡∏î‡∏á‡∏ú‡∏•‡∏´‡∏ô‡πâ‡∏≤‡∏à‡∏≠LCD,0,‡∏£‡πâ‡∏≤‡∏ô‡πÅ‡∏ô‡∏∞‡∏ô‡∏≥,4.5882,96.0,‡∏à‡∏±‡∏á‡∏´‡∏ß‡∏±‡∏î‡∏Å‡∏£‡∏∏‡∏á‡πÄ‡∏ó‡∏û‡∏°‡∏´‡∏≤‡∏ô‡∏Ñ‡∏£,no image,https://shopee.co.th//Pig-weighing-scale-‡πÄ‡∏Ñ‡∏£‡∏∑‡πà‡∏≠‡∏á‡∏ä‡∏±‡πà‡∏á‡∏ô‡πâ‡∏≥‡∏´‡∏ô‡∏±‡∏Å‡∏î‡∏¥‡∏à‡∏¥‡∏ï‡∏≠‡∏•-‡∏•‡∏≤‡∏¢‡∏´‡∏°‡∏π-‡∏Å‡∏£‡∏∞‡∏à‡∏Å‡πÉ‡∏™-‡πÅ‡∏™‡∏î‡∏á‡∏ú‡∏•‡∏´‡∏ô‡πâ‡∏≤‡∏à‡∏≠LCD-i.147312060.6122373340?position=38,6122373340
40,‡∏Å‡∏¥‡πä‡∏ö‡∏ï‡∏¥‡∏î‡∏ú‡∏° Peppa Pig ‡πÅ‡∏ö‡∏ö‡∏´‡∏ô‡∏µ‡∏ö,0,general,5.0,66.0,‡∏à‡∏±‡∏á‡∏´‡∏ß‡∏±‡∏î‡∏Å‡∏£‡∏∏‡∏á‡πÄ‡∏ó‡∏û‡∏°‡∏´‡∏≤‡∏ô‡∏Ñ‡∏£,no image,https://shopee.co.th//‡∏Å‡∏¥‡πä‡∏ö‡∏ï‡∏¥‡∏î‡∏ú‡∏°-Peppa-Pig-‡πÅ‡∏ö‡∏ö‡∏´‡∏ô‡∏µ‡∏ö-i.5373692.124424810?position=39,124424810
41,Peppa Pig ‡∏´‡∏ô‡∏±‡∏á‡∏™‡∏∑‡∏≠‡∏™‡∏ï‡∏¥‡πä‡∏Å‡πÄ‡∏Å‡∏≠‡∏£‡πå STICKERS Activity Book ‡∏™‡∏∏‡∏î‡∏¢‡∏≠‡∏î SUPER ‡∏™‡∏∏‡∏î‡πÄ‡∏à‡πã‡∏á COOL ‡∏™‡∏∏‡∏î‡∏™‡∏ô‡∏∏‡∏Å FUN ‡∏™‡∏∏‡∏î‡∏û‡∏¥‡πÄ‡∏®‡∏© SPECIAL,0,‡∏£‡πâ‡∏≤‡∏ô‡πÅ‡∏ô‡∏∞‡∏ô‡∏≥,5.0,55.0,‡∏à‡∏±‡∏á‡∏´‡∏ß‡∏±‡∏î‡∏Å‡∏£‡∏∏‡∏á‡πÄ‡∏ó‡∏û‡∏°‡∏´‡∏≤‡∏ô‡∏Ñ‡∏£,no image,https://shopee.co.th//Peppa-Pig-‡∏´‡∏ô‡∏±‡∏á‡∏™‡∏∑‡∏≠‡∏™‡∏ï‡∏¥‡πä‡∏Å‡πÄ‡∏Å‡∏≠‡∏£‡πå-STICKERS-Activity-Book-‡∏™‡∏∏‡∏î‡∏¢‡∏≠‡∏î-SUPER-‡∏™‡∏∏‡∏î‡πÄ‡∏à‡πã‡∏á-COOL-‡∏™‡∏∏‡∏î‡∏™‡∏ô‡∏∏‡∏Å-FUN-‡∏™‡∏∏‡∏î‡∏û‡∏¥‡πÄ‡∏®‡∏©-SPECIAL-i.173337429.6553640832?position=40,6553640832
42,üåà ‡∏ã‡∏≠‡∏á‡πÑ‡∏õ‡∏£‡∏©‡∏ì‡∏µ‡∏¢‡πå ‡∏•‡∏≤‡∏¢‡∏Å‡∏≤‡∏£‡πå‡∏ï‡∏π‡∏ô‡∏´‡∏°‡∏π Pepper pig ‡∏™‡∏µ‡∏ä‡∏°‡∏û‡∏π‡∏ô‡πà‡∏≤‡∏£‡∏±‡∏Å‡πÜ üáπüá≠‡∏û‡∏£‡πâ‡∏≠‡∏°‡∏™‡πà‡∏áüáπüá≠,0,‡∏£‡πâ‡∏≤‡∏ô‡πÅ‡∏ô‡∏∞‡∏ô‡∏≥,5.0,63.0,‡∏à‡∏±‡∏á‡∏´‡∏ß‡∏±‡∏î‡∏™‡∏°‡∏∏‡∏ó‡∏£‡∏™‡∏≤‡∏Ñ‡∏£,no image,https://shopee.co.th//üåà-‡∏ã‡∏≠‡∏á‡πÑ‡∏õ‡∏£‡∏©‡∏ì‡∏µ‡∏¢‡πå-‡∏•‡∏≤‡∏¢‡∏Å‡∏≤‡∏£‡πå‡∏ï‡∏π‡∏ô‡∏´‡∏°‡∏π-Pepper-pig-‡∏™‡∏µ‡∏ä‡∏°‡∏û‡∏π‡∏ô‡πà‡∏≤‡∏£‡∏±‡∏Å‡πÜ-üáπüá≠‡∏û‡∏£‡πâ‡∏≠‡∏°‡∏™‡πà‡∏áüáπüá≠-i.179937128.5641027147?position=41,5641027147
43,Hyntoor Pig Pig ‡∏õ‡∏±‡∏î‡πÅ‡∏Å‡πâ‡∏°‡πÄ‡∏ô‡∏∑‡πâ‡∏≠‡∏Ñ‡∏£‡∏µ‡∏°,0,‡∏£‡πâ‡∏≤‡∏ô‡πÅ‡∏ô‡∏∞‡∏ô‡∏≥,5.0,22.0,‡∏à‡∏±‡∏á‡∏´‡∏ß‡∏±‡∏î‡∏Å‡∏£‡∏∏‡∏á‡πÄ‡∏ó‡∏û‡∏°‡∏´‡∏≤‡∏ô‡∏Ñ‡∏£,no image,https://shopee.co.th//Hyntoor-Pig-Pig-‡∏õ‡∏±‡∏î‡πÅ‡∏Å‡πâ‡∏°‡πÄ‡∏ô‡∏∑‡πâ‡∏≠‡∏Ñ‡∏£‡∏µ‡∏°-i.903462.2643231709?position=42,2643231709
44,Mild Care ‡∏ú‡πâ‡∏≤‡∏õ‡∏π‡∏ó‡∏µ‡πà‡∏ô‡∏≠‡∏ô ‡∏Å‡∏±‡∏ô‡∏ô‡πâ‡∏≥ ‡∏Å‡∏±‡∏ô‡πÑ‡∏£‡∏ù‡∏∏‡πà‡∏ô ‡∏Å‡∏±‡∏ô‡∏â‡∏µ‡πà ‡∏Å‡∏±‡∏ô‡πÄ‡∏õ‡∏∑‡πâ‡∏≠‡∏ô 176 Mengmeng pig,0,‡∏£‡πâ‡∏≤‡∏ô‡πÅ‡∏ô‡∏∞‡∏ô‡∏≥,4.9333,32.0,‡∏à‡∏±‡∏á‡∏´‡∏ß‡∏±‡∏î‡πÄ‡∏ä‡∏µ‡∏¢‡∏á‡∏£‡∏≤‡∏¢,no image,https://shopee.co.th//Mild-Care-‡∏ú‡πâ‡∏≤‡∏õ‡∏π‡∏ó‡∏µ‡πà‡∏ô‡∏≠‡∏ô-‡∏Å‡∏±‡∏ô‡∏ô‡πâ‡∏≥-‡∏Å‡∏±‡∏ô‡πÑ‡∏£‡∏ù‡∏∏‡πà‡∏ô-‡∏Å‡∏±‡∏ô‡∏â‡∏µ‡πà-‡∏Å‡∏±‡∏ô‡πÄ‡∏õ‡∏∑‡πâ‡∏≠‡∏ô-176-Mengmeng-pig-i.27838875.1494321823?position=43,1494321823
45,‡∏ñ‡∏≤‡∏î‡∏´‡∏•‡∏∏‡∏° ‡∏ä‡∏≤‡∏° ‡∏ä‡πâ‡∏≠‡∏ô‡∏™‡πâ‡∏≠‡∏° Peppa Pig ‡πÄ‡∏°‡∏•‡∏≤‡∏°‡∏µ‡∏ô‡πÅ‡∏ó‡πâ100% ‡∏ó‡∏£‡∏á‡∏•‡∏∂‡∏Å‡πÉ‡∏™‡πà‡∏ô‡πâ‡∏≥‡∏ã‡∏∏‡∏õ‡πÑ‡∏°‡πà‡∏´‡∏Å‚Äã,0,‡∏£‡πâ‡∏≤‡∏ô‡πÅ‡∏ô‡∏∞‡∏ô‡∏≥,4.875,90.0,‡∏à‡∏±‡∏á‡∏´‡∏ß‡∏±‡∏î‡∏Å‡∏£‡∏∏‡∏á‡πÄ‡∏ó‡∏û‡∏°‡∏´‡∏≤‡∏ô‡∏Ñ‡∏£,no image,https://shopee.co.th//‡∏ñ‡∏≤‡∏î‡∏´‡∏•‡∏∏‡∏°-‡∏ä‡∏≤‡∏°-‡∏ä‡πâ‡∏≠‡∏ô‡∏™‡πâ‡∏≠‡∏°-Peppa-Pig-‡πÄ‡∏°‡∏•‡∏≤‡∏°‡∏µ‡∏ô‡πÅ‡∏ó‡πâ100-‡∏ó‡∏£‡∏á‡∏•‡∏∂‡∏Å‡πÉ‡∏™‡πà‡∏ô‡πâ‡∏≥‡∏ã‡∏∏‡∏õ‡πÑ‡∏°‡πà‡∏´‡∏Å‚Äã-i.1878980.694644551?position=44,694644551
